timestamp,station_id,station_name,city,state,latitude,longitude,altitude_m,temperature_c,pressure_hpa,relative_humidity_pct,source,is_anomaly,anomaly_type,anomaly_subtype,anomaly_severity,fault_parameter,fault_source,ground_truth_reason,hour,day,month,day_of_year,season,is_daytime,temperature_rate_change,pressure_rate_change,humidity_rate_change
2025-01-01 00:00:00,AWS_VAAH,Ahmedabad / Sardar Vallabhbhai Patel Intl,Ahmedabad,Gujarat,23.0772,72.6346,55.0,20.0,1016.93,72.9,NOAA/NWS ASOS via IEM Archive (provided source file),0,NORMAL,,,,,,0,1,1,1,Winter,0,,,
2025-01-01 00:30:00,AWS_VAAH,Ahmedabad / Sardar Vallabhbhai Patel Intl,Ahmedabad,Gujarat,23.0772,72.6346,55.0,19.0,1016.93,77.6,NOAA/NWS ASOS via IEM Archive (provided source file),0,NORMAL,,,,,,0,1,1,1,Winter,0,-1.0,0.0,4.699999999999989
2025-01-01 01:00:00,AWS_VAAH,Ahmedabad / Sardar Vallabhbhai Patel Intl,Ahmedabad,Gujarat,23.0772,72.6346,55.0,18.0,1015.92,77.4,NOAA/NWS ASOS via IEM Archive (provided source file),0,NORMAL,,,,,,1,1,1,1,Winter,0,-1.0,-1.009999999999991,-0.19999999999998863
2025-01-01 01:30:00,AWS_VAAH,Ahmedabad / Sardar Vallabhbhai Patel Intl,Ahmedabad,Gujarat,23.0772,72.6346,55.0,18.0,1015.92,82.6,NOAA/NWS ASOS via IEM Archive (provided source file),0,NORMAL,,,,,,1,1,1,1,Winter,0,0.0,0.0,5.199999999999989
2025-01-01 02:00:00,AWS_VAAH,Ahmedabad / Sardar Vallabhbhai Patel Intl,Ahmedabad,Gujarat,23.0772,72.6346,55.0,17.0,1015.92,82.5,NOAA/NWS ASOS via IEM Archive (provided source file),0,NORMAL,,,,,,2,1,1,1,Winter,0,-1.0,0.0,-0.09999999999999432
2025-01-01 02:30:00,AWS_VAAH,Ahmedabad / Sardar Vallabhbhai Patel Intl,Ahmedabad,Gujarat,23.0772,72.6346,55.0,17.0,1015.92,82.5,NOAA/NWS ASOS via IEM Archive (provided source file),0,NORMAL,,,,,,2,1,1,1,Winter,0,0.0,0.0,0.0
2025-01-01 03:00:00,AWS_VAAH,Ahmedabad / Sardar Vallabhbhai Patel Intl,Ahmedabad,Gujarat,23.0772,72.6346,55.0,17.0,1015.92,82.5,NOAA/NWS ASOS via IEM Archive (provided source file),0,NORMAL,,,,,,3,1,1,1,Winter,0,0.0,0.0,0.0
2025-01-01 03:30:00,AWS_VAAH,Ahmedabad / Sardar Vallabhbhai Patel Intl,Ahmedabad,Gujarat,23.0772,72.6346,55.0,17.0,1014.9,82.5,NOAA/NWS ASOS via IEM Archive (provided source file),0,NORMAL,,,,,,3,1,1,1,Winter,0,0.0,-1.0199999999999818,0.0
2025-01-01 04:00:00,AWS_VAAH,Ahmedabad / Sardar Vallabhbhai Patel Intl,Ahmedabad,Gujarat,23.0772,72.6346,55.0,17.0,1014.9,82.5,NOAA/NWS ASOS via IEM Archive (provided source file),0,NORMAL,,,,,,4,1,1,1,Winter,0,0.0,0.0,0.0
2025-01-01 04:30:00,AWS_VAAH,Ahmedabad / Sardar Vallabhbhai Patel Intl,Ahmedabad,Gujarat,23.0772,72.6346,55.0,17.0,1014.9,77.3,NOAA/NWS ASOS via IEM Archive (provided source file),0,NORMAL,,,,,,4,1,1,1,Winter,0,0.0,0.0,-5.200000000000003
2025-01-01 05:00:00,AWS_VAAH,Ahmedabad / Sardar Vallabhbhai Patel Intl,Ahmedabad,Gujarat,23.0772,72.6346,55.0,17.0,1014.9,77.3,NOAA/NWS ASOS via IEM Archive (provided source file),0,NORMAL,,,,,,5,1,1,1,Winter,0,0.0,0.0,0.0
2025-01-01 06:30:00,AWS_VAAH,Ahmedabad / Sardar Vallabhbhai Patel Intl,Ahmedabad,Gujarat,23.0772,72.6346,55.0,16.0,1014.9,82.4,NOAA/NWS ASOS via IEM Archive (provided source file),0,NORMAL,,,,,,6,1,1,1,Winter,1,-1.0,0.0,5.1000000000000085
2025-01-01 07:00:00,AWS_VAAH,Ahmedabad / Sardar Vallabhbhai Patel Intl,Ahmedabad,Gujarat,23.0772,72.6346,55.0,16.0,1014.9,82.4,NOAA/NWS ASOS via IEM Archive (provided source file),0,NORMAL,,,,,,7,1,1,1,Winter,1,0.0,0.0,0.0
2025-01-01 07:30:00,AWS_VAAH,Ahmedabad / Sardar Vallabhbhai Patel Intl,Ahmedabad,Gujarat,23.0772,72.6346,55.0,16.0,1015.92,82.4,NOAA/NWS ASOS via IEM Archive (provided source file),0,NORMAL,,,,,,7,1,1,1,Winter,1,0.0,1.0199999999999818,0.0
2025-01-01 08:00:00,AWS_VAAH,Ahmedabad / Sardar Vallabhbhai Patel Intl,Ahmedabad,Gujarat,23.0772,72.6346,55.0,16.0,1016.93,82.4,NOAA/NWS ASOS via IEM Archive (provided source file),0,NORMAL,,,,,,8,1,1,1,Winter,1,0.0,1.009999999999991,0.0
2025-01-01 08:30:00,AWS_VAAH,Ahmedabad / Sardar Vallabhbhai Patel Intl,Ahmedabad,Gujarat,23.0772,72.6346,55.0,16.0,1016.93,77.1,NOAA/NWS ASOS via IEM Archive (provided source file),0,NORMAL,,,,,,8,1,1,1,Winter,1,0.0,0.0,-5.300000000000011
2025-01-01 09:00:00,AWS_VAAH,Ahmedabad / Sardar Vallabhbhai Patel Intl,Ahmedabad,Gujarat,23.0772,72.6346,55.0,17.0,1016.93,72.4,NOAA/NWS ASOS via IEM Archive (provided source file),0,NORMAL,,,,,,9,1,1,1,Winter,1,1.0,0.0,-4.699999999999989
2025-01-01 09:30:00,AWS_VAAH,Ahmedabad / Sardar Vallabhbhai Patel Intl,Ahmedabad,Gujarat,23.0772,72.6346,55.0,18.0,1017.95,68.0,NOAA/NWS ASOS via IEM Archive (provided source file),0,NORMAL,,,,,,9,1,1,1,Winter,1,1.0,1.0200000000000955,-4.400000000000006
2025-01-01 10:00:00,AWS_VAAH,Ahmedabad / Sardar Vallabhbhai Patel Intl,Ahmedabad,Gujarat,23.0772,72.6346,55.0,18.0,1017.95,72.6,NOAA/NWS ASOS via IEM Archive (provided source file),0,NORMAL,,,,,,10,1,1,1,Winter,1,0.0,0.0,4.599999999999994
2025-01-01 10:30:00,AWS_VAAH,Ahmedabad / Sardar Vallabhbhai Patel Intl,Ahmedabad,Gujarat,23.0772,72.6346,55.0,20.0,1017.95,64.0,NOAA/NWS ASOS via IEM Archive (provided source file),0,NORMAL,,,,,,10,1,1,1,Winter,1,2.0,0.0,-8.599999999999994
2025-01-01 11:00:00,AWS_VAAH,Ahmedabad / Sardar Vallabhbhai Patel Intl,Ahmedabad,Gujarat,23.0772,72.6346,55.0,21.0,1017.95,64.3,NOAA/NWS ASOS via IEM Archive (provided source file),0,NORMAL,,,,,,11,1,1,1,Winter,1,1.0,0.0,0.29999999999999716
2025-01-01 11:30:00,AWS_VAAH,Ahmedabad / Sardar Vallabhbhai Patel Intl,Ahmedabad,Gujarat,23.0772,72.6346,55.0,22.0,1016.93,60.4,NOAA/NWS ASOS via IEM Archive (provided source file),0,NORMAL,,,,,,11,1,1,1,Winter,1,1.0,-1.0200000000000955,-3.8999999999999986
2025-01-01 12:00:00,AWS_VAAH,Ahmedabad / Sardar Vallabhbhai Patel Intl,Ahmedabad,Gujarat,23.0772,72.6346,55.0,23.0,1016.93,60.7,NOAA/NWS ASOS via IEM Archive (provided source file),0,NORMAL,,,,,,12,1,1,1,Winter,1,1.0,0.0,0.30000000000000426
2025-01-01 12:30:00,AWS_VAAH,Ahmedabad / Sardar Vallabhbhai Patel Intl,Ahmedabad,Gujarat,23.0772,72.6346,55.0,24.0,1015.92,57.1,NOAA/NWS ASOS via IEM Archive (provided source file),0,NORMAL,,,,,,12,1,1,1,Winter,1,1.0,-1.009999999999991,-3.6000000000000014
2025-01-01 13:00:00,AWS_VAAH,Ahmedabad / Sardar Vallabhbhai Patel Intl,Ahmedabad,Gujarat,23.0772,72.6346,55.0,25.0,1015.92,53.8,NOAA/NWS ASOS via IEM Archive (provided source file),0,NORMAL,,,,,,13,1,1,1,Winter,1,1.0,0.0,-3.3000000000000043
2025-01-01 13:30:00,AWS_VAAH,Ahmedabad / Sardar Vallabhbhai Patel Intl,Ahmedabad,Gujarat,23.0772,72.6346,55.0,25.0,1014.9,53.8,NOAA/NWS ASOS via IEM Archive (provided source file),0,NORMAL,,,,,,13,1,1,1,Winter,1,0.0,-1.0199999999999818,0.0
2025-01-01 14:00:00,AWS_VAAH,Ahmedabad / Sardar Vallabhbhai Patel Intl,Ahmedabad,Gujarat,23.0772,72.6346,55.0,25.0,1013.88,53.8,NOAA/NWS ASOS via IEM Archive (provided source file),0,NORMAL,,,,,,14,1,1,1,Winter,1,0.0,-1.0199999999999818,0.0
2025-01-01 14:30:00,AWS_VAAH,Ahmedabad / Sardar Vallabhbhai Patel Intl,Ahmedabad,Gujarat,23.0772,72.6346,55.0,26.0,1013.88,50.7,NOAA/NWS ASOS via IEM Archive (provided source file),0,NORMAL,,,,,,14,1,1,1,Winter,1,1.0,0.0,-3.0999999999999943
2025-01-01 15:00:00,AWS_VAAH,Ahmedabad / Sardar Vallabhbhai Patel Intl,Ahmedabad,Gujarat,23.0772,72.6346,55.0,26.0,1013.88,50.7,NOAA/NWS ASOS via IEM Archive (provided source file),0,NORMAL,,,,,,15,1,1,1,Winter,1,0.0,0.0,0.0
2025-01-01 15:30:00,AWS_VAAH,Ahmedabad / Sardar Vallabhbhai Patel Intl,Ahmedabad,Gujarat,23.0772,72.6346,55.0,27.0,1012.87,44.8,NOAA/NWS ASOS via IEM Archive (provided source file),0,NORMAL,,,,,,15,1,1,1,Winter,1,1.0,-1.009999999999991,-5.900000000000006
2025-01-01 16:00:00,AWS_VAAH,Ahmedabad / Sardar Vallabhbhai Patel Intl,Ahmedabad,Gujarat,23.0772,72.6346,55.0,27.0,1012.87,44.8,NOAA/NWS ASOS via IEM Archive (provided source file),0,NORMAL,,,,,,16,1,1,1,Winter,1,0.0,0.0,0.0
2025-01-01 16:30:00,AWS_VAAH,Ahmedabad / Sardar Vallabhbhai Patel Intl,Ahmedabad,Gujarat,23.0772,72.6346,55.0,26.0,1012.87,47.5,NOAA/NWS ASOS via IEM Archive (provided source file),0,NORMAL,,,,,,16,1,1,1,Winter,1,-1.0,0.0,2.700000000000003
2025-01-01 17:00:00,AWS_VAAH,Ahmedabad / Sardar Vallabhbhai Patel Intl,Ahmedabad,Gujarat,23.0772,72.6346,55.0,26.0,1012.87,47.5,NOAA/NWS ASOS via IEM Archive (provided source file),0,NORMAL,,,,,,17,1,1,1,Winter,1,0.0,0.0,0.0
2025-01-01 17:30:00,AWS_VAAH,Ahmedabad / Sardar Vallabhbhai Patel Intl,Ahmedabad,Gujarat,23.0772,72.6346,55.0,26.0,1012.87,47.5,NOAA/NWS ASOS via IEM Archive (provided source file),0,NORMAL,,,,,,17,1,1,1,Winter,1,0.0,0.0,0.0
2025-01-01 18:00:00,AWS_VAAH,Ahmedabad / Sardar Vallabhbhai Patel Intl,Ahmedabad,Gujarat,23.0772,72.6346,55.0,25.0,1013.88,50.4,NOAA/NWS ASOS via IEM Archive (provided source file),0,NORMAL,,,,,,18,1,1,1,Winter,0,-1.0,1.009999999999991,2.8999999999999986
2025-01-01 18:30:00,AWS_VAAH,Ahmedabad / Sardar Vallabhbhai Patel Intl,Ahmedabad,Gujarat,23.0772,72.6346,55.0,24.0,1013.88,50.2,NOAA/NWS ASOS via IEM Archive (provided source file),0,NORMAL,,,,,,18,1,1,1,Winter,0,-1.0,0.0,-0.19999999999999574
2025-01-01 19:00:00,AWS_VAAH,Ahmedabad / Sardar Vallabhbhai Patel Intl,Ahmedabad,Gujarat,23.0772,72.6346,55.0,23.0,1013.88,53.3,NOAA/NWS ASOS via IEM Archive (provided source file),0,NORMAL,,,,,,19,1,1,1,Winter,0,-1.0,0.0,3.0999999999999943
2025-01-01 19:30:00,AWS_VAAH,Ahmedabad / Sardar Vallabhbhai Patel Intl,Ahmedabad,Gujarat,23.0772,72.6346,55.0,22.0,1014.9,56.6,NOAA/NWS ASOS via IEM Archive (provided source file),0,NORMAL,,,,,,19,1,1,1,Winter,0,-1.0,1.0199999999999818,3.3000000000000043
2025-01-01 20:00:00,AWS_VAAH,Ahmedabad / Sardar Vallabhbhai Patel Intl,Ahmedabad,Gujarat,23.0772,72.6346,55.0,21.0,1014.9,64.3,NOAA/NWS ASOS via IEM Archive (provided source file),0,NORMAL,,,,,,20,1,1,1,Winter,0,-1.0,0.0,7.699999999999996
2025-01-01 20:30:00,AWS_VAAH,Ahmedabad / Sardar Vallabhbhai Patel Intl,Ahmedabad,Gujarat,23.0772,72.6346,55.0,21.0,1014.9,60.2,NOAA/NWS ASOS via IEM Archive (provided source file),0,NORMAL,,,,,,20,1,1,1,Winter,0,0.0,0.0,-4.099999999999994
2025-01-01 21:00:00,AWS_VAAH,Ahmedabad / Sardar Vallabhbhai Patel Intl,Ahmedabad,Gujarat,23.0772,72.6346,55.0,21.0,1015.92,64.3,NOAA/NWS ASOS via IEM Archive (provided source file),0,NORMAL,,,,,,21,1,1,1,Winter,0,0.0,1.0199999999999818,4.099999999999994
2025-01-01 21:30:00,AWS_VAAH,Ahmedabad / Sardar Vallabhbhai Patel Intl,Ahmedabad,Gujarat,23.0772,72.6346,55.0,21.0,1015.92,60.2,NOAA/NWS ASOS via IEM Archive (provided source file),0,NORMAL,,,,,,21,1,1,1,Winter,0,0.0,0.0,-4.099999999999994
2025-01-01 22:00:00,AWS_VAAH,Ahmedabad / Sardar Vallabhbhai Patel Intl,Ahmedabad,Gujarat,23.0772,72.6346,55.0,21.0,1015.92,49.4,NOAA/NWS ASOS via IEM Archive (provided source file),0,NORMAL,,,,,,22,1,1,1,Winter,0,0.0,0.0,-10.800000000000004
2025-01-01 22:30:00,AWS_VAAH,Ahmedabad / Sardar Vallabhbhai Patel Intl,Ahmedabad,Gujarat,23.0772,72.6346,55.0,20.0,1015.92,52.5,NOAA/NWS ASOS via IEM Archive (provided source file),0,NORMAL,,,,,,22,1,1,1,Winter,0,-1.0,0.0,3.1000000000000014
2025-01-01 23:00:00,AWS_VAAH,Ahmedabad / Sardar Vallabhbhai Patel Intl,Ahmedabad,Gujarat,23.0772,72.6346,55.0,20.0,1015.92,52.5,NOAA/NWS ASOS via IEM Archive (provided source file),0,NORMAL,,,,,,23,1,1,1,Winter,0,0.0,0.0,0.0
2025-01-01 23:30:00,AWS_VAAH,Ahmedabad / Sardar Vallabhbhai Patel Intl,Ahmedabad,Gujarat,23.0772,72.6346,55.0,19.0,1015.92,59.7,NOAA/NWS ASOS via IEM Archive (provided source file),0,NORMAL,,,,,,23,1,1,1,Winter,0,-1.0,0.0,7.200000000000003
2025-01-02 00:00:00,AWS_VAAH,Ahmedabad / Sardar Vallabhbhai Patel Intl,Ahmedabad,Gujarat,23.0772,72.6346,55.0,19.0,1015.92,59.7,NOAA/NWS ASOS via IEM Archive (provided source file),0,NORMAL,,,,,,0,2,1,2,Winter,0,0.0,0.0,0.0
2025-01-02 00:30:00,AWS_VAAH,Ahmedabad / Sardar Vallabhbhai Patel Intl,Ahmedabad,Gujarat,23.0772,72.6346,55.0,19.0,1015.92,59.7,NOAA/NWS ASOS via IEM Archive (provided source file),0,NORMAL,,,,,,0,2,1,2,Winter,0,0.0,0.0,0.0
2025-01-02 01:00:00,AWS_VAAH,Ahmedabad / Sardar Vallabhbhai Patel Intl,Ahmedabad,Gujarat,23.0772,72.6346,55.0,18.0,1015.92,63.6,NOAA/NWS ASOS via IEM Archive (provided source file),0,NORMAL,,,,,,1,2,1,2,Winter,0,-1.0,0.0,3.8999999999999986
2025-01-02 01:30:00,AWS_VAAH,Ahmedabad / Sardar Vallabhbhai Patel Intl,Ahmedabad,Gujarat,23.0772,72.6346,55.0,18.0,1014.9,63.6,NOAA/NWS ASOS via IEM Archive (provided source file),0,NORMAL,,,,,,1,2,1,2,Winter,0,0.0,-1.0199999999999818,0.0
2025-01-02 02:00:00,AWS_VAAH,Ahmedabad / Sardar Vallabhbhai Patel Intl,Ahmedabad,Gujarat,23.0772,72.6346,55.0,18.0,1014.9,63.6,NOAA/NWS ASOS via IEM Archive (provided source file),0,NORMAL,,,,,,2,2,1,2,Winter,0,0.0,0.0,0.0
2025-01-02 02:30:00,AWS_VAAH,Ahmedabad / Sardar Vallabhbhai Patel Intl,Ahmedabad,Gujarat,23.0772,72.6346,55.0,18.0,1014.9,63.6,NOAA/NWS ASOS via IEM Archive (provided source file),0,NORMAL,,,,,,2,2,1,2,Winter,0,0.0,0.0,0.0
2025-01-02 03:00:00,AWS_VAAH,Ahmedabad / Sardar Vallabhbhai Patel Intl,Ahmedabad,Gujarat,23.0772,72.6346,55.0,18.0,1014.9,68.0,NOAA/NWS ASOS via IEM Archive (provided source file),0,NORMAL,,,,,,3,2,1,2,Winter,0,0.0,0.0,4.399999999999999
2025-01-02 03:30:00,AWS_VAAH,Ahmedabad / Sardar Vallabhbhai Patel Intl,Ahmedabad,Gujarat,23.0772,72.6346,55.0,17.0,1014.9,72.4,NOAA/NWS ASOS via IEM Archive (provided source file),0,NORMAL,,,,,,3,2,1,2,Winter,0,-1.0,0.0,4.400000000000006
2025-01-02 04:00:00,AWS_VAAH,Ahmedabad / Sardar Vallabhbhai Patel Intl,Ahmedabad,Gujarat,23.0772,72.6346,55.0,17.0,1014.9,72.4,NOAA/NWS ASOS via IEM Archive (provided source file),0,NORMAL,,,,,,4,2,1,2,Winter,0,0.0,0.0,0.0
2025-01-02 04:30:00,AWS_VAAH,Ahmedabad / Sardar Vallabhbhai Patel Intl,Ahmedabad,Gujarat,23.0772,72.6346,55.0,16.0,1013.88,72.2,NOAA/NWS ASOS via IEM Archive (provided source file),0,NORMAL,,,,,,4,2,1,2,Winter,0,-1.0,-1.0199999999999818,-0.20000000000000284
2025-01-02 05:00:00,AWS_VAAH,Ahmedabad / Sardar Vallabhbhai Patel Intl,Ahmedabad,Gujarat,23.0772,72.6346,55.0,16.0,1014.9,72.2,NOAA/NWS ASOS via IEM Archive (provided source file),0,NORMAL,,,,,,5,2,1,2,Winter,0,0.0,1.0199999999999818,0.0
2025-01-02 05:30:00,AWS_VAAH,Ahmedabad / Sardar Vallabhbhai Patel Intl,Ahmedabad,Gujarat,23.0772,72.6346,55.0,16.0,1014.9,67.5,NOAA/NWS ASOS via IEM Archive (provided source file),0,NORMAL,,,,,,5,2,1,2,Winter,0,0.0,0.0,-4.700000000000003
2025-01-02 06:00:00,AWS_VAAH,Ahmedabad / Sardar Vallabhbhai Patel Intl,Ahmedabad,Gujarat,23.0772,72.6346,55.0,16.0,1014.9,67.5,NOAA/NWS ASOS via IEM Archive (provided source file),0,NORMAL,,,,,,6,2,1,2,Winter,1,0.0,0.0,0.0
2025-01-02 06:30:00,AWS_VAAH,Ahmedabad / Sardar Vallabhbhai Patel Intl,Ahmedabad,Gujarat,23.0772,72.6346,55.0,15.0,1014.9,67.3,NOAA/NWS ASOS via IEM Archive (provided source file),0,NORMAL,,,,,,6,2,1,2,Winter,1,-1.0,0.0,-0.20000000000000284
2025-01-02 07:00:00,AWS_VAAH,Ahmedabad / Sardar Vallabhbhai Patel Intl,Ahmedabad,Gujarat,23.0772,72.6346,55.0,15.0,1015.92,67.3,NOAA/NWS ASOS via IEM Archive (provided source file),0,NORMAL,,,,,,7,2,1,2,Winter,1,0.0,1.0199999999999818,0.0
2025-01-02 07:30:00,AWS_VAAH,Ahmedabad / Sardar Vallabhbhai Patel Intl,Ahmedabad,Gujarat,23.0772,72.6346,55.0,15.0,1015.92,67.3,NOAA/NWS ASOS via IEM Archive (provided source file),0,NORMAL,,,,,,7,2,1,2,Winter,1,0.0,0.0,0.0
2025-01-02 08:00:00,AWS_VAAH,Ahmedabad / Sardar Vallabhbhai Patel Intl,Ahmedabad,Gujarat,23.0772,72.6346,55.0,16.0,1015.92,67.5,NOAA/NWS ASOS via IEM Archive (provided source file),0,NORMAL,,,,,,8,2,1,2,Winter,1,1.0,0.0,0.20000000000000284
2025-01-02 08:30:00,AWS_VAAH,Ahmedabad / Sardar Vallabhbhai Patel Intl,Ahmedabad,Gujarat,23.0772,72.6346,55.0,17.0,1016.93,59.3,NOAA/NWS ASOS via IEM Archive (provided source file),0,NORMAL,,,,,,8,2,1,2,Winter,1,1.0,1.009999999999991,-8.200000000000003
2025-01-02 09:00:00,AWS_VAAH,Ahmedabad / Sardar Vallabhbhai Patel Intl,Ahmedabad,Gujarat,23.0772,72.6346,55.0,18.0,1016.93,59.5,NOAA/NWS ASOS via IEM Archive (provided source file),0,NORMAL,,,,,,9,2,1,2,Winter,1,1.0,0.0,0.20000000000000284
2025-01-02 09:30:00,AWS_VAAH,Ahmedabad / Sardar Vallabhbhai Patel Intl,Ahmedabad,Gujarat,23.0772,72.6346,55.0,19.0,1017.95,59.7,NOAA/NWS ASOS via IEM Archive (provided source file),0,NORMAL,,,,,,9,2,1,2,Winter,1,1.0,1.0200000000000955,0.20000000000000284
2025-01-02 10:00:00,AWS_VAAH,Ahmedabad / Sardar Vallabhbhai Patel Intl,Ahmedabad,Gujarat,23.0772,72.6346,55.0,20.0,1017.95,56.1,NOAA/NWS ASOS via IEM Archive (provided source file),0,NORMAL,,,,,,10,2,1,2,Winter,1,1.0,0.0,-3.6000000000000014
2025-01-02 10:30:00,AWS_VAAH,Ahmedabad / Sardar Vallabhbhai Patel Intl,Ahmedabad,Gujarat,23.0772,72.6346,55.0,21.0,1017.95,56.4,NOAA/NWS ASOS via IEM Archive (provided source file),0,NORMAL,,,,,,10,2,1,2,Winter,1,1.0,0.0,0.29999999999999716
2025-01-02 11:00:00,AWS_VAAH,Ahmedabad / Sardar Vallabhbhai Patel Intl,Ahmedabad,Gujarat,23.0772,72.6346,55.0,22.0,1017.95,53.0,NOAA/NWS ASOS via IEM Archive (provided source file),0,NORMAL,,,,,,11,2,1,2,Winter,1,1.0,0.0,-3.3999999999999986
2025-01-02 11:30:00,AWS_VAAH,Ahmedabad / Sardar Vallabhbhai Patel Intl,Ahmedabad,Gujarat,23.0772,72.6346,55.0,24.0,1016.93,50.2,NOAA/NWS ASOS via IEM Archive (provided source file),0,NORMAL,,,,,,11,2,1,2,Winter,1,2.0,-1.0200000000000955,-2.799999999999997
2025-01-02 12:00:00,AWS_VAAH,Ahmedabad / Sardar Vallabhbhai Patel Intl,Ahmedabad,Gujarat,23.0772,72.6346,55.0,25.0,1016.93,50.4,NOAA/NWS ASOS via IEM Archive (provided source file),0,NORMAL,,,,,,12,2,1,2,Winter,1,1.0,0.0,0.19999999999999574
2025-01-02 12:30:00,AWS_VAAH,Ahmedabad / Sardar Vallabhbhai Patel Intl,Ahmedabad,Gujarat,23.0772,72.6346,55.0,25.0,1015.92,47.2,NOAA/NWS ASOS via IEM Archive (provided source file),0,NORMAL,,,,,,12,2,1,2,Winter,1,0.0,-1.009999999999991,-3.1999999999999957
2025-01-02 13:00:00,AWS_VAAH,Ahmedabad / Sardar Vallabhbhai Patel Intl,Ahmedabad,Gujarat,23.0772,72.6346,55.0,26.0,1014.9,44.5,NOAA/NWS ASOS via IEM Archive (provided source file),0,NORMAL,,,,,,13,2,1,2,Winter,1,1.0,-1.0199999999999818,-2.700000000000003
2025-01-02 13:30:00,AWS_VAAH,Ahmedabad / Sardar Vallabhbhai Patel Intl,Ahmedabad,Gujarat,23.0772,72.6346,55.0,27.0,1014.9,44.8,NOAA/NWS ASOS via IEM Archive (provided source file),0,NORMAL,,,,,,13,2,1,2,Winter,1,1.0,0.0,0.29999999999999716
2025-01-02 14:00:00,AWS_VAAH,Ahmedabad / Sardar Vallabhbhai Patel Intl,Ahmedabad,Gujarat,23.0772,72.6346,55.0,28.0,1013.88,42.2,NOAA/NWS ASOS via IEM Archive (provided source file),0,NORMAL,,,,,,14,2,1,2,Winter,1,1.0,-1.0199999999999818,-2.5999999999999943
2025-01-02 14:30:00,AWS_VAAH,Ahmedabad / Sardar Vallabhbhai Patel Intl,Ahmedabad,Gujarat,23.0772,72.6346,55.0,28.0,1013.88,42.2,NOAA/NWS ASOS via IEM Archive (provided source file),0,NORMAL,,,,,,14,2,1,2,Winter,1,0.0,0.0,0.0
2025-01-02 15:00:00,AWS_VAAH,Ahmedabad / Sardar Vallabhbhai Patel Intl,Ahmedabad,Gujarat,23.0772,72.6346,55.0,29.0,1012.87,39.9,NOAA/NWS ASOS via IEM Archive (provided source file),0,NORMAL,,,,,,15,2,1,2,Winter,1,1.0,-1.009999999999991,-2.3000000000000043
2025-01-02 15:30:00,AWS_VAAH,Ahmedabad / Sardar Vallabhbhai Patel Intl,Ahmedabad,Gujarat,23.0772,72.6346,55.0,29.0,1012.87,39.9,NOAA/NWS ASOS via IEM Archive (provided source file),0,NORMAL,,,,,,15,2,1,2,Winter,1,0.0,0.0,0.0
2025-01-02 16:00:00,AWS_VAAH,Ahmedabad / Sardar Vallabhbhai Patel Intl,Ahmedabad,Gujarat,23.0772,72.6346,55.0,29.0,1012.87,42.5,NOAA/NWS ASOS via IEM Archive (provided source file),0,NORMAL,,,,,,16,2,1,2,Winter,1,0.0,0.0,2.6000000000000014
2025-01-02 16:30:00,AWS_VAAH,Ahmedabad / Sardar Vallabhbhai Patel Intl,Ahmedabad,Gujarat,23.0772,72.6346,55.0,28.0,1012.87,45.1,NOAA/NWS ASOS via IEM Archive (provided source file),0,NORMAL,,,,,,16,2,1,2,Winter,1,-1.0,0.0,2.6000000000000014
2025-01-02 17:00:00,AWS_VAAH,Ahmedabad / Sardar Vallabhbhai Patel Intl,Ahmedabad,Gujarat,23.0772,72.6346,55.0,28.0,1012.87,45.1,NOAA/NWS ASOS via IEM Archive (provided source file),0,NORMAL,,,,,,17,2,1,2,Winter,1,0.0,0.0,0.0
2025-01-02 17:30:00,AWS_VAAH,Ahmedabad / Sardar Vallabhbhai Patel Intl,Ahmedabad,Gujarat,23.0772,72.6346,55.0,28.0,1012.87,48.0,NOAA/NWS ASOS via IEM Archive (provided source file),0,NORMAL,,,,,,17,2,1,2,Winter,1,0.0,0.0,2.8999999999999986
2025-01-02 18:00:00,AWS_VAAH,Ahmedabad / Sardar Vallabhbhai Patel Intl,Ahmedabad,Gujarat,23.0772,72.6346,55.0,26.0,1013.88,50.7,NOAA/NWS ASOS via IEM Archive (provided source file),0,NORMAL,,,,,,18,2,1,2,Winter,0,-2.0,1.009999999999991,2.700000000000003
2025-01-02 18:30:00,AWS_VAAH,Ahmedabad / Sardar Vallabhbhai Patel Intl,Ahmedabad,Gujarat,23.0772,72.6346,55.0,26.0,1013.88,50.7,NOAA/NWS ASOS via IEM Archive (provided source file),0,NORMAL,,,,,,18,2,1,2,Winter,0,0.0,0.0,0.0
2025-01-02 19:00:00,AWS_VAAH,Ahmedabad / Sardar Vallabhbhai Patel Intl,Ahmedabad,Gujarat,23.0772,72.6346,55.0,25.0,1013.88,53.8,NOAA/NWS ASOS via IEM Archive (provided source file),0,NORMAL,,,,,,19,2,1,2,Winter,0,-1.0,0.0,3.0999999999999943
2025-01-02 19:30:00,AWS_VAAH,Ahmedabad / Sardar Vallabhbhai Patel Intl,Ahmedabad,Gujarat,23.0772,72.6346,55.0,25.0,1014.9,50.4,NOAA/NWS ASOS via IEM Archive (provided source file),0,NORMAL,,,,,,19,2,1,2,Winter,0,0.0,1.0199999999999818,-3.3999999999999986
2025-01-02 20:00:00,AWS_VAAH,Ahmedabad / Sardar Vallabhbhai Patel Intl,Ahmedabad,Gujarat,23.0772,72.6346,55.0,24.0,1014.9,53.6,NOAA/NWS ASOS via IEM Archive (provided source file),0,NORMAL,,,,,,20,2,1,2,Winter,0,-1.0,0.0,3.200000000000003
2025-01-02 20:30:00,AWS_VAAH,Ahmedabad / Sardar Vallabhbhai Patel Intl,Ahmedabad,Gujarat,23.0772,72.6346,55.0,22.0,1014.9,60.4,NOAA/NWS ASOS via IEM Archive (provided source file),0,NORMAL,,,,,,20,2,1,2,Winter,0,-2.0,0.0,6.799999999999997
2025-01-02 21:00:00,AWS_VAAH,Ahmedabad / Sardar Vallabhbhai Patel Intl,Ahmedabad,Gujarat,23.0772,72.6346,55.0,22.0,1015.92,60.4,NOAA/NWS ASOS via IEM Archive (provided source file),0,NORMAL,,,,,,21,2,1,2,Winter,0,0.0,1.0199999999999818,0.0
2025-01-02 21:30:00,AWS_VAAH,Ahmedabad / Sardar Vallabhbhai Patel Intl,Ahmedabad,Gujarat,23.0772,72.6346,55.0,20.0,1015.92,72.9,NOAA/NWS ASOS via IEM Archive (provided source file),0,NORMAL,,,,,,21,2,1,2,Winter,0,-2.0,0.0,12.500000000000007
2025-01-02 22:00:00,AWS_VAAH,Ahmedabad / Sardar Vallabhbhai Patel Intl,Ahmedabad,Gujarat,23.0772,72.6346,55.0,20.0,1015.92,72.9,NOAA/NWS ASOS via IEM Archive (provided source file),0,NORMAL,,,,,,22,2,1,2,Winter,0,0.0,0.0,0.0
2025-01-02 22:30:00,AWS_VAAH,Ahmedabad / Sardar Vallabhbhai Patel Intl,Ahmedabad,Gujarat,23.0772,72.6346,55.0,20.0,1015.92,68.4,NOAA/NWS ASOS via IEM Archive (provided source file),0,NORMAL,,,,,,22,2,1,2,Winter,0,0.0,0.0,-4.5
2025-01-02 23:00:00,AWS_VAAH,Ahmedabad / Sardar Vallabhbhai Patel Intl,Ahmedabad,Gujarat,23.0772,72.6346,55.0,19.0,1015.92,72.7,NOAA/NWS ASOS via IEM Archive (provided source file),0,NORMAL,,,,,,23,2,1,2,Winter,0,-1.0,0.0,4.299999999999997
2025-01-02 23:30:00,AWS_VAAH,Ahmedabad / Sardar Vallabhbhai Patel Intl,Ahmedabad,Gujarat,23.0772,72.6346,55.0,20.0,1015.92,60.0,NOAA/NWS ASOS via IEM Archive (provided source file),0,NORMAL,,,,,,23,2,1,2,Winter,0,1.0,0.0,-12.700000000000003
2025-01-03 00:00:00,AWS_VAAH,Ahmedabad / Sardar Vallabhbhai Patel Intl,Ahmedabad,Gujarat,23.0772,72.6346,55.0,20.0,1014.9,52.5,NOAA/NWS ASOS via IEM Archive (provided source file),0,NORMAL,,,,,,0,3,1,3,Winter,0,0.0,-1.0199999999999818,-7.5
2025-01-03 00:30:00,AWS_VAAH,Ahmedabad / Sardar Vallabhbhai Patel Intl,Ahmedabad,Gujarat,23.0772,72.6346,55.0,19.0,1014.9,55.9,NOAA/NWS ASOS via IEM Archive (provided source file),0,NORMAL,,,,,,0,3,1,3,Winter,0,-1.0,0.0,3.3999999999999986
2025-01-03 01:00:00,AWS_VAAH,Ahmedabad / Sardar Vallabhbhai Patel Intl,Ahmedabad,Gujarat,23.0772,72.6346,55.0,18.0,1014.9,55.6,NOAA/NWS ASOS via IEM Archive (provided source file),0,NORMAL,,,,,,1,3,1,3,Winter,0,-1.0,0.0,-0.29999999999999716
2025-01-03 01:30:00,AWS_VAAH,Ahmedabad / Sardar Vallabhbhai Patel Intl,Ahmedabad,Gujarat,23.0772,72.6346,55.0,17.0,1014.9,59.3,NOAA/NWS ASOS via IEM Archive (provided source file),0,NORMAL,,,,,,1,3,1,3,Winter,0,-1.0,0.0,3.6999999999999957
2025-01-03 02:00:00,AWS_VAAH,Ahmedabad / Sardar Vallabhbhai Patel Intl,Ahmedabad,Gujarat,23.0772,72.6346,55.0,17.0,1014.9,59.3,NOAA/NWS ASOS via IEM Archive (provided source file),0,NORMAL,,,,,,2,3,1,3,Winter,0,0.0,0.0,0.0
2025-01-03 02:30:00,AWS_VAAH,Ahmedabad / Sardar Vallabhbhai Patel Intl,Ahmedabad,Gujarat,23.0772,72.6346,55.0,17.0,1014.9,51.7,NOAA/NWS ASOS via IEM Archive (provided source file),0,NORMAL,,,,,,2,3,1,3,Winter,0,0.0,0.0,-7.599999999999994
2025-01-03 03:00:00,AWS_VAAH,Ahmedabad / Sardar Vallabhbhai Patel Intl,Ahmedabad,Gujarat,23.0772,72.6346,55.0,17.0,1014.9,51.7,NOAA/NWS ASOS via IEM Archive (provided source file),0,NORMAL,,,,,,3,3,1,3,Winter,0,0.0,0.0,0.0
2025-01-03 03:30:00,AWS_VAAH,Ahmedabad / Sardar Vallabhbhai Patel Intl,Ahmedabad,Gujarat,23.0772,72.6346,55.0,16.0,1013.88,55.1,NOAA/NWS ASOS via IEM Archive (provided source file),0,NORMAL,,,,,,3,3,1,3,Winter,0,-1.0,-1.0199999999999818,3.3999999999999986
2025-01-03 04:00:00,AWS_VAAH,Ahmedabad / Sardar Vallabhbhai Patel Intl,Ahmedabad,Gujarat,23.0772,72.6346,55.0,16.0,1013.88,55.1,NOAA/NWS ASOS via IEM Archive (provided source file),0,NORMAL,,,,,,4,3,1,3,Winter,0,0.0,0.0,0.0
2025-01-03 04:30:00,AWS_VAAH,Ahmedabad / Sardar Vallabhbhai Patel Intl,Ahmedabad,Gujarat,23.0772,72.6346,55.0,16.0,1014.9,59.0,NOAA/NWS ASOS via IEM Archive (provided source file),0,NORMAL,,,,,,4,3,1,3,Winter,0,0.0,1.0199999999999818,3.8999999999999986
2025-01-03 05:00:00,AWS_VAAH,Ahmedabad / Sardar Vallabhbhai Patel Intl,Ahmedabad,Gujarat,23.0772,72.6346,55.0,16.0,1014.9,59.0,NOAA/NWS ASOS via IEM Archive (provided source file),0,NORMAL,,,,,,5,3,1,3,Winter,0,0.0,0.0,0.0
2025-01-03 05:30:00,AWS_VAAH,Ahmedabad / Sardar Vallabhbhai Patel Intl,Ahmedabad,Gujarat,23.0772,72.6346,55.0,16.0,1014.9,59.0,NOAA/NWS ASOS via IEM Archive (provided source file),0,NORMAL,,,,,,5,3,1,3,Winter,0,0.0,0.0,0.0
2025-01-03 06:00:00,AWS_VAAH,Ahmedabad / Sardar Vallabhbhai Patel Intl,Ahmedabad,Gujarat,23.0772,72.6346,55.0,16.0,1014.9,63.2,NOAA/NWS ASOS via IEM Archive (provided source file),0,NORMAL,,,,,,6,3,1,3,Winter,1,0.0,0.0,4.200000000000003
2025-01-03 06:30:00,AWS_VAAH,Ahmedabad / Sardar Vallabhbhai Patel Intl,Ahmedabad,Gujarat,23.0772,72.6346,55.0,16.0,1014.9,63.2,NOAA/NWS ASOS via IEM Archive (provided source file),0,NORMAL,,,,,,6,3,1,3,Winter,1,0.0,0.0,0.0
2025-01-03 07:00:00,AWS_VAAH,Ahmedabad / Sardar Vallabhbhai Patel Intl,Ahmedabad,Gujarat,23.0772,72.6346,55.0,17.0,1014.9,59.3,NOAA/NWS ASOS via IEM Archive (provided source file),0,NORMAL,,,,,,7,3,1,3,Winter,1,1.0,0.0,-3.9000000000000057
2025-01-03 07:30:00,AWS_VAAH,Ahmedabad / Sardar Vallabhbhai Patel Intl,Ahmedabad,Gujarat,23.0772,72.6346,55.0,17.0,1014.9,59.3,NOAA/NWS ASOS via IEM Archive (provided source file),0,NORMAL,,,,,,7,3,1,3,Winter,1,0.0,0.0,0.0
2025-01-03 08:00:00,AWS_VAAH,Ahmedabad / Sardar Vallabhbhai Patel Intl,Ahmedabad,Gujarat,23.0772,72.6346,55.0,17.0,1015.92,59.3,NOAA/NWS ASOS via IEM Archive (provided source file),0,NORMAL,,,,,,8,3,1,3,Winter,1,0.0,1.0199999999999818,0.0
2025-01-03 08:30:00,AWS_VAAH,Ahmedabad / Sardar Vallabhbhai Patel Intl,Ahmedabad,Gujarat,23.0772,72.6346,55.0,17.0,1015.92,59.3,NOAA/NWS ASOS via IEM Archive (provided source file),0,NORMAL,,,,,,8,3,1,3,Winter,1,0.0,0.0,0.0
2025-01-03 09:00:00,AWS_VAAH,Ahmedabad / Sardar Vallabhbhai Patel Intl,Ahmedabad,Gujarat,23.0772,72.6346,55.0,17.0,1016.93,63.4,NOAA/NWS ASOS via IEM Archive (provided source file),0,NORMAL,,,,,,9,3,1,3,Winter,1,0.0,1.009999999999991,4.100000000000001
2025-01-03 09:30:00,AWS_VAAH,Ahmedabad / Sardar Vallabhbhai Patel Intl,Ahmedabad,Gujarat,23.0772,72.6346,55.0,18.0,1016.93,59.5,NOAA/NWS ASOS via IEM Archive (provided source file),0,NORMAL,,,,,,9,3,1,3,Winter,1,1.0,0.0,-3.8999999999999986
2025-01-03 10:00:00,AWS_VAAH,Ahmedabad / Sardar Vallabhbhai Patel Intl,Ahmedabad,Gujarat,23.0772,72.6346,55.0,20.0,1016.93,52.5,NOAA/NWS ASOS via IEM Archive (provided source file),0,NORMAL,,,,,,10,3,1,3,Winter,1,2.0,0.0,-7.0
2025-01-03 10:30:00,AWS_VAAH,Ahmedabad / Sardar Vallabhbhai Patel Intl,Ahmedabad,Gujarat,23.0772,72.6346,55.0,22.0,1016.93,46.4,NOAA/NWS ASOS via IEM Archive (provided source file),0,NORMAL,,,,,,10,3,1,3,Winter,1,2.0,0.0,-6.100000000000001
2025-01-03 11:00:00,AWS_VAAH,Ahmedabad / Sardar Vallabhbhai Patel Intl,Ahmedabad,Gujarat,23.0772,72.6346,55.0,23.0,1016.93,46.7,NOAA/NWS ASOS via IEM Archive (provided source file),0,NORMAL,,,,,,11,3,1,3,Winter,1,1.0,0.0,0.30000000000000426
2025-01-03 11:30:00,AWS_VAAH,Ahmedabad / Sardar Vallabhbhai Patel Intl,Ahmedabad,Gujarat,23.0772,72.6346,55.0,24.0,1016.93,44.0,NOAA/NWS ASOS via IEM Archive (provided source file),0,NORMAL,,,,,,11,3,1,3,Winter,1,1.0,0.0,-2.700000000000003
2025-01-03 12:00:00,AWS_VAAH,Ahmedabad / Sardar Vallabhbhai Patel Intl,Ahmedabad,Gujarat,23.0772,72.6346,55.0,24.0,1016.93,44.0,NOAA/NWS ASOS via IEM Archive (provided source file),0,NORMAL,,,,,,12,3,1,3,Winter,1,0.0,0.0,0.0
2025-01-03 12:30:00,AWS_VAAH,Ahmedabad / Sardar Vallabhbhai Patel Intl,Ahmedabad,Gujarat,23.0772,72.6346,55.0,25.0,1015.92,41.4,NOAA/NWS ASOS via IEM Archive (provided source file),0,NORMAL,,,,,,12,3,1,3,Winter,1,1.0,-1.009999999999991,-2.6000000000000014
2025-01-03 13:00:00,AWS_VAAH,Ahmedabad / Sardar Vallabhbhai Patel Intl,Ahmedabad,Gujarat,23.0772,72.6346,55.0,26.0,1014.9,41.7,NOAA/NWS ASOS via IEM Archive (provided source file),0,NORMAL,,,,,,13,3,1,3,Winter,1,1.0,-1.0199999999999818,0.30000000000000426
2025-01-03 13:30:00,AWS_VAAH,Ahmedabad / Sardar Vallabhbhai Patel Intl,Ahmedabad,Gujarat,23.0772,72.6346,55.0,27.0,1014.9,36.8,NOAA/NWS ASOS via IEM Archive (provided source file),0,NORMAL,,,,,,13,3,1,3,Winter,1,1.0,0.0,-4.900000000000006
2025-01-03 14:00:00,AWS_VAAH,Ahmedabad / Sardar Vallabhbhai Patel Intl,Ahmedabad,Gujarat,23.0772,72.6346,55.0,28.0,1013.88,32.5,NOAA/NWS ASOS via IEM Archive (provided source file),0,NORMAL,,,,,,14,3,1,3,Winter,1,1.0,-1.0199999999999818,-4.299999999999997
2025-01-03 14:30:00,AWS_VAAH,Ahmedabad / Sardar Vallabhbhai Patel Intl,Ahmedabad,Gujarat,23.0772,72.6346,55.0,29.0,1013.88,30.6,NOAA/NWS ASOS via IEM Archive (provided source file),0,NORMAL,,,,,,14,3,1,3,Winter,1,1.0,0.0,-1.8999999999999986
2025-01-03 15:00:00,AWS_VAAH,Ahmedabad / Sardar Vallabhbhai Patel Intl,Ahmedabad,Gujarat,23.0772,72.6346,55.0,29.0,1013.88,30.6,NOAA/NWS ASOS via IEM Archive (provided source file),0,NORMAL,,,,,,15,3,1,3,Winter,1,0.0,0.0,0.0
2025-01-03 15:30:00,AWS_VAAH,Ahmedabad / Sardar Vallabhbhai Patel Intl,Ahmedabad,Gujarat,23.0772,72.6346,55.0,30.0,1012.87,23.6,NOAA/NWS ASOS via IEM Archive (provided source file),0,NORMAL,,,,,,15,3,1,3,Winter,1,1.0,-1.009999999999991,-7.0
2025-01-03 16:00:00,AWS_VAAH,Ahmedabad / Sardar Vallabhbhai Patel Intl,Ahmedabad,Gujarat,23.0772,72.6346,55.0,30.0,1012.87,27.0,NOAA/NWS ASOS via IEM Archive (provided source file),0,NORMAL,,,,,,16,3,1,3,Winter,1,0.0,0.0,3.3999999999999986
2025-01-03 16:30:00,AWS_VAAH,Ahmedabad / Sardar Vallabhbhai Patel Intl,Ahmedabad,Gujarat,23.0772,72.6346,55.0,29.0,1012.87,30.6,NOAA/NWS ASOS via IEM Archive (provided source file),0,NORMAL,,,,,,16,3,1,3,Winter,1,-1.0,0.0,3.6000000000000014
2025-01-03 17:00:00,AWS_VAAH,Ahmedabad / Sardar Vallabhbhai Patel Intl,Ahmedabad,Gujarat,23.0772,72.6346,55.0,29.0,1012.87,32.7,NOAA/NWS ASOS via IEM Archive (provided source file),0,NORMAL,,,,,,17,3,1,3,Winter,1,0.0,0.0,2.1000000000000014
2025-01-03 17:30:00,AWS_VAAH,Ahmedabad / Sardar Vallabhbhai Patel Intl,Ahmedabad,Gujarat,23.0772,72.6346,55.0,28.0,1012.87,32.5,NOAA/NWS ASOS via IEM Archive (provided source file),0,NORMAL,,,,,,17,3,1,3,Winter,1,-1.0,0.0,-0.20000000000000284
2025-01-03 18:00:00,AWS_VAAH,Ahmedabad / Sardar Vallabhbhai Patel Intl,Ahmedabad,Gujarat,23.0772,72.6346,55.0,27.0,1012.87,36.8,NOAA/NWS ASOS via IEM Archive (provided source file),0,NORMAL,,,,,,18,3,1,3,Winter,0,-1.0,0.0,4.299999999999997
2025-01-03 18:30:00,AWS_VAAH,Ahmedabad / Sardar Vallabhbhai Patel Intl,Ahmedabad,Gujarat,23.0772,72.6346,55.0,25.0,1012.87,41.4,NOAA/NWS ASOS via IEM Archive (provided source file),0,NORMAL,,,,,,18,3,1,3,Winter,0,-2.0,0.0,4.600000000000001
2025-01-03 19:00:00,AWS_VAAH,Ahmedabad / Sardar Vallabhbhai Patel Intl,Ahmedabad,Gujarat,23.0772,72.6346,55.0,24.0,1012.87,47.0,NOAA/NWS ASOS via IEM Archive (provided source file),0,NORMAL,,,,,,19,3,1,3,Winter,0,-1.0,0.0,5.600000000000001
2025-01-03 19:30:00,AWS_VAAH,Ahmedabad / Sardar Vallabhbhai Patel Intl,Ahmedabad,Gujarat,23.0772,72.6346,55.0,23.0,1013.88,49.9,NOAA/NWS ASOS via IEM Archive (provided source file),0,NORMAL,,,,,,19,3,1,3,Winter,0,-1.0,1.009999999999991,2.8999999999999986
2025-01-03 20:00:00,AWS_VAAH,Ahmedabad / Sardar Vallabhbhai Patel Intl,Ahmedabad,Gujarat,23.0772,72.6346,55.0,23.0,1013.88,53.3,NOAA/NWS ASOS via IEM Archive (provided source file),0,NORMAL,,,,,,20,3,1,3,Winter,0,0.0,0.0,3.3999999999999986
2025-01-03 20:30:00,AWS_VAAH,Ahmedabad / Sardar Vallabhbhai Patel Intl,Ahmedabad,Gujarat,23.0772,72.6346,55.0,23.0,1013.88,49.9,NOAA/NWS ASOS via IEM Archive (provided source file),0,NORMAL,,,,,,20,3,1,3,Winter,0,0.0,0.0,-3.3999999999999986
2025-01-03 21:30:00,AWS_VAAH,Ahmedabad / Sardar Vallabhbhai Patel Intl,Ahmedabad,Gujarat,23.0772,72.6346,55.0,21.0,1013.88,56.4,NOAA/NWS ASOS via IEM Archive (provided source file),0,NORMAL,,,,,,21,3,1,3,Winter,0,-2.0,0.0,6.5
2025-01-03 22:00:00,AWS_VAAH,Ahmedabad / Sardar Vallabhbhai Patel Intl,Ahmedabad,Gujarat,23.0772,72.6346,55.0,21.0,1013.88,60.2,NOAA/NWS ASOS via IEM Archive (provided source file),0,NORMAL,,,,,,22,3,1,3,Winter,0,0.0,0.0,3.8000000000000043
2025-01-03 22:30:00,AWS_VAAH,Ahmedabad / Sardar Vallabhbhai Patel Intl,Ahmedabad,Gujarat,23.0772,72.6346,55.0,21.0,1013.88,60.2,NOAA/NWS ASOS via IEM Archive (provided source file),0,NORMAL,,,,,,22,3,1,3,Winter,0,0.0,0.0,0.0
2025-01-03 23:00:00,AWS_VAAH,Ahmedabad / Sardar Vallabhbhai Patel Intl,Ahmedabad,Gujarat,23.0772,72.6346,55.0,19.0,1013.88,68.2,NOAA/NWS ASOS via IEM Archive (provided source file),0,NORMAL,,,,,,23,3,1,3,Winter,0,-2.0,0.0,8.0
2025-01-03 23:30:00,AWS_VAAH,Ahmedabad / Sardar Vallabhbhai Patel Intl,Ahmedabad,Gujarat,23.0772,72.6346,55.0,19.0,1013.88,72.7,NOAA/NWS ASOS via IEM Archive (provided source file),0,NORMAL,,,,,,23,3,1,3,Winter,0,0.0,0.0,4.5
2025-01-04 00:00:00,AWS_VAAH,Ahmedabad / Sardar Vallabhbhai Patel Intl,Ahmedabad,Gujarat,23.0772,72.6346,55.0,20.0,1013.88,64.0,NOAA/NWS ASOS via IEM Archive (provided source file),0,NORMAL,,,,,,0,4,1,4,Winter,0,1.0,0.0,-8.700000000000003
2025-01-04 00:30:00,AWS_VAAH,Ahmedabad / Sardar Vallabhbhai Patel Intl,Ahmedabad,Gujarat,23.0772,72.6346,55.0,18.0,1013.88,77.4,NOAA/NWS ASOS via IEM Archive (provided source file),0,NORMAL,,,,,,0,4,1,4,Winter,0,-2.0,0.0,13.400000000000006
2025-01-04 01:00:00,AWS_VAAH,Ahmedabad / Sardar Vallabhbhai Patel Intl,Ahmedabad,Gujarat,23.0772,72.6346,55.0,18.0,1013.88,72.6,NOAA/NWS ASOS via IEM Archive (provided source file),0,NORMAL,,,,,,1,4,1,4,Winter,0,0.0,0.0,-4.800000000000011
2025-01-04 01:30:00,AWS_VAAH,Ahmedabad / Sardar Vallabhbhai Patel Intl,Ahmedabad,Gujarat,23.0772,72.6346,55.0,17.0,1012.87,77.3,NOAA/NWS ASOS via IEM Archive (provided source file),0,NORMAL,,,,,,1,4,1,4,Winter,0,-1.0,-1.009999999999991,4.700000000000003
2025-01-04 02:00:00,AWS_VAAH,Ahmedabad / Sardar Vallabhbhai Patel Intl,Ahmedabad,Gujarat,23.0772,72.6346,55.0,18.0,1012.87,68.0,NOAA/NWS ASOS via IEM Archive (provided source file),0,NORMAL,,,,,,2,4,1,4,Winter,0,1.0,0.0,-9.299999999999997
2025-01-04 02:30:00,AWS_VAAH,Ahmedabad / Sardar Vallabhbhai Patel Intl,Ahmedabad,Gujarat,23.0772,72.6346,55.0,17.0,1012.87,77.3,NOAA/NWS ASOS via IEM Archive (provided source file),0,NORMAL,,,,,,2,4,1,4,Winter,0,-1.0,0.0,9.299999999999997
2025-01-04 03:00:00,AWS_VAAH,Ahmedabad / Sardar Vallabhbhai Patel Intl,Ahmedabad,Gujarat,23.0772,72.6346,55.0,16.0,1012.87,82.4,NOAA/NWS ASOS via IEM Archive (provided source file),0,NORMAL,,,,,,3,4,1,4,Winter,0,-1.0,0.0,5.1000000000000085
2025-01-04 03:30:00,AWS_VAAH,Ahmedabad / Sardar Vallabhbhai Patel Intl,Ahmedabad,Gujarat,23.0772,72.6346,55.0,16.0,1012.87,77.1,NOAA/NWS ASOS via IEM Archive (provided source file),0,NORMAL,,,,,,3,4,1,4,Winter,0,0.0,0.0,-5.300000000000011
2025-01-04 04:00:00,AWS_VAAH,Ahmedabad / Sardar Vallabhbhai Patel Intl,Ahmedabad,Gujarat,23.0772,72.6346,55.0,17.0,1012.87,72.4,NOAA/NWS ASOS via IEM Archive (provided source file),0,NORMAL,,,,,,4,4,1,4,Winter,0,1.0,0.0,-4.699999999999989
2025-01-04 04:30:00,AWS_VAAH,Ahmedabad / Sardar Vallabhbhai Patel Intl,Ahmedabad,Gujarat,23.0772,72.6346,55.0,17.0,1012.87,67.8,NOAA/NWS ASOS via IEM Archive (provided source file),0,NORMAL,,,,,,4,4,1,4,Winter,0,0.0,0.0,-4.6000000000000085
2025-01-04 05:00:00,AWS_VAAH,Ahmedabad / Sardar Vallabhbhai Patel Intl,Ahmedabad,Gujarat,23.0772,72.6346,55.0,18.0,1012.87,63.6,NOAA/NWS ASOS via IEM Archive (provided source file),0,NORMAL,,,,,,5,4,1,4,Winter,0,1.0,0.0,-4.199999999999996
2025-01-04 05:30:00,AWS_VAAH,Ahmedabad / Sardar Vallabhbhai Patel Intl,Ahmedabad,Gujarat,23.0772,72.6346,55.0,17.0,1012.87,67.8,NOAA/NWS ASOS via IEM Archive (provided source file),0,NORMAL,,,,,,5,4,1,4,Winter,0,-1.0,0.0,4.199999999999996
2025-01-04 06:00:00,AWS_VAAH,Ahmedabad / Sardar Vallabhbhai Patel Intl,Ahmedabad,Gujarat,23.0772,72.6346,55.0,17.0,1012.87,67.8,NOAA/NWS ASOS via IEM Archive (provided source file),0,NORMAL,,,,,,6,4,1,4,Winter,1,0.0,0.0,0.0
2025-01-04 06:30:00,AWS_VAAH,Ahmedabad / Sardar Vallabhbhai Patel Intl,Ahmedabad,Gujarat,23.0772,72.6346,55.0,16.0,1012.87,72.2,NOAA/NWS ASOS via IEM Archive (provided source file),0,NORMAL,,,,,,6,4,1,4,Winter,1,-1.0,0.0,4.400000000000006
2025-01-04 07:00:00,AWS_VAAH,Ahmedabad / Sardar Vallabhbhai Patel Intl,Ahmedabad,Gujarat,23.0772,72.6346,55.0,15.0,1013.88,72.0,NOAA/NWS ASOS via IEM Archive (provided source file),0,NORMAL,,,,,,7,4,1,4,Winter,1,-1.0,1.009999999999991,-0.20000000000000284
2025-01-04 07:30:00,AWS_VAAH,Ahmedabad / Sardar Vallabhbhai Patel Intl,Ahmedabad,Gujarat,23.0772,72.6346,55.0,15.0,1013.88,77.0,NOAA/NWS ASOS via IEM Archive (provided source file),0,NORMAL,,,,,,7,4,1,4,Winter,1,0.0,0.0,5.0
2025-01-04 08:00:00,AWS_VAAH,Ahmedabad / Sardar Vallabhbhai Patel Intl,Ahmedabad,Gujarat,23.0772,72.6346,55.0,16.0,1013.88,72.2,NOAA/NWS ASOS via IEM Archive (provided source file),0,NORMAL,,,,,,8,4,1,4,Winter,1,1.0,0.0,-4.799999999999997
2025-01-04 08:30:00,AWS_VAAH,Ahmedabad / Sardar Vallabhbhai Patel Intl,Ahmedabad,Gujarat,23.0772,72.6346,55.0,17.0,1014.9,72.4,NOAA/NWS ASOS via IEM Archive (provided source file),0,NORMAL,,,,,,8,4,1,4,Winter,1,1.0,1.0199999999999818,0.20000000000000284
2025-01-04 09:00:00,AWS_VAAH,Ahmedabad / Sardar Vallabhbhai Patel Intl,Ahmedabad,Gujarat,23.0772,72.6346,55.0,17.0,1014.9,67.8,NOAA/NWS ASOS via IEM Archive (provided source file),0,NORMAL,,,,,,9,4,1,4,Winter,1,0.0,0.0,-4.6000000000000085
2025-01-04 09:30:00,AWS_VAAH,Ahmedabad / Sardar Vallabhbhai Patel Intl,Ahmedabad,Gujarat,23.0772,72.6346,55.0,19.0,1015.92,59.7,NOAA/NWS ASOS via IEM Archive (provided source file),0,NORMAL,,,,,,9,4,1,4,Winter,1,2.0,1.0199999999999818,-8.099999999999994
2025-01-04 10:00:00,AWS_VAAH,Ahmedabad / Sardar Vallabhbhai Patel Intl,Ahmedabad,Gujarat,23.0772,72.6346,55.0,21.0,1015.92,52.8,NOAA/NWS ASOS via IEM Archive (provided source file),0,NORMAL,,,,,,10,4,1,4,Winter,1,2.0,0.0,-6.900000000000006
2025-01-04 10:30:00,AWS_VAAH,Ahmedabad / Sardar Vallabhbhai Patel Intl,Ahmedabad,Gujarat,23.0772,72.6346,55.0,22.0,1015.92,49.6,NOAA/NWS ASOS via IEM Archive (provided source file),0,NORMAL,,,,,,10,4,1,4,Winter,1,1.0,0.0,-3.1999999999999957
2025-01-04 11:00:00,AWS_VAAH,Ahmedabad / Sardar Vallabhbhai Patel Intl,Ahmedabad,Gujarat,23.0772,72.6346,55.0,24.0,1015.92,44.0,NOAA/NWS ASOS via IEM Archive (provided source file),0,NORMAL,,,,,,11,4,1,4,Winter,1,2.0,0.0,-5.600000000000001
2025-01-04 11:30:00,AWS_VAAH,Ahmedabad / Sardar Vallabhbhai Patel Intl,Ahmedabad,Gujarat,23.0772,72.6346,55.0,25.0,1014.9,41.4,NOAA/NWS ASOS via IEM Archive (provided source file),0,NORMAL,,,,,,11,4,1,4,Winter,1,1.0,-1.0199999999999818,-2.6000000000000014
2025-01-04 12:00:00,AWS_VAAH,Ahmedabad / Sardar Vallabhbhai Patel Intl,Ahmedabad,Gujarat,23.0772,72.6346,55.0,26.0,1014.9,41.7,NOAA/NWS ASOS via IEM Archive (provided source file),0,NORMAL,,,,,,12,4,1,4,Winter,1,1.0,0.0,0.30000000000000426
2025-01-04 12:30:00,AWS_VAAH,Ahmedabad / Sardar Vallabhbhai Patel Intl,Ahmedabad,Gujarat,23.0772,72.6346,55.0,27.0,1013.88,36.8,NOAA/NWS ASOS via IEM Archive (provided source file),0,NORMAL,,,,,,12,4,1,4,Winter,1,1.0,-1.0199999999999818,-4.900000000000006
2025-01-04 13:00:00,AWS_VAAH,Ahmedabad / Sardar Vallabhbhai Patel Intl,Ahmedabad,Gujarat,23.0772,72.6346,55.0,28.0,1012.87,37.1,NOAA/NWS ASOS via IEM Archive (provided source file),0,NORMAL,,,,,,13,4,1,4,Winter,1,1.0,-1.009999999999991,0.30000000000000426
2025-01-04 13:30:00,AWS_VAAH,Ahmedabad / Sardar Vallabhbhai Patel Intl,Ahmedabad,Gujarat,23.0772,72.6346,55.0,28.0,1012.87,34.7,NOAA/NWS ASOS via IEM Archive (provided source file),0,NORMAL,,,,,,13,4,1,4,Winter,1,0.0,0.0,-2.3999999999999986
2025-01-04 14:00:00,AWS_VAAH,Ahmedabad / Sardar Vallabhbhai Patel Intl,Ahmedabad,Gujarat,23.0772,72.6346,55.0,29.0,1012.87,32.7,NOAA/NWS ASOS via IEM Archive (provided source file),0,NORMAL,,,,,,14,4,1,4,Winter,1,1.0,0.0,-2.0
2025-01-04 14:30:00,AWS_VAAH,Ahmedabad / Sardar Vallabhbhai Patel Intl,Ahmedabad,Gujarat,23.0772,72.6346,55.0,29.0,1011.85,32.7,NOAA/NWS ASOS via IEM Archive (provided source file),0,NORMAL,,,,,,14,4,1,4,Winter,1,0.0,-1.0199999999999818,0.0
2025-01-04 15:00:00,AWS_VAAH,Ahmedabad / Sardar Vallabhbhai Patel Intl,Ahmedabad,Gujarat,23.0772,72.6346,55.0,30.0,1010.84,23.6,NOAA/NWS ASOS via IEM Archive (provided source file),0,NORMAL,,,,,,15,4,1,4,Winter,1,1.0,-1.009999999999991,-9.100000000000001
2025-01-04 15:30:00,AWS_VAAH,Ahmedabad / Sardar Vallabhbhai Patel Intl,Ahmedabad,Gujarat,23.0772,72.6346,55.0,30.0,1010.84,27.0,NOAA/NWS ASOS via IEM Archive (provided source file),0,NORMAL,,,,,,15,4,1,4,Winter,1,0.0,0.0,3.3999999999999986
2025-01-04 16:00:00,AWS_VAAH,Ahmedabad / Sardar Vallabhbhai Patel Intl,Ahmedabad,Gujarat,23.0772,72.6346,55.0,31.0,1010.84,23.8,NOAA/NWS ASOS via IEM Archive (provided source file),0,NORMAL,,,,,,16,4,1,4,Winter,1,1.0,0.0,-3.1999999999999993
2025-01-04 16:30:00,AWS_VAAH,Ahmedabad / Sardar Vallabhbhai Patel Intl,Ahmedabad,Gujarat,23.0772,72.6346,55.0,30.0,1010.84,27.0,NOAA/NWS ASOS via IEM Archive (provided source file),0,NORMAL,,,,,,16,4,1,4,Winter,1,-1.0,0.0,3.1999999999999993
2025-01-04 17:00:00,AWS_VAAH,Ahmedabad / Sardar Vallabhbhai Patel Intl,Ahmedabad,Gujarat,23.0772,72.6346,55.0,29.0,1010.84,28.6,NOAA/NWS ASOS via IEM Archive (provided source file),0,NORMAL,,,,,,17,4,1,4,Winter,1,-1.0,0.0,1.6000000000000014
2025-01-04 17:30:00,AWS_VAAH,Ahmedabad / Sardar Vallabhbhai Patel Intl,Ahmedabad,Gujarat,23.0772,72.6346,55.0,28.0,1010.84,32.5,NOAA/NWS ASOS via IEM Archive (provided source file),0,NORMAL,,,,,,17,4,1,4,Winter,1,-1.0,0.0,3.8999999999999986
2025-01-04 18:00:00,AWS_VAAH,Ahmedabad / Sardar Vallabhbhai Patel Intl,Ahmedabad,Gujarat,23.0772,72.6346,55.0,27.0,1010.84,34.4,NOAA/NWS ASOS via IEM Archive (provided source file),0,NORMAL,,,,,,18,4,1,4,Winter,0,-1.0,0.0,1.8999999999999986
2025-01-04 18:30:00,AWS_VAAH,Ahmedabad / Sardar Vallabhbhai Patel Intl,Ahmedabad,Gujarat,23.0772,72.6346,55.0,25.0,1011.85,41.4,NOAA/NWS ASOS via IEM Archive (provided source file),0,NORMAL,,,,,,18,4,1,4,Winter,0,-2.0,1.009999999999991,7.0
2025-01-04 19:00:00,AWS_VAAH,Ahmedabad / Sardar Vallabhbhai Patel Intl,Ahmedabad,Gujarat,23.0772,72.6346,55.0,25.0,1011.85,41.4,NOAA/NWS ASOS via IEM Archive (provided source file),0,NORMAL,,,,,,19,4,1,4,Winter,0,0.0,0.0,0.0
2025-01-04 19:30:00,AWS_VAAH,Ahmedabad / Sardar Vallabhbhai Patel Intl,Ahmedabad,Gujarat,23.0772,72.6346,55.0,24.0,1011.85,47.0,NOAA/NWS ASOS via IEM Archive (provided source file),0,NORMAL,,,,,,19,4,1,4,Winter,0,-1.0,0.0,5.600000000000001
2025-01-04 20:00:00,AWS_VAAH,Ahmedabad / Sardar Vallabhbhai Patel Intl,Ahmedabad,Gujarat,23.0772,72.6346,55.0,22.0,1012.87,56.6,NOAA/NWS ASOS via IEM Archive (provided source file),0,NORMAL,,,,,,20,4,1,4,Winter,0,-2.0,1.0199999999999818,9.600000000000001
2025-01-04 20:30:00,AWS_VAAH,Ahmedabad / Sardar Vallabhbhai Patel Intl,Ahmedabad,Gujarat,23.0772,72.6346,55.0,24.0,1012.87,47.0,NOAA/NWS ASOS via IEM Archive (provided source file),0,NORMAL,,,,,,20,4,1,4,Winter,0,2.0,0.0,-9.600000000000001
2025-01-04 21:00:00,AWS_VAAH,Ahmedabad / Sardar Vallabhbhai Patel Intl,Ahmedabad,Gujarat,23.0772,72.6346,55.0,22.0,1012.87,56.6,NOAA/NWS ASOS via IEM Archive (provided source file),0,NORMAL,,,,,,21,4,1,4,Winter,0,-2.0,0.0,9.600000000000001
2025-01-04 21:30:00,AWS_VAAH,Ahmedabad / Sardar Vallabhbhai Patel Intl,Ahmedabad,Gujarat,23.0772,72.6346,55.0,22.0,1012.87,56.6,NOAA/NWS ASOS via IEM Archive (provided source file),0,NORMAL,,,,,,21,4,1,4,Winter,0,0.0,0.0,0.0
2025-01-04 22:00:00,AWS_VAAH,Ahmedabad / Sardar Vallabhbhai Patel Intl,Ahmedabad,Gujarat,23.0772,72.6346,55.0,21.0,1012.87,64.3,NOAA/NWS ASOS via IEM Archive (provided source file),0,NORMAL,,,,,,22,4,1,4,Winter,0,-1.0,0.0,7.699999999999996
2025-01-04 22:30:00,AWS_VAAH,Ahmedabad / Sardar Vallabhbhai Patel Intl,Ahmedabad,Gujarat,23.0772,72.6346,55.0,21.0,1013.88,64.3,NOAA/NWS ASOS via IEM Archive (provided source file),0,NORMAL,,,,,,22,4,1,4,Winter,0,0.0,1.009999999999991,0.0
2025-01-04 23:00:00,AWS_VAAH,Ahmedabad / Sardar Vallabhbhai Patel Intl,Ahmedabad,Gujarat,23.0772,72.6346,55.0,21.0,1012.87,64.3,NOAA/NWS ASOS via IEM Archive (provided source file),0,NORMAL,,,,,,23,4,1,4,Winter,0,0.0,-1.009999999999991,0.0
2025-01-04 23:30:00,AWS_VAAH,Ahmedabad / Sardar Vallabhbhai Patel Intl,Ahmedabad,Gujarat,23.0772,72.6346,55.0,21.0,1012.87,64.3,NOAA/NWS ASOS via IEM Archive (provided source file),0,NORMAL,,,,,,23,4,1,4,Winter,0,0.0,0.0,0.0
2025-01-05 00:00:00,AWS_VAAH,Ahmedabad / Sardar Vallabhbhai Patel Intl,Ahmedabad,Gujarat,23.0772,72.6346,55.0,21.0,1012.87,64.3,NOAA/NWS ASOS via IEM Archive (provided source file),0,NORMAL,,,,,,0,5,1,5,Winter,0,0.0,0.0,0.0
2025-01-05 00:30:00,AWS_VAAH,Ahmedabad / Sardar Vallabhbhai Patel Intl,Ahmedabad,Gujarat,23.0772,72.6346,55.0,20.0,1012.87,68.4,NOAA/NWS ASOS via IEM Archive (provided source file),0,NORMAL,,,,,,0,5,1,5,Winter,0,-1.0,0.0,4.1000000000000085
2025-01-05 01:00:00,AWS_VAAH,Ahmedabad / Sardar Vallabhbhai Patel Intl,Ahmedabad,Gujarat,23.0772,72.6346,55.0,18.0,1012.87,77.4,NOAA/NWS ASOS via IEM Archive (provided source file),0,NORMAL,,,,,,1,5,1,5,Winter,0,-2.0,0.0,9.0
2025-01-05 01:30:00,AWS_VAAH,Ahmedabad / Sardar Vallabhbhai Patel Intl,Ahmedabad,Gujarat,23.0772,72.6346,55.0,19.0,1011.85,72.7,NOAA/NWS ASOS via IEM Archive (provided source file),0,NORMAL,,,,,,1,5,1,5,Winter,0,1.0,-1.0199999999999818,-4.700000000000003
2025-01-05 02:00:00,AWS_VAAH,Ahmedabad / Sardar Vallabhbhai Patel Intl,Ahmedabad,Gujarat,23.0772,72.6346,55.0,18.0,1011.85,72.6,NOAA/NWS ASOS via IEM Archive (provided source file),0,NORMAL,,,,,,2,5,1,5,Winter,0,-1.0,0.0,-0.10000000000000853
2025-01-05 02:30:00,AWS_VAAH,Ahmedabad / Sardar Vallabhbhai Patel Intl,Ahmedabad,Gujarat,23.0772,72.6346,55.0,18.0,1011.85,72.6,NOAA/NWS ASOS via IEM Archive (provided source file),0,NORMAL,,,,,,2,5,1,5,Winter,0,0.0,0.0,0.0
2025-01-05 03:00:00,AWS_VAAH,Ahmedabad / Sardar Vallabhbhai Patel Intl,Ahmedabad,Gujarat,23.0772,72.6346,55.0,18.0,1011.85,72.6,NOAA/NWS ASOS via IEM Archive (provided source file),0,NORMAL,,,,,,3,5,1,5,Winter,0,0.0,0.0,0.0
2025-01-05 03:30:00,AWS_VAAH,Ahmedabad / Sardar Vallabhbhai Patel Intl,Ahmedabad,Gujarat,23.0772,72.6346,55.0,18.0,1011.85,72.6,NOAA/NWS ASOS via IEM Archive (provided source file),0,NORMAL,,,,,,3,5,1,5,Winter,0,0.0,0.0,0.0
2025-01-05 04:00:00,AWS_VAAH,Ahmedabad / Sardar Vallabhbhai Patel Intl,Ahmedabad,Gujarat,23.0772,72.6346,55.0,18.0,1011.85,68.0,NOAA/NWS ASOS via IEM Archive (provided source file),0,NORMAL,,,,,,4,5,1,5,Winter,0,0.0,0.0,-4.599999999999994
2025-01-05 04:30:00,AWS_VAAH,Ahmedabad / Sardar Vallabhbhai Patel Intl,Ahmedabad,Gujarat,23.0772,72.6346,55.0,18.0,1011.85,68.0,NOAA/NWS ASOS via IEM Archive (provided source file),0,NORMAL,,,,,,4,5,1,5,Winter,0,0.0,0.0,0.0
2025-01-05 05:00:00,AWS_VAAH,Ahmedabad / Sardar Vallabhbhai Patel Intl,Ahmedabad,Gujarat,23.0772,72.6346,55.0,17.0,1011.85,77.3,NOAA/NWS ASOS via IEM Archive (provided source file),0,NORMAL,,,,,,5,5,1,5,Winter,0,-1.0,0.0,9.299999999999997
2025-01-05 05:30:00,AWS_VAAH,Ahmedabad / Sardar Vallabhbhai Patel Intl,Ahmedabad,Gujarat,23.0772,72.6346,55.0,18.0,1011.85,68.0,NOAA/NWS ASOS via IEM Archive (provided source file),0,NORMAL,,,,,,5,5,1,5,Winter,0,1.0,0.0,-9.299999999999997
2025-01-05 06:00:00,AWS_VAAH,Ahmedabad / Sardar Vallabhbhai Patel Intl,Ahmedabad,Gujarat,23.0772,72.6346,55.0,18.0,1011.85,72.6,NOAA/NWS ASOS via IEM Archive (provided source file),0,NORMAL,,,,,,6,5,1,5,Winter,1,0.0,0.0,4.599999999999994
2025-01-05 06:30:00,AWS_VAAH,Ahmedabad / Sardar Vallabhbhai Patel Intl,Ahmedabad,Gujarat,23.0772,72.6346,55.0,18.0,1011.85,72.6,NOAA/NWS ASOS via IEM Archive (provided source file),0,NORMAL,,,,,,6,5,1,5,Winter,1,0.0,0.0,0.0
2025-01-05 07:00:00,AWS_VAAH,Ahmedabad / Sardar Vallabhbhai Patel Intl,Ahmedabad,Gujarat,23.0772,72.6346,55.0,17.0,1012.87,77.3,NOAA/NWS ASOS via IEM Archive (provided source file),0,NORMAL,,,,,,7,5,1,5,Winter,1,-1.0,1.0199999999999818,4.700000000000003
2025-01-05 07:30:00,AWS_VAAH,Ahmedabad / Sardar Vallabhbhai Patel Intl,Ahmedabad,Gujarat,23.0772,72.6346,55.0,17.0,1012.87,77.3,NOAA/NWS ASOS via IEM Archive (provided source file),0,NORMAL,,,,,,7,5,1,5,Winter,1,0.0,0.0,0.0
2025-01-05 08:00:00,AWS_VAAH,Ahmedabad / Sardar Vallabhbhai Patel Intl,Ahmedabad,Gujarat,23.0772,72.6346,55.0,17.0,1012.87,77.3,NOAA/NWS ASOS via IEM Archive (provided source file),0,NORMAL,,,,,,8,5,1,5,Winter,1,0.0,0.0,0.0
2025-01-05 08:30:00,AWS_VAAH,Ahmedabad / Sardar Vallabhbhai Patel Intl,Ahmedabad,Gujarat,23.0772,72.6346,55.0,17.0,1013.88,77.3,NOAA/NWS ASOS via IEM Archive (provided source file),0,NORMAL,,,,,,8,5,1,5,Winter,1,0.0,1.009999999999991,0.0
2025-01-05 09:00:00,AWS_VAAH,Ahmedabad / Sardar Vallabhbhai Patel Intl,Ahmedabad,Gujarat,23.0772,72.6346,55.0,18.0,1013.88,72.6,NOAA/NWS ASOS via IEM Archive (provided source file),0,NORMAL,,,,,,9,5,1,5,Winter,1,1.0,0.0,-4.700000000000003
2025-01-05 09:30:00,AWS_VAAH,Ahmedabad / Sardar Vallabhbhai Patel Intl,Ahmedabad,Gujarat,23.0772,72.6346,55.0,18.0,1014.9,72.6,NOAA/NWS ASOS via IEM Archive (provided source file),0,NORMAL,,,,,,9,5,1,5,Winter,1,0.0,1.0199999999999818,0.0
2025-01-05 10:00:00,AWS_VAAH,Ahmedabad / Sardar Vallabhbhai Patel Intl,Ahmedabad,Gujarat,23.0772,72.6346,55.0,18.0,1014.9,72.6,NOAA/NWS ASOS via IEM Archive (provided source file),0,NORMAL,,,,,,10,5,1,5,Winter,1,0.0,0.0,0.0
2025-01-05 10:30:00,AWS_VAAH,Ahmedabad / Sardar Vallabhbhai Patel Intl,Ahmedabad,Gujarat,23.0772,72.6346,55.0,20.0,1014.9,64.0,NOAA/NWS ASOS via IEM Archive (provided source file),0,NORMAL,,,,,,10,5,1,5,Winter,1,2.0,0.0,-8.599999999999994
2025-01-05 11:00:00,AWS_VAAH,Ahmedabad / Sardar Vallabhbhai Patel Intl,Ahmedabad,Gujarat,23.0772,72.6346,55.0,22.0,1014.9,56.6,NOAA/NWS ASOS via IEM Archive (provided source file),0,NORMAL,,,,,,11,5,1,5,Winter,1,2.0,0.0,-7.399999999999999
2025-01-05 11:30:00,AWS_VAAH,Ahmedabad / Sardar Vallabhbhai Patel Intl,Ahmedabad,Gujarat,23.0772,72.6346,55.0,24.0,1013.88,50.2,NOAA/NWS ASOS via IEM Archive (provided source file),0,NORMAL,,,,,,11,5,1,5,Winter,1,2.0,-1.0199999999999818,-6.399999999999999
2025-01-05 12:00:00,AWS_VAAH,Ahmedabad / Sardar Vallabhbhai Patel Intl,Ahmedabad,Gujarat,23.0772,72.6346,55.0,25.0,1013.88,47.2,NOAA/NWS ASOS via IEM Archive (provided source file),0,NORMAL,,,,,,12,5,1,5,Winter,1,1.0,0.0,-3.0
2025-01-05 12:30:00,AWS_VAAH,Ahmedabad / Sardar Vallabhbhai Patel Intl,Ahmedabad,Gujarat,23.0772,72.6346,55.0,26.0,1012.87,44.5,NOAA/NWS ASOS via IEM Archive (provided source file),0,NORMAL,,,,,,12,5,1,5,Winter,1,1.0,-1.009999999999991,-2.700000000000003
2025-01-05 13:00:00,AWS_VAAH,Ahmedabad / Sardar Vallabhbhai Patel Intl,Ahmedabad,Gujarat,23.0772,72.6346,55.0,26.0,1012.87,41.7,NOAA/NWS ASOS via IEM Archive (provided source file),0,NORMAL,,,,,,13,5,1,5,Winter,1,0.0,0.0,-2.799999999999997
2025-01-05 13:30:00,AWS_VAAH,Ahmedabad / Sardar Vallabhbhai Patel Intl,Ahmedabad,Gujarat,23.0772,72.6346,55.0,26.0,1011.85,41.7,NOAA/NWS ASOS via IEM Archive (provided source file),0,NORMAL,,,,,,13,5,1,5,Winter,1,0.0,-1.0199999999999818,0.0
2025-01-05 14:00:00,AWS_VAAH,Ahmedabad / Sardar Vallabhbhai Patel Intl,Ahmedabad,Gujarat,23.0772,72.6346,55.0,26.0,1011.85,41.7,NOAA/NWS ASOS via IEM Archive (provided source file),0,NORMAL,,,,,,14,5,1,5,Winter,1,0.0,0.0,0.0
2025-01-05 14:30:00,AWS_VAAH,Ahmedabad / Sardar Vallabhbhai Patel Intl,Ahmedabad,Gujarat,23.0772,72.6346,55.0,28.0,1010.84,34.7,NOAA/NWS ASOS via IEM Archive (provided source file),0,NORMAL,,,,,,14,5,1,5,Winter,1,2.0,-1.009999999999991,-7.0
2025-01-05 15:00:00,AWS_VAAH,Ahmedabad / Sardar Vallabhbhai Patel Intl,Ahmedabad,Gujarat,23.0772,72.6346,55.0,27.0,1010.84,39.3,NOAA/NWS ASOS via IEM Archive (provided source file),0,NORMAL,,,,,,15,5,1,5,Winter,1,-1.0,0.0,4.599999999999994
2025-01-05 15:30:00,AWS_VAAH,Ahmedabad / Sardar Vallabhbhai Patel Intl,Ahmedabad,Gujarat,23.0772,72.6346,55.0,27.0,1010.84,39.3,NOAA/NWS ASOS via IEM Archive (provided source file),0,NORMAL,,,,,,15,5,1,5,Winter,1,0.0,0.0,0.0
2025-01-05 16:00:00,AWS_VAAH,Ahmedabad / Sardar Vallabhbhai Patel Intl,Ahmedabad,Gujarat,23.0772,72.6346,55.0,27.0,1010.84,39.3,NOAA/NWS ASOS via IEM Archive (provided source file),0,NORMAL,,,,,,16,5,1,5,Winter,1,0.0,0.0,0.0
2025-01-05 16:30:00,AWS_VAAH,Ahmedabad / Sardar Vallabhbhai Patel Intl,Ahmedabad,Gujarat,23.0772,72.6346,55.0,27.0,1010.84,39.3,NOAA/NWS ASOS via IEM Archive (provided source file),0,NORMAL,,,,,,16,5,1,5,Winter,1,0.0,0.0,0.0
2025-01-05 17:00:00,AWS_VAAH,Ahmedabad / Sardar Vallabhbhai Patel Intl,Ahmedabad,Gujarat,23.0772,72.6346,55.0,26.0,1010.84,39.0,NOAA/NWS ASOS via IEM Archive (provided source file),0,NORMAL,,,,,,17,5,1,5,Winter,1,-1.0,0.0,-0.29999999999999716
2025-01-05 17:30:00,AWS_VAAH,Ahmedabad / Sardar Vallabhbhai Patel Intl,Ahmedabad,Gujarat,23.0772,72.6346,55.0,25.0,1010.84,41.4,NOAA/NWS ASOS via IEM Archive (provided source file),0,NORMAL,,,,,,17,5,1,5,Winter,1,-1.0,0.0,2.3999999999999986
2025-01-05 18:00:00,AWS_VAAH,Ahmedabad / Sardar Vallabhbhai Patel Intl,Ahmedabad,Gujarat,23.0772,72.6346,55.0,24.0,1011.85,44.0,NOAA/NWS ASOS via IEM Archive (provided source file),0,NORMAL,,,,,,18,5,1,5,Winter,0,-1.0,1.009999999999991,2.6000000000000014
2025-01-05 18:30:00,AWS_VAAH,Ahmedabad / Sardar Vallabhbhai Patel Intl,Ahmedabad,Gujarat,23.0772,72.6346,55.0,23.0,1011.85,46.7,NOAA/NWS ASOS via IEM Archive (provided source file),0,NORMAL,,,,,,18,5,1,5,Winter,0,-1.0,0.0,2.700000000000003
2025-01-05 19:00:00,AWS_VAAH,Ahmedabad / Sardar Vallabhbhai Patel Intl,Ahmedabad,Gujarat,23.0772,72.6346,55.0,23.0,1011.85,46.7,NOAA/NWS ASOS via IEM Archive (provided source file),0,NORMAL,,,,,,19,5,1,5,Winter,0,0.0,0.0,0.0
2025-01-05 19:30:00,AWS_VAAH,Ahmedabad / Sardar Vallabhbhai Patel Intl,Ahmedabad,Gujarat,23.0772,72.6346,55.0,22.0,1012.87,49.6,NOAA/NWS ASOS via IEM Archive (provided source file),0,NORMAL,,,,,,19,5,1,5,Winter,0,-1.0,1.0199999999999818,2.8999999999999986
2025-01-05 20:00:00,AWS_VAAH,Ahmedabad / Sardar Vallabhbhai Patel Intl,Ahmedabad,Gujarat,23.0772,72.6346,55.0,21.0,1012.87,52.8,NOAA/NWS ASOS via IEM Archive (provided source file),0,NORMAL,,,,,,20,5,1,5,Winter,0,-1.0,0.0,3.1999999999999957
2025-01-05 20:30:00,AWS_VAAH,Ahmedabad / Sardar Vallabhbhai Patel Intl,Ahmedabad,Gujarat,23.0772,72.6346,55.0,21.0,1013.88,52.8,NOAA/NWS ASOS via IEM Archive (provided source file),0,NORMAL,,,,,,20,5,1,5,Winter,0,0.0,1.009999999999991,0.0
2025-01-05 21:00:00,AWS_VAAH,Ahmedabad / Sardar Vallabhbhai Patel Intl,Ahmedabad,Gujarat,23.0772,72.6346,55.0,21.0,1013.88,52.8,NOAA/NWS ASOS via IEM Archive (provided source file),0,NORMAL,,,,,,21,5,1,5,Winter,0,0.0,0.0,0.0
2025-01-05 21:30:00,AWS_VAAH,Ahmedabad / Sardar Vallabhbhai Patel Intl,Ahmedabad,Gujarat,23.0772,72.6346,55.0,20.0,1013.88,56.1,NOAA/NWS ASOS via IEM Archive (provided source file),0,NORMAL,,,,,,21,5,1,5,Winter,0,-1.0,0.0,3.3000000000000043
2025-01-05 22:00:00,AWS_VAAH,Ahmedabad / Sardar Vallabhbhai Patel Intl,Ahmedabad,Gujarat,23.0772,72.6346,55.0,20.0,1013.88,52.5,NOAA/NWS ASOS via IEM Archive (provided source file),0,NORMAL,,,,,,22,5,1,5,Winter,0,0.0,0.0,-3.6000000000000014
2025-01-05 22:30:00,AWS_VAAH,Ahmedabad / Sardar Vallabhbhai Patel Intl,Ahmedabad,Gujarat,23.0772,72.6346,55.0,20.0,1013.88,52.5,NOAA/NWS ASOS via IEM Archive (provided source file),0,NORMAL,,,,,,22,5,1,5,Winter,0,0.0,0.0,0.0
2025-01-05 23:00:00,AWS_VAAH,Ahmedabad / Sardar Vallabhbhai Patel Intl,Ahmedabad,Gujarat,23.0772,72.6346,55.0,19.0,1013.88,52.2,NOAA/NWS ASOS via IEM Archive (provided source file),0,NORMAL,,,,,,23,5,1,5,Winter,0,-1.0,0.0,-0.29999999999999716
2025-01-05 23:30:00,AWS_VAAH,Ahmedabad / Sardar Vallabhbhai Patel Intl,Ahmedabad,Gujarat,23.0772,72.6346,55.0,19.0,1013.88,48.8,NOAA/NWS ASOS via IEM Archive (provided source file),0,NORMAL,,,,,,23,5,1,5,Winter,0,0.0,0.0,-3.4000000000000057
2025-01-06 00:00:00,AWS_VAAH,Ahmedabad / Sardar Vallabhbhai Patel Intl,Ahmedabad,Gujarat,23.0772,72.6346,55.0,19.0,1013.88,48.8,NOAA/NWS ASOS via IEM Archive (provided source file),0,NORMAL,,,,,,0,6,1,6,Winter,0,0.0,0.0,0.0
2025-01-06 00:30:00,AWS_VAAH,Ahmedabad / Sardar Vallabhbhai Patel Intl,Ahmedabad,Gujarat,23.0772,72.6346,55.0,18.0,1013.88,52.0,NOAA/NWS ASOS via IEM Archive (provided source file),0,NORMAL,,,,,,0,6,1,6,Winter,0,-1.0,0.0,3.200000000000003
2025-01-06 01:00:00,AWS_VAAH,Ahmedabad / Sardar Vallabhbhai Patel Intl,Ahmedabad,Gujarat,23.0772,72.6346,55.0,18.0,1013.88,52.0,NOAA/NWS ASOS via IEM Archive (provided source file),0,NORMAL,,,,,,1,6,1,6,Winter,0,0.0,0.0,0.0
2025-01-06 01:30:00,AWS_VAAH,Ahmedabad / Sardar Vallabhbhai Patel Intl,Ahmedabad,Gujarat,23.0772,72.6346,55.0,18.0,1012.87,48.6,NOAA/NWS ASOS via IEM Archive (provided source file),0,NORMAL,,,,,,1,6,1,6,Winter,0,0.0,-1.009999999999991,-3.3999999999999986
2025-01-06 02:00:00,AWS_VAAH,Ahmedabad / Sardar Vallabhbhai Patel Intl,Ahmedabad,Gujarat,23.0772,72.6346,55.0,17.0,1012.87,51.7,NOAA/NWS ASOS via IEM Archive (provided source file),0,NORMAL,,,,,,2,6,1,6,Winter,0,-1.0,0.0,3.1000000000000014
2025-01-06 02:30:00,AWS_VAAH,Ahmedabad / Sardar Vallabhbhai Patel Intl,Ahmedabad,Gujarat,23.0772,72.6346,55.0,17.0,1012.87,51.7,NOAA/NWS ASOS via IEM Archive (provided source file),0,NORMAL,,,,,,2,6,1,6,Winter,0,0.0,0.0,0.0
2025-01-06 03:00:00,AWS_VAAH,Ahmedabad / Sardar Vallabhbhai Patel Intl,Ahmedabad,Gujarat,23.0772,72.6346,55.0,16.0,1012.87,55.1,NOAA/NWS ASOS via IEM Archive (provided source file),0,NORMAL,,,,,,3,6,1,6,Winter,0,-1.0,0.0,3.3999999999999986
2025-01-06 03:30:00,AWS_VAAH,Ahmedabad / Sardar Vallabhbhai Patel Intl,Ahmedabad,Gujarat,23.0772,72.6346,55.0,16.0,1012.87,55.1,NOAA/NWS ASOS via IEM Archive (provided source file),0,NORMAL,,,,,,3,6,1,6,Winter,0,0.0,0.0,0.0
2025-01-06 04:00:00,AWS_VAAH,Ahmedabad / Sardar Vallabhbhai Patel Intl,Ahmedabad,Gujarat,23.0772,72.6346,55.0,15.0,1012.87,58.8,NOAA/NWS ASOS via IEM Archive (provided source file),0,NORMAL,,,,,,4,6,1,6,Winter,0,-1.0,0.0,3.6999999999999957
2025-01-06 04:30:00,AWS_VAAH,Ahmedabad / Sardar Vallabhbhai Patel Intl,Ahmedabad,Gujarat,23.0772,72.6346,55.0,15.0,1012.87,58.8,NOAA/NWS ASOS via IEM Archive (provided source file),0,NORMAL,,,,,,4,6,1,6,Winter,0,0.0,0.0,0.0
2025-01-06 05:00:00,AWS_VAAH,Ahmedabad / Sardar Vallabhbhai Patel Intl,Ahmedabad,Gujarat,23.0772,72.6346,55.0,14.0,1012.87,62.7,NOAA/NWS ASOS via IEM Archive (provided source file),0,NORMAL,,,,,,5,6,1,6,Winter,0,-1.0,0.0,3.9000000000000057
2025-01-06 05:30:00,AWS_VAAH,Ahmedabad / Sardar Vallabhbhai Patel Intl,Ahmedabad,Gujarat,23.0772,72.6346,55.0,14.0,1012.87,62.7,NOAA/NWS ASOS via IEM Archive (provided source file),0,NORMAL,,,,,,5,6,1,6,Winter,0,0.0,0.0,0.0
2025-01-06 06:00:00,AWS_VAAH,Ahmedabad / Sardar Vallabhbhai Patel Intl,Ahmedabad,Gujarat,23.0772,72.6346,55.0,13.0,1013.88,71.6,NOAA/NWS ASOS via IEM Archive (provided source file),0,NORMAL,,,,,,6,6,1,6,Winter,1,-1.0,1.009999999999991,8.899999999999991
2025-01-06 06:30:00,AWS_VAAH,Ahmedabad / Sardar Vallabhbhai Patel Intl,Ahmedabad,Gujarat,23.0772,72.6346,55.0,13.0,1013.88,71.6,NOAA/NWS ASOS via IEM Archive (provided source file),0,NORMAL,,,,,,6,6,1,6,Winter,1,0.0,0.0,0.0
2025-01-06 07:00:00,AWS_VAAH,Ahmedabad / Sardar Vallabhbhai Patel Intl,Ahmedabad,Gujarat,23.0772,72.6346,55.0,13.0,1013.88,71.6,NOAA/NWS ASOS via IEM Archive (provided source file),0,NORMAL,,,,,,7,6,1,6,Winter,1,0.0,0.0,0.0
2025-01-06 07:30:00,AWS_VAAH,Ahmedabad / Sardar Vallabhbhai Patel Intl,Ahmedabad,Gujarat,23.0772,72.6346,55.0,13.0,1014.9,71.6,NOAA/NWS ASOS via IEM Archive (provided source file),0,NORMAL,,,,,,7,6,1,6,Winter,1,0.0,1.0199999999999818,0.0
2025-01-06 08:00:00,AWS_VAAH,Ahmedabad / Sardar Vallabhbhai Patel Intl,Ahmedabad,Gujarat,23.0772,72.6346,55.0,13.0,1014.9,71.6,NOAA/NWS ASOS via IEM Archive (provided source file),0,NORMAL,,,,,,8,6,1,6,Winter,1,0.0,0.0,0.0
2025-01-06 08:30:00,AWS_VAAH,Ahmedabad / Sardar Vallabhbhai Patel Intl,Ahmedabad,Gujarat,23.0772,72.6346,55.0,13.0,1015.92,71.6,NOAA/NWS ASOS via IEM Archive (provided source file),0,NORMAL,,,,,,8,6,1,6,Winter,1,0.0,1.0199999999999818,0.0
2025-01-06 09:00:00,AWS_VAAH,Ahmedabad / Sardar Vallabhbhai Patel Intl,Ahmedabad,Gujarat,23.0772,72.6346,55.0,14.0,1015.92,71.8,NOAA/NWS ASOS via IEM Archive (provided source file),0,NORMAL,,,,,,9,6,1,6,Winter,1,1.0,0.0,0.20000000000000284
2025-01-06 09:30:00,AWS_VAAH,Ahmedabad / Sardar Vallabhbhai Patel Intl,Ahmedabad,Gujarat,23.0772,72.6346,55.0,15.0,1016.93,67.3,NOAA/NWS ASOS via IEM Archive (provided source file),0,NORMAL,,,,,,9,6,1,6,Winter,1,1.0,1.009999999999991,-4.5
2025-01-06 10:00:00,AWS_VAAH,Ahmedabad / Sardar Vallabhbhai Patel Intl,Ahmedabad,Gujarat,23.0772,72.6346,55.0,17.0,1016.93,59.3,NOAA/NWS ASOS via IEM Archive (provided source file),0,NORMAL,,,,,,10,6,1,6,Winter,1,2.0,0.0,-8.0
2025-01-06 10:30:00,AWS_VAAH,Ahmedabad / Sardar Vallabhbhai Patel Intl,Ahmedabad,Gujarat,23.0772,72.6346,55.0,19.0,1016.93,48.8,NOAA/NWS ASOS via IEM Archive (provided source file),0,NORMAL,,,,,,10,6,1,6,Winter,1,2.0,0.0,-10.5
2025-01-06 11:00:00,AWS_VAAH,Ahmedabad / Sardar Vallabhbhai Patel Intl,Ahmedabad,Gujarat,23.0772,72.6346,55.0,20.0,1016.93,49.1,NOAA/NWS ASOS via IEM Archive (provided source file),0,NORMAL,,,,,,11,6,1,6,Winter,1,1.0,0.0,0.30000000000000426
2025-01-06 11:30:00,AWS_VAAH,Ahmedabad / Sardar Vallabhbhai Patel Intl,Ahmedabad,Gujarat,23.0772,72.6346,55.0,21.0,1015.92,46.2,NOAA/NWS ASOS via IEM Archive (provided source file),0,NORMAL,,,,,,11,6,1,6,Winter,1,1.0,-1.009999999999991,-2.8999999999999986
2025-01-06 12:00:00,AWS_VAAH,Ahmedabad / Sardar Vallabhbhai Patel Intl,Ahmedabad,Gujarat,23.0772,72.6346,55.0,23.0,1015.92,40.8,NOAA/NWS ASOS via IEM Archive (provided source file),0,NORMAL,,,,,,12,6,1,6,Winter,1,2.0,0.0,-5.400000000000006
2025-01-06 12:30:00,AWS_VAAH,Ahmedabad / Sardar Vallabhbhai Patel Intl,Ahmedabad,Gujarat,23.0772,72.6346,55.0,23.0,1014.9,38.2,NOAA/NWS ASOS via IEM Archive (provided source file),0,NORMAL,,,,,,12,6,1,6,Winter,1,0.0,-1.0199999999999818,-2.5999999999999943
2025-01-06 13:00:00,AWS_VAAH,Ahmedabad / Sardar Vallabhbhai Patel Intl,Ahmedabad,Gujarat,23.0772,72.6346,55.0,24.0,1014.9,35.9,NOAA/NWS ASOS via IEM Archive (provided source file),0,NORMAL,,,,,,13,6,1,6,Winter,1,1.0,0.0,-2.3000000000000043
2025-01-06 13:30:00,AWS_VAAH,Ahmedabad / Sardar Vallabhbhai Patel Intl,Ahmedabad,Gujarat,23.0772,72.6346,55.0,24.0,1013.88,33.6,NOAA/NWS ASOS via IEM Archive (provided source file),0,NORMAL,,,,,,13,6,1,6,Winter,1,0.0,-1.0199999999999818,-2.299999999999997
2025-01-06 14:00:00,AWS_VAAH,Ahmedabad / Sardar Vallabhbhai Patel Intl,Ahmedabad,Gujarat,23.0772,72.6346,55.0,24.0,1013.88,33.6,NOAA/NWS ASOS via IEM Archive (provided source file),0,NORMAL,,,,,,14,6,1,6,Winter,1,0.0,0.0,0.0
2025-01-06 14:30:00,AWS_VAAH,Ahmedabad / Sardar Vallabhbhai Patel Intl,Ahmedabad,Gujarat,23.0772,72.6346,55.0,25.0,1013.88,33.8,NOAA/NWS ASOS via IEM Archive (provided source file),0,NORMAL,,,,,,14,6,1,6,Winter,1,1.0,0.0,0.19999999999999574
2025-01-06 15:00:00,AWS_VAAH,Ahmedabad / Sardar Vallabhbhai Patel Intl,Ahmedabad,Gujarat,23.0772,72.6346,55.0,25.0,1012.87,33.8,NOAA/NWS ASOS via IEM Archive (provided source file),0,NORMAL,,,,,,15,6,1,6,Winter,1,0.0,-1.009999999999991,0.0
2025-01-06 15:30:00,AWS_VAAH,Ahmedabad / Sardar Vallabhbhai Patel Intl,Ahmedabad,Gujarat,23.0772,72.6346,55.0,25.0,1012.87,29.5,NOAA/NWS ASOS via IEM Archive (provided source file),0,NORMAL,,,,,,15,6,1,6,Winter,1,0.0,0.0,-4.299999999999997
2025-01-06 16:00:00,AWS_VAAH,Ahmedabad / Sardar Vallabhbhai Patel Intl,Ahmedabad,Gujarat,23.0772,72.6346,55.0,25.0,1012.87,29.5,NOAA/NWS ASOS via IEM Archive (provided source file),0,NORMAL,,,,,,16,6,1,6,Winter,1,0.0,0.0,0.0
2025-01-06 16:30:00,AWS_VAAH,Ahmedabad / Sardar Vallabhbhai Patel Intl,Ahmedabad,Gujarat,23.0772,72.6346,55.0,25.0,1012.87,29.5,NOAA/NWS ASOS via IEM Archive (provided source file),0,NORMAL,,,,,,16,6,1,6,Winter,1,0.0,0.0,0.0
2025-01-06 17:30:00,AWS_VAAH,Ahmedabad / Sardar Vallabhbhai Patel Intl,Ahmedabad,Gujarat,23.0772,72.6346,55.0,25.0,1012.87,27.5,NOAA/NWS ASOS via IEM Archive (provided source file),0,NORMAL,,,,,,17,6,1,6,Winter,1,0.0,0.0,-2.0
2025-01-06 18:00:00,AWS_VAAH,Ahmedabad / Sardar Vallabhbhai Patel Intl,Ahmedabad,Gujarat,23.0772,72.6346,55.0,23.0,1012.87,33.3,NOAA/NWS ASOS via IEM Archive (provided source file),0,NORMAL,,,,,,18,6,1,6,Winter,0,-2.0,0.0,5.799999999999997
2025-01-06 18:30:00,AWS_VAAH,Ahmedabad / Sardar Vallabhbhai Patel Intl,Ahmedabad,Gujarat,23.0772,72.6346,55.0,23.0,1013.88,35.7,NOAA/NWS ASOS via IEM Archive (provided source file),0,NORMAL,,,,,,18,6,1,6,Winter,0,0.0,1.009999999999991,2.4000000000000057
2025-01-06 19:00:00,AWS_VAAH,Ahmedabad / Sardar Vallabhbhai Patel Intl,Ahmedabad,Gujarat,23.0772,72.6346,55.0,22.0,1013.88,40.6,NOAA/NWS ASOS via IEM Archive (provided source file),0,NORMAL,,,,,,19,6,1,6,Winter,0,-1.0,0.0,4.899999999999999
2025-01-06 19:30:00,AWS_VAAH,Ahmedabad / Sardar Vallabhbhai Patel Intl,Ahmedabad,Gujarat,23.0772,72.6346,55.0,22.0,1013.88,40.6,NOAA/NWS ASOS via IEM Archive (provided source file),0,NORMAL,,,,,,19,6,1,6,Winter,0,0.0,0.0,0.0
2025-01-06 20:00:00,AWS_VAAH,Ahmedabad / Sardar Vallabhbhai Patel Intl,Ahmedabad,Gujarat,23.0772,72.6346,55.0,22.0,1014.9,40.6,NOAA/NWS ASOS via IEM Archive (provided source file),0,NORMAL,,,,,,20,6,1,6,Winter,0,0.0,1.0199999999999818,0.0
2025-01-06 20:30:00,AWS_VAAH,Ahmedabad / Sardar Vallabhbhai Patel Intl,Ahmedabad,Gujarat,23.0772,72.6346,55.0,21.0,1014.9,40.3,NOAA/NWS ASOS via IEM Archive (provided source file),0,NORMAL,,,,,,20,6,1,6,Winter,0,-1.0,0.0,-0.30000000000000426
2025-01-06 21:00:00,AWS_VAAH,Ahmedabad / Sardar Vallabhbhai Patel Intl,Ahmedabad,Gujarat,23.0772,72.6346,55.0,21.0,1014.9,37.6,NOAA/NWS ASOS via IEM Archive (provided source file),0,NORMAL,,,,,,21,6,1,6,Winter,0,0.0,0.0,-2.6999999999999957
2025-01-06 21:30:00,AWS_VAAH,Ahmedabad / Sardar Vallabhbhai Patel Intl,Ahmedabad,Gujarat,23.0772,72.6346,55.0,20.0,1015.92,40.0,NOAA/NWS ASOS via IEM Archive (provided source file),0,NORMAL,,,,,,21,6,1,6,Winter,0,-1.0,1.0199999999999818,2.3999999999999986
2025-01-06 22:00:00,AWS_VAAH,Ahmedabad / Sardar Vallabhbhai Patel Intl,Ahmedabad,Gujarat,23.0772,72.6346,55.0,19.0,1015.92,42.6,NOAA/NWS ASOS via IEM Archive (provided source file),0,NORMAL,,,,,,22,6,1,6,Winter,0,-1.0,0.0,2.6000000000000014
2025-01-06 22:30:00,AWS_VAAH,Ahmedabad / Sardar Vallabhbhai Patel Intl,Ahmedabad,Gujarat,23.0772,72.6346,55.0,18.0,1015.92,48.6,NOAA/NWS ASOS via IEM Archive (provided source file),0,NORMAL,,,,,,22,6,1,6,Winter,0,-1.0,0.0,6.0
2025-01-06 23:00:00,AWS_VAAH,Ahmedabad / Sardar Vallabhbhai Patel Intl,Ahmedabad,Gujarat,23.0772,72.6346,55.0,18.0,1015.92,48.6,NOAA/NWS ASOS via IEM Archive (provided source file),0,NORMAL,,,,,,23,6,1,6,Winter,0,0.0,0.0,0.0
2025-01-06 23:30:00,AWS_VAAH,Ahmedabad / Sardar Vallabhbhai Patel Intl,Ahmedabad,Gujarat,23.0772,72.6346,55.0,18.0,1015.92,45.3,NOAA/NWS ASOS via IEM Archive (provided source file),0,NORMAL,,,,,,23,6,1,6,Winter,0,0.0,0.0,-3.3000000000000043
2025-01-01 00:00:00,AWS_VABB,Mumbai / Chhatrapati Shivaji Maharaj Intl,Mumbai,Maharashtra,19.1005,72.8585,8.0,28.0,1014.9,54.6,NOAA/NWS ASOS via IEM Archive (provided source file),0,NORMAL,,,,,,0,1,1,1,Winter,0,,,
2025-01-01 00:30:00,AWS_VABB,Mumbai / Chhatrapati Shivaji Maharaj Intl,Mumbai,Maharashtra,19.1005,72.8585,8.0,27.0,1013.88,61.6,NOAA/NWS ASOS via IEM Archive (provided source file),0,NORMAL,,,,,,0,1,1,1,Winter,0,-1.0,-1.0199999999999818,7.0
2025-01-01 01:00:00,AWS_VABB,Mumbai / Chhatrapati Shivaji Maharaj Intl,Mumbai,Maharashtra,19.1005,72.8585,8.0,27.0,1013.88,61.6,NOAA/NWS ASOS via IEM Archive (provided source file),0,NORMAL,,,,,,1,1,1,1,Winter,0,0.0,0.0,0.0
2025-01-01 01:30:00,AWS_VABB,Mumbai / Chhatrapati Shivaji Maharaj Intl,Mumbai,Maharashtra,19.1005,72.8585,8.0,27.0,1013.88,61.6,NOAA/NWS ASOS via IEM Archive (provided source file),0,NORMAL,,,,,,1,1,1,1,Winter,0,0.0,0.0,0.0
2025-01-01 02:00:00,AWS_VABB,Mumbai / Chhatrapati Shivaji Maharaj Intl,Mumbai,Maharashtra,19.1005,72.8585,8.0,27.0,1012.87,61.6,NOAA/NWS ASOS via IEM Archive (provided source file),0,NORMAL,,,,,,2,1,1,1,Winter,0,0.0,-1.009999999999991,0.0
2025-01-01 02:30:00,AWS_VABB,Mumbai / Chhatrapati Shivaji Maharaj Intl,Mumbai,Maharashtra,19.1005,72.8585,8.0,27.0,1012.87,61.6,NOAA/NWS ASOS via IEM Archive (provided source file),0,NORMAL,,,,,,2,1,1,1,Winter,0,0.0,0.0,0.0
2025-01-01 03:00:00,AWS_VABB,Mumbai / Chhatrapati Shivaji Maharaj Intl,Mumbai,Maharashtra,19.1005,72.8585,8.0,26.0,1012.87,65.3,NOAA/NWS ASOS via IEM Archive (provided source file),0,NORMAL,,,,,,3,1,1,1,Winter,0,-1.0,0.0,3.6999999999999957
2025-01-01 03:30:00,AWS_VABB,Mumbai / Chhatrapati Shivaji Maharaj Intl,Mumbai,Maharashtra,19.1005,72.8585,8.0,26.0,1012.87,65.3,NOAA/NWS ASOS via IEM Archive (provided source file),0,NORMAL,,,,,,3,1,1,1,Winter,0,0.0,0.0,0.0
2025-01-01 04:00:00,AWS_VABB,Mumbai / Chhatrapati Shivaji Maharaj Intl,Mumbai,Maharashtra,19.1005,72.8585,8.0,24.0,1012.87,73.6,NOAA/NWS ASOS via IEM Archive (provided source file),0,NORMAL,,,,,,4,1,1,1,Winter,0,-2.0,0.0,8.299999999999997
2025-01-01 04:30:00,AWS_VABB,Mumbai / Chhatrapati Shivaji Maharaj Intl,Mumbai,Maharashtra,19.1005,72.8585,8.0,26.0,1012.87,65.3,NOAA/NWS ASOS via IEM Archive (provided source file),0,NORMAL,,,,,,4,1,1,1,Winter,0,2.0,0.0,-8.299999999999997
2025-01-01 05:00:00,AWS_VABB,Mumbai / Chhatrapati Shivaji Maharaj Intl,Mumbai,Maharashtra,19.1005,72.8585,8.0,26.0,1012.87,65.3,NOAA/NWS ASOS via IEM Archive (provided source file),0,NORMAL,,,,,,5,1,1,1,Winter,0,0.0,0.0,0.0
2025-01-01 05:30:00,AWS_VABB,Mumbai / Chhatrapati Shivaji Maharaj Intl,Mumbai,Maharashtra,19.1005,72.8585,8.0,25.0,1012.87,69.3,NOAA/NWS ASOS via IEM Archive (provided source file),0,NORMAL,,,,,,5,1,1,1,Winter,0,-1.0,0.0,4.0
2025-01-01 06:00:00,AWS_VABB,Mumbai / Chhatrapati Shivaji Maharaj Intl,Mumbai,Maharashtra,19.1005,72.8585,8.0,25.0,1012.87,69.3,NOAA/NWS ASOS via IEM Archive (provided source file),0,NORMAL,,,,,,6,1,1,1,Winter,1,0.0,0.0,0.0
2025-01-01 06:30:00,AWS_VABB,Mumbai / Chhatrapati Shivaji Maharaj Intl,Mumbai,Maharashtra,19.1005,72.8585,8.0,25.0,1012.87,65.1,NOAA/NWS ASOS via IEM Archive (provided source file),0,NORMAL,,,,,,6,1,1,1,Winter,1,0.0,0.0,-4.200000000000003
2025-01-01 07:00:00,AWS_VABB,Mumbai / Chhatrapati Shivaji Maharaj Intl,Mumbai,Maharashtra,19.1005,72.8585,8.0,25.0,1013.88,65.1,NOAA/NWS ASOS via IEM Archive (provided source file),0,NORMAL,,,,,,7,1,1,1,Winter,1,0.0,1.009999999999991,0.0
2025-01-01 07:30:00,AWS_VABB,Mumbai / Chhatrapati Shivaji Maharaj Intl,Mumbai,Maharashtra,19.1005,72.8585,8.0,25.0,1013.88,65.1,NOAA/NWS ASOS via IEM Archive (provided source file),0,NORMAL,,,,,,7,1,1,1,Winter,1,0.0,0.0,0.0
2025-01-01 08:00:00,AWS_VABB,Mumbai / Chhatrapati Shivaji Maharaj Intl,Mumbai,Maharashtra,19.1005,72.8585,8.0,25.0,1013.88,65.1,NOAA/NWS ASOS via IEM Archive (provided source file),0,NORMAL,,,,,,8,1,1,1,Winter,1,0.0,0.0,0.0
2025-01-01 08:30:00,AWS_VABB,Mumbai / Chhatrapati Shivaji Maharaj Intl,Mumbai,Maharashtra,19.1005,72.8585,8.0,26.0,1014.9,61.4,NOAA/NWS ASOS via IEM Archive (provided source file),0,NORMAL,,,,,,8,1,1,1,Winter,1,1.0,1.0199999999999818,-3.6999999999999957
2025-01-01 09:00:00,AWS_VABB,Mumbai / Chhatrapati Shivaji Maharaj Intl,Mumbai,Maharashtra,19.1005,72.8585,8.0,27.0,1014.9,57.8,NOAA/NWS ASOS via IEM Archive (provided source file),0,NORMAL,,,,,,9,1,1,1,Winter,1,1.0,0.0,-3.6000000000000014
2025-01-01 09:30:00,AWS_VABB,Mumbai / Chhatrapati Shivaji Maharaj Intl,Mumbai,Maharashtra,19.1005,72.8585,8.0,27.0,1015.92,57.8,NOAA/NWS ASOS via IEM Archive (provided source file),0,NORMAL,,,,,,9,1,1,1,Winter,1,0.0,1.0199999999999818,0.0
2025-01-01 10:00:00,AWS_VABB,Mumbai / Chhatrapati Shivaji Maharaj Intl,Mumbai,Maharashtra,19.1005,72.8585,8.0,28.0,1015.92,54.6,NOAA/NWS ASOS via IEM Archive (provided source file),0,NORMAL,,,,,,10,1,1,1,Winter,1,1.0,0.0,-3.1999999999999957
2025-01-01 10:30:00,AWS_VABB,Mumbai / Chhatrapati Shivaji Maharaj Intl,Mumbai,Maharashtra,19.1005,72.8585,8.0,29.0,1015.92,51.5,NOAA/NWS ASOS via IEM Archive (provided source file),0,NORMAL,,,,,,10,1,1,1,Winter,1,1.0,0.0,-3.1000000000000014
2025-01-01 11:00:00,AWS_VABB,Mumbai / Chhatrapati Shivaji Maharaj Intl,Mumbai,Maharashtra,19.1005,72.8585,8.0,29.0,1015.92,51.5,NOAA/NWS ASOS via IEM Archive (provided source file),0,NORMAL,,,,,,11,1,1,1,Winter,1,0.0,0.0,0.0
2025-01-01 11:30:00,AWS_VABB,Mumbai / Chhatrapati Shivaji Maharaj Intl,Mumbai,Maharashtra,19.1005,72.8585,8.0,30.0,1014.9,48.6,NOAA/NWS ASOS via IEM Archive (provided source file),0,NORMAL,,,,,,11,1,1,1,Winter,1,1.0,-1.0199999999999818,-2.8999999999999986
2025-01-01 12:00:00,AWS_VABB,Mumbai / Chhatrapati Shivaji Maharaj Intl,Mumbai,Maharashtra,19.1005,72.8585,8.0,31.0,1014.9,43.1,NOAA/NWS ASOS via IEM Archive (provided source file),0,NORMAL,,,,,,12,1,1,1,Winter,1,1.0,0.0,-5.5
2025-01-01 12:30:00,AWS_VABB,Mumbai / Chhatrapati Shivaji Maharaj Intl,Mumbai,Maharashtra,19.1005,72.8585,8.0,31.0,1013.88,43.1,NOAA/NWS ASOS via IEM Archive (provided source file),0,NORMAL,,,,,,12,1,1,1,Winter,1,0.0,-1.0199999999999818,0.0
2025-01-01 13:00:00,AWS_VABB,Mumbai / Chhatrapati Shivaji Maharaj Intl,Mumbai,Maharashtra,19.1005,72.8585,8.0,31.0,1013.88,43.1,NOAA/NWS ASOS via IEM Archive (provided source file),0,NORMAL,,,,,,13,1,1,1,Winter,1,0.0,0.0,0.0
2025-01-01 13:30:00,AWS_VABB,Mumbai / Chhatrapati Shivaji Maharaj Intl,Mumbai,Maharashtra,19.1005,72.8585,8.0,32.0,1012.87,38.2,NOAA/NWS ASOS via IEM Archive (provided source file),0,NORMAL,,,,,,13,1,1,1,Winter,1,1.0,-1.009999999999991,-4.899999999999999
2025-01-01 14:00:00,AWS_VABB,Mumbai / Chhatrapati Shivaji Maharaj Intl,Mumbai,Maharashtra,19.1005,72.8585,8.0,32.0,1011.85,38.2,NOAA/NWS ASOS via IEM Archive (provided source file),0,NORMAL,,,,,,14,1,1,1,Winter,1,0.0,-1.0199999999999818,0.0
2025-01-01 14:30:00,AWS_VABB,Mumbai / Chhatrapati Shivaji Maharaj Intl,Mumbai,Maharashtra,19.1005,72.8585,8.0,33.0,1011.85,36.1,NOAA/NWS ASOS via IEM Archive (provided source file),0,NORMAL,,,,,,14,1,1,1,Winter,1,1.0,0.0,-2.1000000000000014
2025-01-01 15:00:00,AWS_VABB,Mumbai / Chhatrapati Shivaji Maharaj Intl,Mumbai,Maharashtra,19.1005,72.8585,8.0,33.0,1011.85,41.0,NOAA/NWS ASOS via IEM Archive (provided source file),0,NORMAL,,,,,,15,1,1,1,Winter,1,0.0,0.0,4.899999999999999
2025-01-01 15:30:00,AWS_VABB,Mumbai / Chhatrapati Shivaji Maharaj Intl,Mumbai,Maharashtra,19.1005,72.8585,8.0,31.0,1010.84,45.9,NOAA/NWS ASOS via IEM Archive (provided source file),0,NORMAL,,,,,,15,1,1,1,Winter,1,-2.0,-1.009999999999991,4.899999999999999
2025-01-01 16:00:00,AWS_VABB,Mumbai / Chhatrapati Shivaji Maharaj Intl,Mumbai,Maharashtra,19.1005,72.8585,8.0,30.0,1010.84,48.6,NOAA/NWS ASOS via IEM Archive (provided source file),0,NORMAL,,,,,,16,1,1,1,Winter,1,-1.0,0.0,2.700000000000003
2025-01-01 16:30:00,AWS_VABB,Mumbai / Chhatrapati Shivaji Maharaj Intl,Mumbai,Maharashtra,19.1005,72.8585,8.0,30.0,1010.84,51.7,NOAA/NWS ASOS via IEM Archive (provided source file),0,NORMAL,,,,,,16,1,1,1,Winter,1,0.0,0.0,3.1000000000000014
2025-01-01 17:00:00,AWS_VABB,Mumbai / Chhatrapati Shivaji Maharaj Intl,Mumbai,Maharashtra,19.1005,72.8585,8.0,30.0,1010.84,51.7,NOAA/NWS ASOS via IEM Archive (provided source file),0,NORMAL,,,,,,17,1,1,1,Winter,1,0.0,0.0,0.0
2025-01-01 17:30:00,AWS_VABB,Mumbai / Chhatrapati Shivaji Maharaj Intl,Mumbai,Maharashtra,19.1005,72.8585,8.0,29.0,1010.84,51.5,NOAA/NWS ASOS via IEM Archive (provided source file),0,NORMAL,,,,,,17,1,1,1,Winter,1,-1.0,0.0,-0.20000000000000284
2025-01-01 18:00:00,AWS_VABB,Mumbai / Chhatrapati Shivaji Maharaj Intl,Mumbai,Maharashtra,19.1005,72.8585,8.0,29.0,1010.84,54.8,NOAA/NWS ASOS via IEM Archive (provided source file),0,NORMAL,,,,,,18,1,1,1,Winter,0,0.0,0.0,3.299999999999997
2025-01-01 18:30:00,AWS_VABB,Mumbai / Chhatrapati Shivaji Maharaj Intl,Mumbai,Maharashtra,19.1005,72.8585,8.0,28.0,1011.85,58.1,NOAA/NWS ASOS via IEM Archive (provided source file),0,NORMAL,,,,,,18,1,1,1,Winter,0,-1.0,1.009999999999991,3.3000000000000043
2025-01-01 19:00:00,AWS_VABB,Mumbai / Chhatrapati Shivaji Maharaj Intl,Mumbai,Maharashtra,19.1005,72.8585,8.0,28.0,1011.85,54.6,NOAA/NWS ASOS via IEM Archive (provided source file),0,NORMAL,,,,,,19,1,1,1,Winter,0,0.0,0.0,-3.5
2025-01-01 19:30:00,AWS_VABB,Mumbai / Chhatrapati Shivaji Maharaj Intl,Mumbai,Maharashtra,19.1005,72.8585,8.0,28.0,1012.87,51.2,NOAA/NWS ASOS via IEM Archive (provided source file),0,NORMAL,,,,,,19,1,1,1,Winter,0,0.0,1.0199999999999818,-3.3999999999999986
2025-01-01 20:00:00,AWS_VABB,Mumbai / Chhatrapati Shivaji Maharaj Intl,Mumbai,Maharashtra,19.1005,72.8585,8.0,29.0,1012.87,48.3,NOAA/NWS ASOS via IEM Archive (provided source file),0,NORMAL,,,,,,20,1,1,1,Winter,0,1.0,0.0,-2.9000000000000057
2025-01-01 20:30:00,AWS_VABB,Mumbai / Chhatrapati Shivaji Maharaj Intl,Mumbai,Maharashtra,19.1005,72.8585,8.0,28.0,1012.87,54.6,NOAA/NWS ASOS via IEM Archive (provided source file),0,NORMAL,,,,,,20,1,1,1,Winter,0,-1.0,0.0,6.300000000000004
2025-01-01 21:00:00,AWS_VABB,Mumbai / Chhatrapati Shivaji Maharaj Intl,Mumbai,Maharashtra,19.1005,72.8585,8.0,28.0,1013.88,54.6,NOAA/NWS ASOS via IEM Archive (provided source file),0,NORMAL,,,,,,21,1,1,1,Winter,0,0.0,1.009999999999991,0.0
2025-01-01 21:30:00,AWS_VABB,Mumbai / Chhatrapati Shivaji Maharaj Intl,Mumbai,Maharashtra,19.1005,72.8585,8.0,28.0,1013.88,54.6,NOAA/NWS ASOS via IEM Archive (provided source file),0,NORMAL,,,,,,21,1,1,1,Winter,0,0.0,0.0,0.0
2025-01-01 22:00:00,AWS_VABB,Mumbai / Chhatrapati Shivaji Maharaj Intl,Mumbai,Maharashtra,19.1005,72.8585,8.0,26.0,1013.88,61.4,NOAA/NWS ASOS via IEM Archive (provided source file),0,NORMAL,,,,,,22,1,1,1,Winter,0,-2.0,0.0,6.799999999999997
2025-01-01 22:30:00,AWS_VABB,Mumbai / Chhatrapati Shivaji Maharaj Intl,Mumbai,Maharashtra,19.1005,72.8585,8.0,26.0,1014.9,61.4,NOAA/NWS ASOS via IEM Archive (provided source file),0,NORMAL,,,,,,22,1,1,1,Winter,0,0.0,1.0199999999999818,0.0
2025-01-01 23:00:00,AWS_VABB,Mumbai / Chhatrapati Shivaji Maharaj Intl,Mumbai,Maharashtra,19.1005,72.8585,8.0,26.0,1013.88,57.6,NOAA/NWS ASOS via IEM Archive (provided source file),0,NORMAL,,,,,,23,1,1,1,Winter,0,0.0,-1.0199999999999818,-3.799999999999997
2025-01-01 23:30:00,AWS_VABB,Mumbai / Chhatrapati Shivaji Maharaj Intl,Mumbai,Maharashtra,19.1005,72.8585,8.0,27.0,1013.88,54.3,NOAA/NWS ASOS via IEM Archive (provided source file),0,NORMAL,,,,,,23,1,1,1,Winter,0,1.0,0.0,-3.3000000000000043
2025-01-02 00:00:00,AWS_VABB,Mumbai / Chhatrapati Shivaji Maharaj Intl,Mumbai,Maharashtra,19.1005,72.8585,8.0,26.0,1013.88,61.4,NOAA/NWS ASOS via IEM Archive (provided source file),0,NORMAL,,,,,,0,2,1,2,Winter,0,-1.0,0.0,7.100000000000001
2025-01-02 00:30:00,AWS_VABB,Mumbai / Chhatrapati Shivaji Maharaj Intl,Mumbai,Maharashtra,19.1005,72.8585,8.0,25.0,1013.88,61.1,NOAA/NWS ASOS via IEM Archive (provided source file),0,NORMAL,,,,,,0,2,1,2,Winter,0,-1.0,0.0,-0.29999999999999716
2025-01-02 01:00:00,AWS_VABB,Mumbai / Chhatrapati Shivaji Maharaj Intl,Mumbai,Maharashtra,19.1005,72.8585,8.0,26.0,1013.88,54.0,NOAA/NWS ASOS via IEM Archive (provided source file),0,NORMAL,,,,,,1,2,1,2,Winter,0,1.0,0.0,-7.100000000000001
2025-01-02 01:30:00,AWS_VABB,Mumbai / Chhatrapati Shivaji Maharaj Intl,Mumbai,Maharashtra,19.1005,72.8585,8.0,25.0,1013.88,61.1,NOAA/NWS ASOS via IEM Archive (provided source file),0,NORMAL,,,,,,1,2,1,2,Winter,0,-1.0,0.0,7.100000000000001
2025-01-02 02:00:00,AWS_VABB,Mumbai / Chhatrapati Shivaji Maharaj Intl,Mumbai,Maharashtra,19.1005,72.8585,8.0,25.0,1012.87,61.1,NOAA/NWS ASOS via IEM Archive (provided source file),0,NORMAL,,,,,,2,2,1,2,Winter,0,0.0,-1.009999999999991,0.0
2025-01-02 02:30:00,AWS_VABB,Mumbai / Chhatrapati Shivaji Maharaj Intl,Mumbai,Maharashtra,19.1005,72.8585,8.0,26.0,1012.87,57.6,NOAA/NWS ASOS via IEM Archive (provided source file),0,NORMAL,,,,,,2,2,1,2,Winter,0,1.0,0.0,-3.5
2025-01-02 03:00:00,AWS_VABB,Mumbai / Chhatrapati Shivaji Maharaj Intl,Mumbai,Maharashtra,19.1005,72.8585,8.0,25.0,1012.87,65.1,NOAA/NWS ASOS via IEM Archive (provided source file),0,NORMAL,,,,,,3,2,1,2,Winter,0,-1.0,0.0,7.499999999999993
2025-01-02 03:30:00,AWS_VABB,Mumbai / Chhatrapati Shivaji Maharaj Intl,Mumbai,Maharashtra,19.1005,72.8585,8.0,25.0,1012.87,61.1,NOAA/NWS ASOS via IEM Archive (provided source file),0,NORMAL,,,,,,3,2,1,2,Winter,0,0.0,0.0,-3.999999999999993
2025-01-02 04:00:00,AWS_VABB,Mumbai / Chhatrapati Shivaji Maharaj Intl,Mumbai,Maharashtra,19.1005,72.8585,8.0,24.0,1012.87,60.9,NOAA/NWS ASOS via IEM Archive (provided source file),0,NORMAL,,,,,,4,2,1,2,Winter,0,-1.0,0.0,-0.20000000000000284
2025-01-02 04:30:00,AWS_VABB,Mumbai / Chhatrapati Shivaji Maharaj Intl,Mumbai,Maharashtra,19.1005,72.8585,8.0,24.0,1012.87,60.9,NOAA/NWS ASOS via IEM Archive (provided source file),0,NORMAL,,,,,,4,2,1,2,Winter,0,0.0,0.0,0.0
2025-01-02 05:00:00,AWS_VABB,Mumbai / Chhatrapati Shivaji Maharaj Intl,Mumbai,Maharashtra,19.1005,72.8585,8.0,24.0,1011.85,60.9,NOAA/NWS ASOS via IEM Archive (provided source file),0,NORMAL,,,,,,5,2,1,2,Winter,0,0.0,-1.0199999999999818,0.0
2025-01-02 05:30:00,AWS_VABB,Mumbai / Chhatrapati Shivaji Maharaj Intl,Mumbai,Maharashtra,19.1005,72.8585,8.0,24.0,1011.85,60.9,NOAA/NWS ASOS via IEM Archive (provided source file),0,NORMAL,,,,,,5,2,1,2,Winter,0,0.0,0.0,0.0
2025-01-02 06:00:00,AWS_VABB,Mumbai / Chhatrapati Shivaji Maharaj Intl,Mumbai,Maharashtra,19.1005,72.8585,8.0,24.0,1012.87,60.9,NOAA/NWS ASOS via IEM Archive (provided source file),0,NORMAL,,,,,,6,2,1,2,Winter,1,0.0,1.0199999999999818,0.0
2025-01-02 06:30:00,AWS_VABB,Mumbai / Chhatrapati Shivaji Maharaj Intl,Mumbai,Maharashtra,19.1005,72.8585,8.0,25.0,1012.87,57.4,NOAA/NWS ASOS via IEM Archive (provided source file),0,NORMAL,,,,,,6,2,1,2,Winter,1,1.0,0.0,-3.5
2025-01-02 07:00:00,AWS_VABB,Mumbai / Chhatrapati Shivaji Maharaj Intl,Mumbai,Maharashtra,19.1005,72.8585,8.0,25.0,1012.87,57.4,NOAA/NWS ASOS via IEM Archive (provided source file),0,NORMAL,,,,,,7,2,1,2,Winter,1,0.0,0.0,0.0
2025-01-02 07:30:00,AWS_VABB,Mumbai / Chhatrapati Shivaji Maharaj Intl,Mumbai,Maharashtra,19.1005,72.8585,8.0,24.0,1013.88,60.9,NOAA/NWS ASOS via IEM Archive (provided source file),0,NORMAL,,,,,,7,2,1,2,Winter,1,-1.0,1.009999999999991,3.5
2025-01-02 08:00:00,AWS_VABB,Mumbai / Chhatrapati Shivaji Maharaj Intl,Mumbai,Maharashtra,19.1005,72.8585,8.0,24.0,1013.88,64.9,NOAA/NWS ASOS via IEM Archive (provided source file),0,NORMAL,,,,,,8,2,1,2,Winter,1,0.0,0.0,4.000000000000007
2025-01-02 08:30:00,AWS_VABB,Mumbai / Chhatrapati Shivaji Maharaj Intl,Mumbai,Maharashtra,19.1005,72.8585,8.0,25.0,1014.9,61.1,NOAA/NWS ASOS via IEM Archive (provided source file),0,NORMAL,,,,,,8,2,1,2,Winter,1,1.0,1.0199999999999818,-3.8000000000000043
2025-01-02 09:00:00,AWS_VABB,Mumbai / Chhatrapati Shivaji Maharaj Intl,Mumbai,Maharashtra,19.1005,72.8585,8.0,26.0,1014.9,57.6,NOAA/NWS ASOS via IEM Archive (provided source file),0,NORMAL,,,,,,9,2,1,2,Winter,1,1.0,0.0,-3.5
2025-01-02 09:30:00,AWS_VABB,Mumbai / Chhatrapati Shivaji Maharaj Intl,Mumbai,Maharashtra,19.1005,72.8585,8.0,27.0,1014.9,54.3,NOAA/NWS ASOS via IEM Archive (provided source file),0,NORMAL,,,,,,9,2,1,2,Winter,1,1.0,0.0,-3.3000000000000043
2025-01-02 10:00:00,AWS_VABB,Mumbai / Chhatrapati Shivaji Maharaj Intl,Mumbai,Maharashtra,19.1005,72.8585,8.0,28.0,1014.9,48.0,NOAA/NWS ASOS via IEM Archive (provided source file),0,NORMAL,,,,,,10,2,1,2,Winter,1,1.0,0.0,-6.299999999999997
2025-01-02 10:30:00,AWS_VABB,Mumbai / Chhatrapati Shivaji Maharaj Intl,Mumbai,Maharashtra,19.1005,72.8585,8.0,29.0,1014.9,45.3,NOAA/NWS ASOS via IEM Archive (provided source file),0,NORMAL,,,,,,10,2,1,2,Winter,1,1.0,0.0,-2.700000000000003
2025-01-02 11:00:00,AWS_VABB,Mumbai / Chhatrapati Shivaji Maharaj Intl,Mumbai,Maharashtra,19.1005,72.8585,8.0,29.0,1014.9,45.3,NOAA/NWS ASOS via IEM Archive (provided source file),0,NORMAL,,,,,,11,2,1,2,Winter,1,0.0,0.0,0.0
2025-01-02 11:30:00,AWS_VABB,Mumbai / Chhatrapati Shivaji Maharaj Intl,Mumbai,Maharashtra,19.1005,72.8585,8.0,31.0,1014.9,37.9,NOAA/NWS ASOS via IEM Archive (provided source file),0,NORMAL,,,,,,11,2,1,2,Winter,1,2.0,0.0,-7.399999999999999
2025-01-02 12:00:00,AWS_VABB,Mumbai / Chhatrapati Shivaji Maharaj Intl,Mumbai,Maharashtra,19.1005,72.8585,8.0,31.0,1014.9,40.4,NOAA/NWS ASOS via IEM Archive (provided source file),0,NORMAL,,,,,,12,2,1,2,Winter,1,0.0,0.0,2.5
2025-01-02 12:30:00,AWS_VABB,Mumbai / Chhatrapati Shivaji Maharaj Intl,Mumbai,Maharashtra,19.1005,72.8585,8.0,31.0,1013.88,37.9,NOAA/NWS ASOS via IEM Archive (provided source file),0,NORMAL,,,,,,12,2,1,2,Winter,1,0.0,-1.0199999999999818,-2.5
2025-01-02 13:00:00,AWS_VABB,Mumbai / Chhatrapati Shivaji Maharaj Intl,Mumbai,Maharashtra,19.1005,72.8585,8.0,32.0,1012.87,33.6,NOAA/NWS ASOS via IEM Archive (provided source file),0,NORMAL,,,,,,13,2,1,2,Winter,1,1.0,-1.009999999999991,-4.299999999999997
2025-01-02 13:30:00,AWS_VABB,Mumbai / Chhatrapati Shivaji Maharaj Intl,Mumbai,Maharashtra,19.1005,72.8585,8.0,33.0,1012.87,31.7,NOAA/NWS ASOS via IEM Archive (provided source file),0,NORMAL,,,,,,13,2,1,2,Winter,1,1.0,0.0,-1.9000000000000021
2025-01-02 14:00:00,AWS_VABB,Mumbai / Chhatrapati Shivaji Maharaj Intl,Mumbai,Maharashtra,19.1005,72.8585,8.0,32.0,1011.85,40.7,NOAA/NWS ASOS via IEM Archive (provided source file),0,NORMAL,,,,,,14,2,1,2,Winter,1,-1.0,-1.0199999999999818,9.000000000000004
2025-01-02 14:30:00,AWS_VABB,Mumbai / Chhatrapati Shivaji Maharaj Intl,Mumbai,Maharashtra,19.1005,72.8585,8.0,31.0,1011.85,43.1,NOAA/NWS ASOS via IEM Archive (provided source file),0,NORMAL,,,,,,14,2,1,2,Winter,1,-1.0,0.0,2.3999999999999986
2025-01-02 15:00:00,AWS_VABB,Mumbai / Chhatrapati Shivaji Maharaj Intl,Mumbai,Maharashtra,19.1005,72.8585,8.0,31.0,1011.85,48.8,NOAA/NWS ASOS via IEM Archive (provided source file),0,NORMAL,,,,,,15,2,1,2,Winter,1,0.0,0.0,5.699999999999996
2025-01-02 15:30:00,AWS_VABB,Mumbai / Chhatrapati Shivaji Maharaj Intl,Mumbai,Maharashtra,19.1005,72.8585,8.0,31.0,1010.84,48.8,NOAA/NWS ASOS via IEM Archive (provided source file),0,NORMAL,,,,,,15,2,1,2,Winter,1,0.0,-1.009999999999991,0.0
2025-01-02 16:00:00,AWS_VABB,Mumbai / Chhatrapati Shivaji Maharaj Intl,Mumbai,Maharashtra,19.1005,72.8585,8.0,31.0,1010.84,45.9,NOAA/NWS ASOS via IEM Archive (provided source file),0,NORMAL,,,,,,16,2,1,2,Winter,1,0.0,0.0,-2.8999999999999986
2025-01-02 16:30:00,AWS_VABB,Mumbai / Chhatrapati Shivaji Maharaj Intl,Mumbai,Maharashtra,19.1005,72.8585,8.0,31.0,1010.84,45.9,NOAA/NWS ASOS via IEM Archive (provided source file),0,NORMAL,,,,,,16,2,1,2,Winter,1,0.0,0.0,0.0
2025-01-02 17:00:00,AWS_VABB,Mumbai / Chhatrapati Shivaji Maharaj Intl,Mumbai,Maharashtra,19.1005,72.8585,8.0,30.0,1010.84,48.6,NOAA/NWS ASOS via IEM Archive (provided source file),0,NORMAL,,,,,,17,2,1,2,Winter,1,-1.0,0.0,2.700000000000003
2025-01-02 17:30:00,AWS_VABB,Mumbai / Chhatrapati Shivaji Maharaj Intl,Mumbai,Maharashtra,19.1005,72.8585,8.0,30.0,1010.84,48.6,NOAA/NWS ASOS via IEM Archive (provided source file),0,NORMAL,,,,,,17,2,1,2,Winter,1,0.0,0.0,0.0
2025-01-02 18:00:00,AWS_VABB,Mumbai / Chhatrapati Shivaji Maharaj Intl,Mumbai,Maharashtra,19.1005,72.8585,8.0,29.0,1011.85,48.3,NOAA/NWS ASOS via IEM Archive (provided source file),0,NORMAL,,,,,,18,2,1,2,Winter,0,-1.0,1.009999999999991,-0.30000000000000426
2025-01-02 18:30:00,AWS_VABB,Mumbai / Chhatrapati Shivaji Maharaj Intl,Mumbai,Maharashtra,19.1005,72.8585,8.0,29.0,1011.85,48.3,NOAA/NWS ASOS via IEM Archive (provided source file),0,NORMAL,,,,,,18,2,1,2,Winter,0,0.0,0.0,0.0
2025-01-02 19:00:00,AWS_VABB,Mumbai / Chhatrapati Shivaji Maharaj Intl,Mumbai,Maharashtra,19.1005,72.8585,8.0,29.0,1011.85,48.3,NOAA/NWS ASOS via IEM Archive (provided source file),0,NORMAL,,,,,,19,2,1,2,Winter,0,0.0,0.0,0.0
2025-01-02 19:30:00,AWS_VABB,Mumbai / Chhatrapati Shivaji Maharaj Intl,Mumbai,Maharashtra,19.1005,72.8585,8.0,28.0,1011.85,54.6,NOAA/NWS ASOS via IEM Archive (provided source file),0,NORMAL,,,,,,19,2,1,2,Winter,0,-1.0,0.0,6.300000000000004
2025-01-02 20:00:00,AWS_VABB,Mumbai / Chhatrapati Shivaji Maharaj Intl,Mumbai,Maharashtra,19.1005,72.8585,8.0,28.0,1012.87,58.1,NOAA/NWS ASOS via IEM Archive (provided source file),0,NORMAL,,,,,,20,2,1,2,Winter,0,0.0,1.0199999999999818,3.5
2025-01-02 22:00:00,AWS_VABB,Mumbai / Chhatrapati Shivaji Maharaj Intl,Mumbai,Maharashtra,19.1005,72.8585,8.0,28.0,1013.88,58.1,NOAA/NWS ASOS via IEM Archive (provided source file),0,NORMAL,,,,,,22,2,1,2,Winter,0,0.0,1.009999999999991,0.0
2025-01-02 22:30:00,AWS_VABB,Mumbai / Chhatrapati Shivaji Maharaj Intl,Mumbai,Maharashtra,19.1005,72.8585,8.0,27.0,1013.88,61.6,NOAA/NWS ASOS via IEM Archive (provided source file),0,NORMAL,,,,,,22,2,1,2,Winter,0,-1.0,0.0,3.5
2025-01-02 23:00:00,AWS_VABB,Mumbai / Chhatrapati Shivaji Maharaj Intl,Mumbai,Maharashtra,19.1005,72.8585,8.0,27.0,1013.88,61.6,NOAA/NWS ASOS via IEM Archive (provided source file),0,NORMAL,,,,,,23,2,1,2,Winter,0,0.0,0.0,0.0
2025-01-02 23:30:00,AWS_VABB,Mumbai / Chhatrapati Shivaji Maharaj Intl,Mumbai,Maharashtra,19.1005,72.8585,8.0,27.0,1013.88,61.6,NOAA/NWS ASOS via IEM Archive (provided source file),0,NORMAL,,,,,,23,2,1,2,Winter,0,0.0,0.0,0.0
2025-01-03 00:00:00,AWS_VABB,Mumbai / Chhatrapati Shivaji Maharaj Intl,Mumbai,Maharashtra,19.1005,72.8585,8.0,26.0,1013.88,61.4,NOAA/NWS ASOS via IEM Archive (provided source file),0,NORMAL,,,,,,0,3,1,3,Winter,0,-1.0,0.0,-0.20000000000000284
2025-01-03 00:30:00,AWS_VABB,Mumbai / Chhatrapati Shivaji Maharaj Intl,Mumbai,Maharashtra,19.1005,72.8585,8.0,27.0,1013.88,54.3,NOAA/NWS ASOS via IEM Archive (provided source file),0,NORMAL,,,,,,0,3,1,3,Winter,0,1.0,0.0,-7.100000000000001
2025-01-03 01:00:00,AWS_VABB,Mumbai / Chhatrapati Shivaji Maharaj Intl,Mumbai,Maharashtra,19.1005,72.8585,8.0,27.0,1013.88,51.0,NOAA/NWS ASOS via IEM Archive (provided source file),0,NORMAL,,,,,,1,3,1,3,Winter,0,0.0,0.0,-3.299999999999997
2025-01-03 01:30:00,AWS_VABB,Mumbai / Chhatrapati Shivaji Maharaj Intl,Mumbai,Maharashtra,19.1005,72.8585,8.0,26.0,1012.87,54.0,NOAA/NWS ASOS via IEM Archive (provided source file),0,NORMAL,,,,,,1,3,1,3,Winter,0,-1.0,-1.009999999999991,3.0
2025-01-03 02:00:00,AWS_VABB,Mumbai / Chhatrapati Shivaji Maharaj Intl,Mumbai,Maharashtra,19.1005,72.8585,8.0,26.0,1012.87,47.5,NOAA/NWS ASOS via IEM Archive (provided source file),0,NORMAL,,,,,,2,3,1,3,Winter,0,0.0,0.0,-6.5
2025-01-03 02:30:00,AWS_VABB,Mumbai / Chhatrapati Shivaji Maharaj Intl,Mumbai,Maharashtra,19.1005,72.8585,8.0,26.0,1012.87,44.5,NOAA/NWS ASOS via IEM Archive (provided source file),0,NORMAL,,,,,,2,3,1,3,Winter,0,0.0,0.0,-3.0
2025-01-03 03:00:00,AWS_VABB,Mumbai / Chhatrapati Shivaji Maharaj Intl,Mumbai,Maharashtra,19.1005,72.8585,8.0,26.0,1012.87,47.5,NOAA/NWS ASOS via IEM Archive (provided source file),0,NORMAL,,,,,,3,3,1,3,Winter,0,0.0,0.0,3.0
2025-01-03 03:30:00,AWS_VABB,Mumbai / Chhatrapati Shivaji Maharaj Intl,Mumbai,Maharashtra,19.1005,72.8585,8.0,25.0,1012.87,50.4,NOAA/NWS ASOS via IEM Archive (provided source file),0,NORMAL,,,,,,3,3,1,3,Winter,0,-1.0,0.0,2.8999999999999986
2025-01-03 04:00:00,AWS_VABB,Mumbai / Chhatrapati Shivaji Maharaj Intl,Mumbai,Maharashtra,19.1005,72.8585,8.0,24.0,1012.87,53.6,NOAA/NWS ASOS via IEM Archive (provided source file),0,NORMAL,,,,,,4,3,1,3,Winter,0,-1.0,0.0,3.200000000000003
2025-01-03 04:30:00,AWS_VABB,Mumbai / Chhatrapati Shivaji Maharaj Intl,Mumbai,Maharashtra,19.1005,72.8585,8.0,25.0,1012.87,47.2,NOAA/NWS ASOS via IEM Archive (provided source file),0,NORMAL,,,,,,4,3,1,3,Winter,0,1.0,0.0,-6.399999999999999
2025-01-03 05:00:00,AWS_VABB,Mumbai / Chhatrapati Shivaji Maharaj Intl,Mumbai,Maharashtra,19.1005,72.8585,8.0,26.0,1012.87,41.7,NOAA/NWS ASOS via IEM Archive (provided source file),0,NORMAL,,,,,,5,3,1,3,Winter,0,1.0,0.0,-5.5
2025-01-03 05:30:00,AWS_VABB,Mumbai / Chhatrapati Shivaji Maharaj Intl,Mumbai,Maharashtra,19.1005,72.8585,8.0,25.0,1012.87,47.2,NOAA/NWS ASOS via IEM Archive (provided source file),0,NORMAL,,,,,,5,3,1,3,Winter,0,-1.0,0.0,5.5
2025-01-03 06:00:00,AWS_VABB,Mumbai / Chhatrapati Shivaji Maharaj Intl,Mumbai,Maharashtra,19.1005,72.8585,8.0,24.0,1012.87,50.2,NOAA/NWS ASOS via IEM Archive (provided source file),0,NORMAL,,,,,,6,3,1,3,Winter,1,-1.0,0.0,3.0
2025-01-03 06:30:00,AWS_VABB,Mumbai / Chhatrapati Shivaji Maharaj Intl,Mumbai,Maharashtra,19.1005,72.8585,8.0,24.0,1013.88,50.2,NOAA/NWS ASOS via IEM Archive (provided source file),0,NORMAL,,,,,,6,3,1,3,Winter,1,0.0,1.009999999999991,0.0
2025-01-03 07:00:00,AWS_VABB,Mumbai / Chhatrapati Shivaji Maharaj Intl,Mumbai,Maharashtra,19.1005,72.8585,8.0,24.0,1013.88,50.2,NOAA/NWS ASOS via IEM Archive (provided source file),0,NORMAL,,,,,,7,3,1,3,Winter,1,0.0,0.0,0.0
2025-01-03 07:30:00,AWS_VABB,Mumbai / Chhatrapati Shivaji Maharaj Intl,Mumbai,Maharashtra,19.1005,72.8585,8.0,24.0,1013.88,53.6,NOAA/NWS ASOS via IEM Archive (provided source file),0,NORMAL,,,,,,7,3,1,3,Winter,1,0.0,0.0,3.3999999999999986
2025-01-03 08:00:00,AWS_VABB,Mumbai / Chhatrapati Shivaji Maharaj Intl,Mumbai,Maharashtra,19.1005,72.8585,8.0,24.0,1014.9,50.2,NOAA/NWS ASOS via IEM Archive (provided source file),0,NORMAL,,,,,,8,3,1,3,Winter,1,0.0,1.0199999999999818,-3.3999999999999986
2025-01-03 08:30:00,AWS_VABB,Mumbai / Chhatrapati Shivaji Maharaj Intl,Mumbai,Maharashtra,19.1005,72.8585,8.0,25.0,1014.9,47.2,NOAA/NWS ASOS via IEM Archive (provided source file),0,NORMAL,,,,,,8,3,1,3,Winter,1,1.0,0.0,-3.0
2025-01-03 09:00:00,AWS_VABB,Mumbai / Chhatrapati Shivaji Maharaj Intl,Mumbai,Maharashtra,19.1005,72.8585,8.0,26.0,1015.92,44.5,NOAA/NWS ASOS via IEM Archive (provided source file),0,NORMAL,,,,,,9,3,1,3,Winter,1,1.0,1.0199999999999818,-2.700000000000003
2025-01-03 09:30:00,AWS_VABB,Mumbai / Chhatrapati Shivaji Maharaj Intl,Mumbai,Maharashtra,19.1005,72.8585,8.0,27.0,1015.92,42.0,NOAA/NWS ASOS via IEM Archive (provided source file),0,NORMAL,,,,,,9,3,1,3,Winter,1,1.0,0.0,-2.5
2025-01-03 10:00:00,AWS_VABB,Mumbai / Chhatrapati Shivaji Maharaj Intl,Mumbai,Maharashtra,19.1005,72.8585,8.0,28.0,1015.92,37.1,NOAA/NWS ASOS via IEM Archive (provided source file),0,NORMAL,,,,,,10,3,1,3,Winter,1,1.0,0.0,-4.899999999999999
2025-01-03 10:30:00,AWS_VABB,Mumbai / Chhatrapati Shivaji Maharaj Intl,Mumbai,Maharashtra,19.1005,72.8585,8.0,29.0,1015.92,35.0,NOAA/NWS ASOS via IEM Archive (provided source file),0,NORMAL,,,,,,10,3,1,3,Winter,1,1.0,0.0,-2.1000000000000014
2025-01-03 11:00:00,AWS_VABB,Mumbai / Chhatrapati Shivaji Maharaj Intl,Mumbai,Maharashtra,19.1005,72.8585,8.0,30.0,1015.92,33.0,NOAA/NWS ASOS via IEM Archive (provided source file),0,NORMAL,,,,,,11,3,1,3,Winter,1,1.0,0.0,-2.0
2025-01-03 11:30:00,AWS_VABB,Mumbai / Chhatrapati Shivaji Maharaj Intl,Mumbai,Maharashtra,19.1005,72.8585,8.0,31.0,1014.9,31.2,NOAA/NWS ASOS via IEM Archive (provided source file),0,NORMAL,,,,,,11,3,1,3,Winter,1,1.0,-1.0199999999999818,-1.8000000000000007
2025-01-03 12:00:00,AWS_VABB,Mumbai / Chhatrapati Shivaji Maharaj Intl,Mumbai,Maharashtra,19.1005,72.8585,8.0,31.0,1014.9,31.2,NOAA/NWS ASOS via IEM Archive (provided source file),0,NORMAL,,,,,,12,3,1,3,Winter,1,0.0,0.0,0.0
2025-01-03 12:30:00,AWS_VABB,Mumbai / Chhatrapati Shivaji Maharaj Intl,Mumbai,Maharashtra,19.1005,72.8585,8.0,33.0,1013.88,26.0,NOAA/NWS ASOS via IEM Archive (provided source file),0,NORMAL,,,,,,12,3,1,3,Winter,1,2.0,-1.0199999999999818,-5.199999999999999
2025-01-03 13:00:00,AWS_VABB,Mumbai / Chhatrapati Shivaji Maharaj Intl,Mumbai,Maharashtra,19.1005,72.8585,8.0,32.0,1013.88,25.8,NOAA/NWS ASOS via IEM Archive (provided source file),0,NORMAL,,,,,,13,3,1,3,Winter,1,-1.0,0.0,-0.1999999999999993
2025-01-03 13:30:00,AWS_VABB,Mumbai / Chhatrapati Shivaji Maharaj Intl,Mumbai,Maharashtra,19.1005,72.8585,8.0,33.0,1012.87,21.3,NOAA/NWS ASOS via IEM Archive (provided source file),0,NORMAL,,,,,,13,3,1,3,Winter,1,1.0,-1.009999999999991,-4.5
2025-01-03 14:00:00,AWS_VABB,Mumbai / Chhatrapati Shivaji Maharaj Intl,Mumbai,Maharashtra,19.1005,72.8585,8.0,33.0,1011.85,22.8,NOAA/NWS ASOS via IEM Archive (provided source file),0,NORMAL,,,,,,14,3,1,3,Winter,1,0.0,-1.0199999999999818,1.5
2025-01-03 14:30:00,AWS_VABB,Mumbai / Chhatrapati Shivaji Maharaj Intl,Mumbai,Maharashtra,19.1005,72.8585,8.0,33.0,1011.85,19.9,NOAA/NWS ASOS via IEM Archive (provided source file),0,NORMAL,,,,,,14,3,1,3,Winter,1,0.0,0.0,-2.900000000000002
2025-01-03 15:00:00,AWS_VABB,Mumbai / Chhatrapati Shivaji Maharaj Intl,Mumbai,Maharashtra,19.1005,72.8585,8.0,34.0,1010.84,18.8,NOAA/NWS ASOS via IEM Archive (provided source file),0,NORMAL,,,,,,15,3,1,3,Winter,1,1.0,-1.009999999999991,-1.0999999999999979
2025-01-03 15:30:00,AWS_VABB,Mumbai / Chhatrapati Shivaji Maharaj Intl,Mumbai,Maharashtra,19.1005,72.8585,8.0,34.0,1010.84,20.1,NOAA/NWS ASOS via IEM Archive (provided source file),0,NORMAL,,,,,,15,3,1,3,Winter,1,0.0,0.0,1.3000000000000007
2025-01-03 16:00:00,AWS_VABB,Mumbai / Chhatrapati Shivaji Maharaj Intl,Mumbai,Maharashtra,19.1005,72.8585,8.0,34.0,1010.84,17.6,NOAA/NWS ASOS via IEM Archive (provided source file),0,NORMAL,,,,,,16,3,1,3,Winter,1,0.0,0.0,-2.5
2025-01-03 16:30:00,AWS_VABB,Mumbai / Chhatrapati Shivaji Maharaj Intl,Mumbai,Maharashtra,19.1005,72.8585,8.0,33.0,1010.84,29.7,NOAA/NWS ASOS via IEM Archive (provided source file),0,NORMAL,,,,,,16,3,1,3,Winter,1,-1.0,0.0,12.099999999999998
2025-01-03 17:00:00,AWS_VABB,Mumbai / Chhatrapati Shivaji Maharaj Intl,Mumbai,Maharashtra,19.1005,72.8585,8.0,31.0,1010.84,43.1,NOAA/NWS ASOS via IEM Archive (provided source file),0,NORMAL,,,,,,17,3,1,3,Winter,1,-2.0,0.0,13.400000000000002
2025-01-03 17:30:00,AWS_VABB,Mumbai / Chhatrapati Shivaji Maharaj Intl,Mumbai,Maharashtra,19.1005,72.8585,8.0,31.0,1010.84,43.1,NOAA/NWS ASOS via IEM Archive (provided source file),0,NORMAL,,,,,,17,3,1,3,Winter,1,0.0,0.0,0.0
2025-01-03 18:00:00,AWS_VABB,Mumbai / Chhatrapati Shivaji Maharaj Intl,Mumbai,Maharashtra,19.1005,72.8585,8.0,30.0,1010.84,42.8,NOAA/NWS ASOS via IEM Archive (provided source file),0,NORMAL,,,,,,18,3,1,3,Winter,0,-1.0,0.0,-0.30000000000000426
2025-01-03 18:30:00,AWS_VABB,Mumbai / Chhatrapati Shivaji Maharaj Intl,Mumbai,Maharashtra,19.1005,72.8585,8.0,29.0,1011.85,45.3,NOAA/NWS ASOS via IEM Archive (provided source file),0,NORMAL,,,,,,18,3,1,3,Winter,0,-1.0,1.009999999999991,2.5
2025-01-03 19:00:00,AWS_VABB,Mumbai / Chhatrapati Shivaji Maharaj Intl,Mumbai,Maharashtra,19.1005,72.8585,8.0,29.0,1011.85,39.9,NOAA/NWS ASOS via IEM Archive (provided source file),0,NORMAL,,,,,,19,3,1,3,Winter,0,0.0,0.0,-5.399999999999999
2025-01-03 19:30:00,AWS_VABB,Mumbai / Chhatrapati Shivaji Maharaj Intl,Mumbai,Maharashtra,19.1005,72.8585,8.0,29.0,1011.85,37.4,NOAA/NWS ASOS via IEM Archive (provided source file),0,NORMAL,,,,,,19,3,1,3,Winter,0,0.0,0.0,-2.5
2025-01-03 20:00:00,AWS_VABB,Mumbai / Chhatrapati Shivaji Maharaj Intl,Mumbai,Maharashtra,19.1005,72.8585,8.0,28.0,1011.85,42.2,NOAA/NWS ASOS via IEM Archive (provided source file),0,NORMAL,,,,,,20,3,1,3,Winter,0,-1.0,0.0,4.800000000000004
2025-01-03 20:30:00,AWS_VABB,Mumbai / Chhatrapati Shivaji Maharaj Intl,Mumbai,Maharashtra,19.1005,72.8585,8.0,28.0,1011.85,48.0,NOAA/NWS ASOS via IEM Archive (provided source file),0,NORMAL,,,,,,20,3,1,3,Winter,0,0.0,0.0,5.799999999999997
2025-01-03 21:00:00,AWS_VABB,Mumbai / Chhatrapati Shivaji Maharaj Intl,Mumbai,Maharashtra,19.1005,72.8585,8.0,27.0,1012.87,51.0,NOAA/NWS ASOS via IEM Archive (provided source file),0,NORMAL,,,,,,21,3,1,3,Winter,0,-1.0,1.0199999999999818,3.0
2025-01-03 21:30:00,AWS_VABB,Mumbai / Chhatrapati Shivaji Maharaj Intl,Mumbai,Maharashtra,19.1005,72.8585,8.0,27.0,1012.87,51.0,NOAA/NWS ASOS via IEM Archive (provided source file),0,NORMAL,,,,,,21,3,1,3,Winter,0,0.0,0.0,0.0
2025-01-03 22:00:00,AWS_VABB,Mumbai / Chhatrapati Shivaji Maharaj Intl,Mumbai,Maharashtra,19.1005,72.8585,8.0,27.0,1012.87,47.8,NOAA/NWS ASOS via IEM Archive (provided source file),0,NORMAL,,,,,,22,3,1,3,Winter,0,0.0,0.0,-3.200000000000003
2025-01-03 22:30:00,AWS_VABB,Mumbai / Chhatrapati Shivaji Maharaj Intl,Mumbai,Maharashtra,19.1005,72.8585,8.0,27.0,1012.87,44.8,NOAA/NWS ASOS via IEM Archive (provided source file),0,NORMAL,,,,,,22,3,1,3,Winter,0,0.0,0.0,-3.0
2025-01-03 23:00:00,AWS_VABB,Mumbai / Chhatrapati Shivaji Maharaj Intl,Mumbai,Maharashtra,19.1005,72.8585,8.0,27.0,1012.87,44.8,NOAA/NWS ASOS via IEM Archive (provided source file),0,NORMAL,,,,,,23,3,1,3,Winter,0,0.0,0.0,0.0
2025-01-03 23:30:00,AWS_VABB,Mumbai / Chhatrapati Shivaji Maharaj Intl,Mumbai,Maharashtra,19.1005,72.8585,8.0,26.0,1012.87,50.7,NOAA/NWS ASOS via IEM Archive (provided source file),0,NORMAL,,,,,,23,3,1,3,Winter,0,-1.0,0.0,5.900000000000006
2025-01-04 00:00:00,AWS_VABB,Mumbai / Chhatrapati Shivaji Maharaj Intl,Mumbai,Maharashtra,19.1005,72.8585,8.0,26.0,1011.85,47.5,NOAA/NWS ASOS via IEM Archive (provided source file),0,NORMAL,,,,,,0,4,1,4,Winter,0,0.0,-1.0199999999999818,-3.200000000000003
2025-01-04 00:30:00,AWS_VABB,Mumbai / Chhatrapati Shivaji Maharaj Intl,Mumbai,Maharashtra,19.1005,72.8585,8.0,26.0,1011.85,47.5,NOAA/NWS ASOS via IEM Archive (provided source file),0,NORMAL,,,,,,0,4,1,4,Winter,0,0.0,0.0,0.0
2025-01-04 01:00:00,AWS_VABB,Mumbai / Chhatrapati Shivaji Maharaj Intl,Mumbai,Maharashtra,19.1005,72.8585,8.0,26.0,1011.85,44.5,NOAA/NWS ASOS via IEM Archive (provided source file),0,NORMAL,,,,,,1,4,1,4,Winter,0,0.0,0.0,-3.0
2025-01-04 01:30:00,AWS_VABB,Mumbai / Chhatrapati Shivaji Maharaj Intl,Mumbai,Maharashtra,19.1005,72.8585,8.0,25.0,1011.85,53.8,NOAA/NWS ASOS via IEM Archive (provided source file),0,NORMAL,,,,,,1,4,1,4,Winter,0,-1.0,0.0,9.299999999999997
2025-01-04 02:00:00,AWS_VABB,Mumbai / Chhatrapati Shivaji Maharaj Intl,Mumbai,Maharashtra,19.1005,72.8585,8.0,25.0,1011.85,53.8,NOAA/NWS ASOS via IEM Archive (provided source file),0,NORMAL,,,,,,2,4,1,4,Winter,0,0.0,0.0,0.0
2025-01-04 02:30:00,AWS_VABB,Mumbai / Chhatrapati Shivaji Maharaj Intl,Mumbai,Maharashtra,19.1005,72.8585,8.0,25.0,1011.85,53.8,NOAA/NWS ASOS via IEM Archive (provided source file),0,NORMAL,,,,,,2,4,1,4,Winter,0,0.0,0.0,0.0
2025-01-04 03:00:00,AWS_VABB,Mumbai / Chhatrapati Shivaji Maharaj Intl,Mumbai,Maharashtra,19.1005,72.8585,8.0,25.0,1011.85,50.4,NOAA/NWS ASOS via IEM Archive (provided source file),0,NORMAL,,,,,,3,4,1,4,Winter,0,0.0,0.0,-3.3999999999999986
2025-01-04 03:30:00,AWS_VABB,Mumbai / Chhatrapati Shivaji Maharaj Intl,Mumbai,Maharashtra,19.1005,72.8585,8.0,25.0,1011.85,50.4,NOAA/NWS ASOS via IEM Archive (provided source file),0,NORMAL,,,,,,3,4,1,4,Winter,0,0.0,0.0,0.0
2025-01-04 04:00:00,AWS_VABB,Mumbai / Chhatrapati Shivaji Maharaj Intl,Mumbai,Maharashtra,19.1005,72.8585,8.0,24.0,1010.84,53.6,NOAA/NWS ASOS via IEM Archive (provided source file),0,NORMAL,,,,,,4,4,1,4,Winter,0,-1.0,-1.009999999999991,3.200000000000003
2025-01-04 04:30:00,AWS_VABB,Mumbai / Chhatrapati Shivaji Maharaj Intl,Mumbai,Maharashtra,19.1005,72.8585,8.0,24.0,1011.85,47.0,NOAA/NWS ASOS via IEM Archive (provided source file),0,NORMAL,,,,,,4,4,1,4,Winter,0,0.0,1.009999999999991,-6.600000000000001
2025-01-04 05:00:00,AWS_VABB,Mumbai / Chhatrapati Shivaji Maharaj Intl,Mumbai,Maharashtra,19.1005,72.8585,8.0,24.0,1011.85,47.0,NOAA/NWS ASOS via IEM Archive (provided source file),0,NORMAL,,,,,,5,4,1,4,Winter,0,0.0,0.0,0.0
2025-01-04 05:30:00,AWS_VABB,Mumbai / Chhatrapati Shivaji Maharaj Intl,Mumbai,Maharashtra,19.1005,72.8585,8.0,24.0,1011.85,47.0,NOAA/NWS ASOS via IEM Archive (provided source file),0,NORMAL,,,,,,5,4,1,4,Winter,0,0.0,0.0,0.0
2025-01-04 06:00:00,AWS_VABB,Mumbai / Chhatrapati Shivaji Maharaj Intl,Mumbai,Maharashtra,19.1005,72.8585,8.0,23.0,1011.85,49.9,NOAA/NWS ASOS via IEM Archive (provided source file),0,NORMAL,,,,,,6,4,1,4,Winter,1,-1.0,0.0,2.8999999999999986
2025-01-04 06:30:00,AWS_VABB,Mumbai / Chhatrapati Shivaji Maharaj Intl,Mumbai,Maharashtra,19.1005,72.8585,8.0,23.0,1012.87,49.9,NOAA/NWS ASOS via IEM Archive (provided source file),0,NORMAL,,,,,,6,4,1,4,Winter,1,0.0,1.0199999999999818,0.0
2025-01-04 07:00:00,AWS_VABB,Mumbai / Chhatrapati Shivaji Maharaj Intl,Mumbai,Maharashtra,19.1005,72.8585,8.0,23.0,1012.87,46.7,NOAA/NWS ASOS via IEM Archive (provided source file),0,NORMAL,,,,,,7,4,1,4,Winter,1,0.0,0.0,-3.1999999999999957
2025-01-04 07:30:00,AWS_VABB,Mumbai / Chhatrapati Shivaji Maharaj Intl,Mumbai,Maharashtra,19.1005,72.8585,8.0,24.0,1012.87,44.0,NOAA/NWS ASOS via IEM Archive (provided source file),0,NORMAL,,,,,,7,4,1,4,Winter,1,1.0,0.0,-2.700000000000003
2025-01-04 08:00:00,AWS_VABB,Mumbai / Chhatrapati Shivaji Maharaj Intl,Mumbai,Maharashtra,19.1005,72.8585,8.0,24.0,1012.87,47.0,NOAA/NWS ASOS via IEM Archive (provided source file),0,NORMAL,,,,,,8,4,1,4,Winter,1,0.0,0.0,3.0
2025-01-04 08:30:00,AWS_VABB,Mumbai / Chhatrapati Shivaji Maharaj Intl,Mumbai,Maharashtra,19.1005,72.8585,8.0,25.0,1013.88,44.2,NOAA/NWS ASOS via IEM Archive (provided source file),0,NORMAL,,,,,,8,4,1,4,Winter,1,1.0,1.009999999999991,-2.799999999999997
2025-01-04 09:00:00,AWS_VABB,Mumbai / Chhatrapati Shivaji Maharaj Intl,Mumbai,Maharashtra,19.1005,72.8585,8.0,26.0,1013.88,41.7,NOAA/NWS ASOS via IEM Archive (provided source file),0,NORMAL,,,,,,9,4,1,4,Winter,1,1.0,0.0,-2.5
2025-01-04 09:30:00,AWS_VABB,Mumbai / Chhatrapati Shivaji Maharaj Intl,Mumbai,Maharashtra,19.1005,72.8585,8.0,27.0,1013.88,34.4,NOAA/NWS ASOS via IEM Archive (provided source file),0,NORMAL,,,,,,9,4,1,4,Winter,1,1.0,0.0,-7.300000000000004
2025-01-04 10:00:00,AWS_VABB,Mumbai / Chhatrapati Shivaji Maharaj Intl,Mumbai,Maharashtra,19.1005,72.8585,8.0,28.0,1014.9,30.4,NOAA/NWS ASOS via IEM Archive (provided source file),0,NORMAL,,,,,,10,4,1,4,Winter,1,1.0,1.0199999999999818,-4.0
2025-01-04 10:30:00,AWS_VABB,Mumbai / Chhatrapati Shivaji Maharaj Intl,Mumbai,Maharashtra,19.1005,72.8585,8.0,29.0,1013.88,26.8,NOAA/NWS ASOS via IEM Archive (provided source file),0,NORMAL,,,,,,10,4,1,4,Winter,1,1.0,-1.0199999999999818,-3.599999999999998
2025-01-04 11:00:00,AWS_VABB,Mumbai / Chhatrapati Shivaji Maharaj Intl,Mumbai,Maharashtra,19.1005,72.8585,8.0,30.0,1013.88,25.3,NOAA/NWS ASOS via IEM Archive (provided source file),0,NORMAL,,,,,,11,4,1,4,Winter,1,1.0,0.0,-1.5
2025-01-04 11:30:00,AWS_VABB,Mumbai / Chhatrapati Shivaji Maharaj Intl,Mumbai,Maharashtra,19.1005,72.8585,8.0,31.0,1013.88,23.8,NOAA/NWS ASOS via IEM Archive (provided source file),0,NORMAL,,,,,,11,4,1,4,Winter,1,1.0,0.0,-1.5
2025-01-04 12:00:00,AWS_VABB,Mumbai / Chhatrapati Shivaji Maharaj Intl,Mumbai,Maharashtra,19.1005,72.8585,8.0,32.0,1012.87,21.0,NOAA/NWS ASOS via IEM Archive (provided source file),0,NORMAL,,,,,,12,4,1,4,Winter,1,1.0,-1.009999999999991,-2.8000000000000007
2025-01-04 12:30:00,AWS_VABB,Mumbai / Chhatrapati Shivaji Maharaj Intl,Mumbai,Maharashtra,19.1005,72.8585,8.0,32.0,1012.87,19.6,NOAA/NWS ASOS via IEM Archive (provided source file),0,NORMAL,,,,,,12,4,1,4,Winter,1,0.0,0.0,-1.3999999999999986
2025-01-04 13:00:00,AWS_VABB,Mumbai / Chhatrapati Shivaji Maharaj Intl,Mumbai,Maharashtra,19.1005,72.8585,8.0,32.0,1011.85,19.6,NOAA/NWS ASOS via IEM Archive (provided source file),0,NORMAL,,,,,,13,4,1,4,Winter,1,0.0,-1.0199999999999818,0.0
2025-01-04 13:30:00,AWS_VABB,Mumbai / Chhatrapati Shivaji Maharaj Intl,Mumbai,Maharashtra,19.1005,72.8585,8.0,30.0,1011.85,42.8,NOAA/NWS ASOS via IEM Archive (provided source file),0,NORMAL,,,,,,13,4,1,4,Winter,1,-2.0,0.0,23.199999999999996
2025-01-04 14:00:00,AWS_VABB,Mumbai / Chhatrapati Shivaji Maharaj Intl,Mumbai,Maharashtra,19.1005,72.8585,8.0,30.0,1010.84,42.8,NOAA/NWS ASOS via IEM Archive (provided source file),0,NORMAL,,,,,,14,4,1,4,Winter,1,0.0,-1.009999999999991,0.0
2025-01-04 14:30:00,AWS_VABB,Mumbai / Chhatrapati Shivaji Maharaj Intl,Mumbai,Maharashtra,19.1005,72.8585,8.0,31.0,1010.84,37.9,NOAA/NWS ASOS via IEM Archive (provided source file),0,NORMAL,,,,,,14,4,1,4,Winter,1,1.0,0.0,-4.899999999999999
2025-01-04 15:00:00,AWS_VABB,Mumbai / Chhatrapati Shivaji Maharaj Intl,Mumbai,Maharashtra,19.1005,72.8585,8.0,29.0,1010.84,42.5,NOAA/NWS ASOS via IEM Archive (provided source file),0,NORMAL,,,,,,15,4,1,4,Winter,1,-2.0,0.0,4.600000000000001
2025-01-04 15:30:00,AWS_VABB,Mumbai / Chhatrapati Shivaji Maharaj Intl,Mumbai,Maharashtra,19.1005,72.8585,8.0,29.0,1010.84,42.5,NOAA/NWS ASOS via IEM Archive (provided source file),0,NORMAL,,,,,,15,4,1,4,Winter,1,0.0,0.0,0.0
2025-01-04 16:00:00,AWS_VABB,Mumbai / Chhatrapati Shivaji Maharaj Intl,Mumbai,Maharashtra,19.1005,72.8585,8.0,29.0,1010.16,45.3,NOAA/NWS ASOS via IEM Archive (provided source file),0,NORMAL,,,,,,16,4,1,4,Winter,1,0.0,-0.6800000000000637,2.799999999999997
2025-01-04 16:30:00,AWS_VABB,Mumbai / Chhatrapati Shivaji Maharaj Intl,Mumbai,Maharashtra,19.1005,72.8585,8.0,29.0,1010.16,45.3,NOAA/NWS ASOS via IEM Archive (provided source file),0,NORMAL,,,,,,16,4,1,4,Winter,1,0.0,0.0,0.0
2025-01-04 17:00:00,AWS_VABB,Mumbai / Chhatrapati Shivaji Maharaj Intl,Mumbai,Maharashtra,19.1005,72.8585,8.0,29.0,1010.16,48.3,NOAA/NWS ASOS via IEM Archive (provided source file),0,NORMAL,,,,,,17,4,1,4,Winter,1,0.0,0.0,3.0
2025-01-04 17:30:00,AWS_VABB,Mumbai / Chhatrapati Shivaji Maharaj Intl,Mumbai,Maharashtra,19.1005,72.8585,8.0,28.0,1010.16,45.1,NOAA/NWS ASOS via IEM Archive (provided source file),0,NORMAL,,,,,,17,4,1,4,Winter,1,-1.0,0.0,-3.1999999999999957
2025-01-04 18:00:00,AWS_VABB,Mumbai / Chhatrapati Shivaji Maharaj Intl,Mumbai,Maharashtra,19.1005,72.8585,8.0,28.0,1010.84,45.1,NOAA/NWS ASOS via IEM Archive (provided source file),0,NORMAL,,,,,,18,4,1,4,Winter,0,0.0,0.6800000000000637,0.0
2025-01-04 18:30:00,AWS_VABB,Mumbai / Chhatrapati Shivaji Maharaj Intl,Mumbai,Maharashtra,19.1005,72.8585,8.0,27.0,1010.84,44.8,NOAA/NWS ASOS via IEM Archive (provided source file),0,NORMAL,,,,,,18,4,1,4,Winter,0,-1.0,0.0,-0.30000000000000426
2025-01-04 19:00:00,AWS_VABB,Mumbai / Chhatrapati Shivaji Maharaj Intl,Mumbai,Maharashtra,19.1005,72.8585,8.0,27.0,1010.84,44.8,NOAA/NWS ASOS via IEM Archive (provided source file),0,NORMAL,,,,,,19,4,1,4,Winter,0,0.0,0.0,0.0
2025-01-04 19:30:00,AWS_VABB,Mumbai / Chhatrapati Shivaji Maharaj Intl,Mumbai,Maharashtra,19.1005,72.8585,8.0,27.0,1011.85,47.8,NOAA/NWS ASOS via IEM Archive (provided source file),0,NORMAL,,,,,,19,4,1,4,Winter,0,0.0,1.009999999999991,3.0
2025-01-04 20:00:00,AWS_VABB,Mumbai / Chhatrapati Shivaji Maharaj Intl,Mumbai,Maharashtra,19.1005,72.8585,8.0,26.0,1011.85,44.5,NOAA/NWS ASOS via IEM Archive (provided source file),0,NORMAL,,,,,,20,4,1,4,Winter,0,-1.0,0.0,-3.299999999999997
2025-01-04 20:30:00,AWS_VABB,Mumbai / Chhatrapati Shivaji Maharaj Intl,Mumbai,Maharashtra,19.1005,72.8585,8.0,27.0,1012.87,39.3,NOAA/NWS ASOS via IEM Archive (provided source file),0,NORMAL,,,,,,20,4,1,4,Winter,0,1.0,1.0199999999999818,-5.200000000000003
2025-01-04 21:00:00,AWS_VABB,Mumbai / Chhatrapati Shivaji Maharaj Intl,Mumbai,Maharashtra,19.1005,72.8585,8.0,27.0,1012.87,39.3,NOAA/NWS ASOS via IEM Archive (provided source file),0,NORMAL,,,,,,21,4,1,4,Winter,0,0.0,0.0,0.0
2025-01-04 21:30:00,AWS_VABB,Mumbai / Chhatrapati Shivaji Maharaj Intl,Mumbai,Maharashtra,19.1005,72.8585,8.0,27.0,1012.87,36.8,NOAA/NWS ASOS via IEM Archive (provided source file),0,NORMAL,,,,,,21,4,1,4,Winter,0,0.0,0.0,-2.5
2025-01-04 22:00:00,AWS_VABB,Mumbai / Chhatrapati Shivaji Maharaj Intl,Mumbai,Maharashtra,19.1005,72.8585,8.0,27.0,1012.87,36.8,NOAA/NWS ASOS via IEM Archive (provided source file),0,NORMAL,,,,,,22,4,1,4,Winter,0,0.0,0.0,0.0
2025-01-04 22:30:00,AWS_VABB,Mumbai / Chhatrapati Shivaji Maharaj Intl,Mumbai,Maharashtra,19.1005,72.8585,8.0,26.0,1012.87,41.7,NOAA/NWS ASOS via IEM Archive (provided source file),0,NORMAL,,,,,,22,4,1,4,Winter,0,-1.0,0.0,4.900000000000006
2025-01-04 23:00:00,AWS_VABB,Mumbai / Chhatrapati Shivaji Maharaj Intl,Mumbai,Maharashtra,19.1005,72.8585,8.0,26.0,1012.87,44.5,NOAA/NWS ASOS via IEM Archive (provided source file),0,NORMAL,,,,,,23,4,1,4,Winter,0,0.0,0.0,2.799999999999997
2025-01-04 23:30:00,AWS_VABB,Mumbai / Chhatrapati Shivaji Maharaj Intl,Mumbai,Maharashtra,19.1005,72.8585,8.0,26.0,1012.87,44.5,NOAA/NWS ASOS via IEM Archive (provided source file),0,NORMAL,,,,,,23,4,1,4,Winter,0,0.0,0.0,0.0
2025-01-05 00:00:00,AWS_VABB,Mumbai / Chhatrapati Shivaji Maharaj Intl,Mumbai,Maharashtra,19.1005,72.8585,8.0,26.0,1012.87,44.5,NOAA/NWS ASOS via IEM Archive (provided source file),0,NORMAL,,,,,,0,5,1,5,Winter,0,0.0,0.0,0.0
2025-01-05 00:30:00,AWS_VABB,Mumbai / Chhatrapati Shivaji Maharaj Intl,Mumbai,Maharashtra,19.1005,72.8585,8.0,25.0,1011.85,50.4,NOAA/NWS ASOS via IEM Archive (provided source file),0,NORMAL,,,,,,0,5,1,5,Winter,0,-1.0,-1.0199999999999818,5.899999999999999
2025-01-05 01:00:00,AWS_VABB,Mumbai / Chhatrapati Shivaji Maharaj Intl,Mumbai,Maharashtra,19.1005,72.8585,8.0,25.0,1011.85,50.4,NOAA/NWS ASOS via IEM Archive (provided source file),0,NORMAL,,,,,,1,5,1,5,Winter,0,0.0,0.0,0.0
2025-01-05 01:30:00,AWS_VABB,Mumbai / Chhatrapati Shivaji Maharaj Intl,Mumbai,Maharashtra,19.1005,72.8585,8.0,25.0,1011.85,53.8,NOAA/NWS ASOS via IEM Archive (provided source file),0,NORMAL,,,,,,1,5,1,5,Winter,0,0.0,0.0,3.3999999999999986
2025-01-05 02:00:00,AWS_VABB,Mumbai / Chhatrapati Shivaji Maharaj Intl,Mumbai,Maharashtra,19.1005,72.8585,8.0,25.0,1011.85,50.4,NOAA/NWS ASOS via IEM Archive (provided source file),0,NORMAL,,,,,,2,5,1,5,Winter,0,0.0,0.0,-3.3999999999999986
2025-01-05 02:30:00,AWS_VABB,Mumbai / Chhatrapati Shivaji Maharaj Intl,Mumbai,Maharashtra,19.1005,72.8585,8.0,25.0,1010.84,57.4,NOAA/NWS ASOS via IEM Archive (provided source file),0,NORMAL,,,,,,2,5,1,5,Winter,0,0.0,-1.009999999999991,7.0
2025-01-05 03:00:00,AWS_VABB,Mumbai / Chhatrapati Shivaji Maharaj Intl,Mumbai,Maharashtra,19.1005,72.8585,8.0,25.0,1010.84,57.4,NOAA/NWS ASOS via IEM Archive (provided source file),0,NORMAL,,,,,,3,5,1,5,Winter,0,0.0,0.0,0.0
2025-01-05 03:30:00,AWS_VABB,Mumbai / Chhatrapati Shivaji Maharaj Intl,Mumbai,Maharashtra,19.1005,72.8585,8.0,24.0,1010.84,60.9,NOAA/NWS ASOS via IEM Archive (provided source file),0,NORMAL,,,,,,3,5,1,5,Winter,0,-1.0,0.0,3.5
2025-01-05 04:00:00,AWS_VABB,Mumbai / Chhatrapati Shivaji Maharaj Intl,Mumbai,Maharashtra,19.1005,72.8585,8.0,24.0,1010.84,64.9,NOAA/NWS ASOS via IEM Archive (provided source file),0,NORMAL,,,,,,4,5,1,5,Winter,0,0.0,0.0,4.000000000000007
2025-01-05 04:30:00,AWS_VABB,Mumbai / Chhatrapati Shivaji Maharaj Intl,Mumbai,Maharashtra,19.1005,72.8585,8.0,24.0,1010.84,57.1,NOAA/NWS ASOS via IEM Archive (provided source file),0,NORMAL,,,,,,4,5,1,5,Winter,0,0.0,0.0,-7.800000000000004
2025-01-05 05:00:00,AWS_VABB,Mumbai / Chhatrapati Shivaji Maharaj Intl,Mumbai,Maharashtra,19.1005,72.8585,8.0,25.0,1010.84,47.2,NOAA/NWS ASOS via IEM Archive (provided source file),0,NORMAL,,,,,,5,5,1,5,Winter,0,1.0,0.0,-9.899999999999999
2025-01-05 05:30:00,AWS_VABB,Mumbai / Chhatrapati Shivaji Maharaj Intl,Mumbai,Maharashtra,19.1005,72.8585,8.0,25.0,1010.84,47.2,NOAA/NWS ASOS via IEM Archive (provided source file),0,NORMAL,,,,,,5,5,1,5,Winter,0,0.0,0.0,0.0
2025-01-05 06:00:00,AWS_VABB,Mumbai / Chhatrapati Shivaji Maharaj Intl,Mumbai,Maharashtra,19.1005,72.8585,8.0,24.0,1010.84,50.2,NOAA/NWS ASOS via IEM Archive (provided source file),0,NORMAL,,,,,,6,5,1,5,Winter,1,-1.0,0.0,3.0
2025-01-05 06:30:00,AWS_VABB,Mumbai / Chhatrapati Shivaji Maharaj Intl,Mumbai,Maharashtra,19.1005,72.8585,8.0,24.0,1010.84,47.0,NOAA/NWS ASOS via IEM Archive (provided source file),0,NORMAL,,,,,,6,5,1,5,Winter,1,0.0,0.0,-3.200000000000003
2025-01-05 07:00:00,AWS_VABB,Mumbai / Chhatrapati Shivaji Maharaj Intl,Mumbai,Maharashtra,19.1005,72.8585,8.0,24.0,1011.85,50.2,NOAA/NWS ASOS via IEM Archive (provided source file),0,NORMAL,,,,,,7,5,1,5,Winter,1,0.0,1.009999999999991,3.200000000000003
2025-01-05 07:30:00,AWS_VABB,Mumbai / Chhatrapati Shivaji Maharaj Intl,Mumbai,Maharashtra,19.1005,72.8585,8.0,25.0,1012.87,44.2,NOAA/NWS ASOS via IEM Archive (provided source file),0,NORMAL,,,,,,7,5,1,5,Winter,1,1.0,1.0199999999999818,-6.0
2025-01-05 08:00:00,AWS_VABB,Mumbai / Chhatrapati Shivaji Maharaj Intl,Mumbai,Maharashtra,19.1005,72.8585,8.0,25.0,1012.87,53.8,NOAA/NWS ASOS via IEM Archive (provided source file),0,NORMAL,,,,,,8,5,1,5,Winter,1,0.0,0.0,9.599999999999994
2025-01-05 08:30:00,AWS_VABB,Mumbai / Chhatrapati Shivaji Maharaj Intl,Mumbai,Maharashtra,19.1005,72.8585,8.0,25.0,1012.87,50.4,NOAA/NWS ASOS via IEM Archive (provided source file),0,NORMAL,,,,,,8,5,1,5,Winter,1,0.0,0.0,-3.3999999999999986
2025-01-05 09:00:00,AWS_VABB,Mumbai / Chhatrapati Shivaji Maharaj Intl,Mumbai,Maharashtra,19.1005,72.8585,8.0,25.0,1013.88,41.4,NOAA/NWS ASOS via IEM Archive (provided source file),0,NORMAL,,,,,,9,5,1,5,Winter,1,0.0,1.009999999999991,-9.0
2025-01-05 09:30:00,AWS_VABB,Mumbai / Chhatrapati Shivaji Maharaj Intl,Mumbai,Maharashtra,19.1005,72.8585,8.0,26.0,1013.88,41.7,NOAA/NWS ASOS via IEM Archive (provided source file),0,NORMAL,,,,,,9,5,1,5,Winter,1,1.0,0.0,0.30000000000000426
2025-01-05 10:00:00,AWS_VABB,Mumbai / Chhatrapati Shivaji Maharaj Intl,Mumbai,Maharashtra,19.1005,72.8585,8.0,27.0,1013.88,36.8,NOAA/NWS ASOS via IEM Archive (provided source file),0,NORMAL,,,,,,10,5,1,5,Winter,1,1.0,0.0,-4.900000000000006
2025-01-05 10:30:00,AWS_VABB,Mumbai / Chhatrapati Shivaji Maharaj Intl,Mumbai,Maharashtra,19.1005,72.8585,8.0,27.0,1013.88,36.8,NOAA/NWS ASOS via IEM Archive (provided source file),0,NORMAL,,,,,,10,5,1,5,Winter,1,0.0,0.0,0.0
2025-01-05 11:00:00,AWS_VABB,Mumbai / Chhatrapati Shivaji Maharaj Intl,Mumbai,Maharashtra,19.1005,72.8585,8.0,28.0,1013.88,37.1,NOAA/NWS ASOS via IEM Archive (provided source file),0,NORMAL,,,,,,11,5,1,5,Winter,1,1.0,0.0,0.30000000000000426
2025-01-05 11:30:00,AWS_VABB,Mumbai / Chhatrapati Shivaji Maharaj Intl,Mumbai,Maharashtra,19.1005,72.8585,8.0,29.0,1012.87,37.4,NOAA/NWS ASOS via IEM Archive (provided source file),0,NORMAL,,,,,,11,5,1,5,Winter,1,1.0,-1.009999999999991,0.29999999999999716
2025-01-05 12:00:00,AWS_VABB,Mumbai / Chhatrapati Shivaji Maharaj Intl,Mumbai,Maharashtra,19.1005,72.8585,8.0,29.0,1012.87,35.0,NOAA/NWS ASOS via IEM Archive (provided source file),0,NORMAL,,,,,,12,5,1,5,Winter,1,0.0,0.0,-2.3999999999999986
2025-01-05 12:30:00,AWS_VABB,Mumbai / Chhatrapati Shivaji Maharaj Intl,Mumbai,Maharashtra,19.1005,72.8585,8.0,30.0,1012.87,35.2,NOAA/NWS ASOS via IEM Archive (provided source file),0,NORMAL,,,,,,12,5,1,5,Winter,1,1.0,0.0,0.20000000000000284
2025-01-05 13:00:00,AWS_VABB,Mumbai / Chhatrapati Shivaji Maharaj Intl,Mumbai,Maharashtra,19.1005,72.8585,8.0,31.0,1011.85,37.9,NOAA/NWS ASOS via IEM Archive (provided source file),0,NORMAL,,,,,,13,5,1,5,Winter,1,1.0,-1.0199999999999818,2.6999999999999957
2025-01-05 13:30:00,AWS_VABB,Mumbai / Chhatrapati Shivaji Maharaj Intl,Mumbai,Maharashtra,19.1005,72.8585,8.0,30.0,1010.84,37.6,NOAA/NWS ASOS via IEM Archive (provided source file),0,NORMAL,,,,,,13,5,1,5,Winter,1,-1.0,-1.009999999999991,-0.29999999999999716
2025-01-05 14:00:00,AWS_VABB,Mumbai / Chhatrapati Shivaji Maharaj Intl,Mumbai,Maharashtra,19.1005,72.8585,8.0,30.0,1010.84,42.8,NOAA/NWS ASOS via IEM Archive (provided source file),0,NORMAL,,,,,,14,5,1,5,Winter,1,0.0,0.0,5.199999999999996
2025-01-05 14:30:00,AWS_VABB,Mumbai / Chhatrapati Shivaji Maharaj Intl,Mumbai,Maharashtra,19.1005,72.8585,8.0,29.0,1010.16,48.3,NOAA/NWS ASOS via IEM Archive (provided source file),0,NORMAL,,,,,,14,5,1,5,Winter,1,-1.0,-0.6800000000000637,5.5
2025-01-05 15:00:00,AWS_VABB,Mumbai / Chhatrapati Shivaji Maharaj Intl,Mumbai,Maharashtra,19.1005,72.8585,8.0,28.0,1010.16,48.0,NOAA/NWS ASOS via IEM Archive (provided source file),0,NORMAL,,,,,,15,5,1,5,Winter,1,-1.0,0.0,-0.29999999999999716
2025-01-05 15:30:00,AWS_VABB,Mumbai / Chhatrapati Shivaji Maharaj Intl,Mumbai,Maharashtra,19.1005,72.8585,8.0,29.0,1010.16,45.3,NOAA/NWS ASOS via IEM Archive (provided source file),0,NORMAL,,,,,,15,5,1,5,Winter,1,1.0,0.0,-2.700000000000003
2025-01-05 16:00:00,AWS_VABB,Mumbai / Chhatrapati Shivaji Maharaj Intl,Mumbai,Maharashtra,19.1005,72.8585,8.0,28.0,1010.16,54.6,NOAA/NWS ASOS via IEM Archive (provided source file),0,NORMAL,,,,,,16,5,1,5,Winter,1,-1.0,0.0,9.300000000000004
2025-01-05 16:30:00,AWS_VABB,Mumbai / Chhatrapati Shivaji Maharaj Intl,Mumbai,Maharashtra,19.1005,72.8585,8.0,27.0,1010.16,54.3,NOAA/NWS ASOS via IEM Archive (provided source file),0,NORMAL,,,,,,16,5,1,5,Winter,1,-1.0,0.0,-0.30000000000000426
2025-01-05 17:00:00,AWS_VABB,Mumbai / Chhatrapati Shivaji Maharaj Intl,Mumbai,Maharashtra,19.1005,72.8585,8.0,26.0,1010.16,57.6,NOAA/NWS ASOS via IEM Archive (provided source file),0,NORMAL,,,,,,17,5,1,5,Winter,1,-1.0,0.0,3.3000000000000043
2025-01-05 17:30:00,AWS_VABB,Mumbai / Chhatrapati Shivaji Maharaj Intl,Mumbai,Maharashtra,19.1005,72.8585,8.0,26.0,1010.16,57.6,NOAA/NWS ASOS via IEM Archive (provided source file),0,NORMAL,,,,,,17,5,1,5,Winter,1,0.0,0.0,0.0
2025-01-05 18:00:00,AWS_VABB,Mumbai / Chhatrapati Shivaji Maharaj Intl,Mumbai,Maharashtra,19.1005,72.8585,8.0,25.0,1010.84,65.1,NOAA/NWS ASOS via IEM Archive (provided source file),0,NORMAL,,,,,,18,5,1,5,Winter,0,-1.0,0.6800000000000637,7.499999999999993
2025-01-05 18:30:00,AWS_VABB,Mumbai / Chhatrapati Shivaji Maharaj Intl,Mumbai,Maharashtra,19.1005,72.8585,8.0,25.0,1010.84,65.1,NOAA/NWS ASOS via IEM Archive (provided source file),0,NORMAL,,,,,,18,5,1,5,Winter,0,0.0,0.0,0.0
2025-01-05 19:00:00,AWS_VABB,Mumbai / Chhatrapati Shivaji Maharaj Intl,Mumbai,Maharashtra,19.1005,72.8585,8.0,25.0,1010.84,69.3,NOAA/NWS ASOS via IEM Archive (provided source file),0,NORMAL,,,,,,19,5,1,5,Winter,0,0.0,0.0,4.200000000000003
2025-01-05 19:30:00,AWS_VABB,Mumbai / Chhatrapati Shivaji Maharaj Intl,Mumbai,Maharashtra,19.1005,72.8585,8.0,25.0,1011.85,65.1,NOAA/NWS ASOS via IEM Archive (provided source file),0,NORMAL,,,,,,19,5,1,5,Winter,0,0.0,1.009999999999991,-4.200000000000003
2025-01-05 20:00:00,AWS_VABB,Mumbai / Chhatrapati Shivaji Maharaj Intl,Mumbai,Maharashtra,19.1005,72.8585,8.0,25.0,1011.85,65.1,NOAA/NWS ASOS via IEM Archive (provided source file),0,NORMAL,,,,,,20,5,1,5,Winter,0,0.0,0.0,0.0
2025-01-05 20:30:00,AWS_VABB,Mumbai / Chhatrapati Shivaji Maharaj Intl,Mumbai,Maharashtra,19.1005,72.8585,8.0,25.0,1012.87,61.1,NOAA/NWS ASOS via IEM Archive (provided source file),0,NORMAL,,,,,,20,5,1,5,Winter,0,0.0,1.0199999999999818,-3.999999999999993
2025-01-05 21:00:00,AWS_VABB,Mumbai / Chhatrapati Shivaji Maharaj Intl,Mumbai,Maharashtra,19.1005,72.8585,8.0,25.0,1012.87,65.1,NOAA/NWS ASOS via IEM Archive (provided source file),0,NORMAL,,,,,,21,5,1,5,Winter,0,0.0,0.0,3.999999999999993
2025-01-05 21:30:00,AWS_VABB,Mumbai / Chhatrapati Shivaji Maharaj Intl,Mumbai,Maharashtra,19.1005,72.8585,8.0,25.0,1012.87,61.1,NOAA/NWS ASOS via IEM Archive (provided source file),0,NORMAL,,,,,,21,5,1,5,Winter,0,0.0,0.0,-3.999999999999993
2025-01-05 22:00:00,AWS_VABB,Mumbai / Chhatrapati Shivaji Maharaj Intl,Mumbai,Maharashtra,19.1005,72.8585,8.0,25.0,1012.87,61.1,NOAA/NWS ASOS via IEM Archive (provided source file),0,NORMAL,,,,,,22,5,1,5,Winter,0,0.0,0.0,0.0
2025-01-05 22:30:00,AWS_VABB,Mumbai / Chhatrapati Shivaji Maharaj Intl,Mumbai,Maharashtra,19.1005,72.8585,8.0,25.0,1012.87,61.1,NOAA/NWS ASOS via IEM Archive (provided source file),0,NORMAL,,,,,,22,5,1,5,Winter,0,0.0,0.0,0.0
2025-01-05 23:00:00,AWS_VABB,Mumbai / Chhatrapati Shivaji Maharaj Intl,Mumbai,Maharashtra,19.1005,72.8585,8.0,24.0,1012.87,60.9,NOAA/NWS ASOS via IEM Archive (provided source file),0,NORMAL,,,,,,23,5,1,5,Winter,0,-1.0,0.0,-0.20000000000000284
2025-01-05 23:30:00,AWS_VABB,Mumbai / Chhatrapati Shivaji Maharaj Intl,Mumbai,Maharashtra,19.1005,72.8585,8.0,24.0,1012.87,60.9,NOAA/NWS ASOS via IEM Archive (provided source file),0,NORMAL,,,,,,23,5,1,5,Winter,0,0.0,0.0,0.0
2025-01-06 00:00:00,AWS_VABB,Mumbai / Chhatrapati Shivaji Maharaj Intl,Mumbai,Maharashtra,19.1005,72.8585,8.0,24.0,1012.87,57.1,NOAA/NWS ASOS via IEM Archive (provided source file),0,NORMAL,,,,,,0,6,1,6,Winter,0,0.0,0.0,-3.799999999999997
2025-01-06 00:30:00,AWS_VABB,Mumbai / Chhatrapati Shivaji Maharaj Intl,Mumbai,Maharashtra,19.1005,72.8585,8.0,24.0,1012.87,57.1,NOAA/NWS ASOS via IEM Archive (provided source file),0,NORMAL,,,,,,0,6,1,6,Winter,0,0.0,0.0,0.0
2025-01-06 01:00:00,AWS_VABB,Mumbai / Chhatrapati Shivaji Maharaj Intl,Mumbai,Maharashtra,19.1005,72.8585,8.0,24.0,1011.85,53.6,NOAA/NWS ASOS via IEM Archive (provided source file),0,NORMAL,,,,,,1,6,1,6,Winter,0,0.0,-1.0199999999999818,-3.5
2025-01-06 01:30:00,AWS_VABB,Mumbai / Chhatrapati Shivaji Maharaj Intl,Mumbai,Maharashtra,19.1005,72.8585,8.0,24.0,1011.85,57.1,NOAA/NWS ASOS via IEM Archive (provided source file),0,NORMAL,,,,,,1,6,1,6,Winter,0,0.0,0.0,3.5
2025-01-06 02:00:00,AWS_VABB,Mumbai / Chhatrapati Shivaji Maharaj Intl,Mumbai,Maharashtra,19.1005,72.8585,8.0,23.0,1011.85,56.9,NOAA/NWS ASOS via IEM Archive (provided source file),0,NORMAL,,,,,,2,6,1,6,Winter,0,-1.0,0.0,-0.20000000000000284
2025-01-06 02:30:00,AWS_VABB,Mumbai / Chhatrapati Shivaji Maharaj Intl,Mumbai,Maharashtra,19.1005,72.8585,8.0,23.0,1011.85,56.9,NOAA/NWS ASOS via IEM Archive (provided source file),0,NORMAL,,,,,,2,6,1,6,Winter,0,0.0,0.0,0.0
2025-01-06 03:00:00,AWS_VABB,Mumbai / Chhatrapati Shivaji Maharaj Intl,Mumbai,Maharashtra,19.1005,72.8585,8.0,23.0,1011.85,56.9,NOAA/NWS ASOS via IEM Archive (provided source file),0,NORMAL,,,,,,3,6,1,6,Winter,0,0.0,0.0,0.0
2025-01-06 03:30:00,AWS_VABB,Mumbai / Chhatrapati Shivaji Maharaj Intl,Mumbai,Maharashtra,19.1005,72.8585,8.0,22.0,1010.84,60.4,NOAA/NWS ASOS via IEM Archive (provided source file),0,NORMAL,,,,,,3,6,1,6,Winter,0,-1.0,-1.009999999999991,3.5
2025-01-06 04:00:00,AWS_VABB,Mumbai / Chhatrapati Shivaji Maharaj Intl,Mumbai,Maharashtra,19.1005,72.8585,8.0,22.0,1011.85,60.4,NOAA/NWS ASOS via IEM Archive (provided source file),0,NORMAL,,,,,,4,6,1,6,Winter,0,0.0,1.009999999999991,0.0
2025-01-06 04:30:00,AWS_VABB,Mumbai / Chhatrapati Shivaji Maharaj Intl,Mumbai,Maharashtra,19.1005,72.8585,8.0,22.0,1010.84,60.4,NOAA/NWS ASOS via IEM Archive (provided source file),0,NORMAL,,,,,,4,6,1,6,Winter,0,0.0,-1.009999999999991,0.0
2025-01-06 05:00:00,AWS_VABB,Mumbai / Chhatrapati Shivaji Maharaj Intl,Mumbai,Maharashtra,19.1005,72.8585,8.0,22.0,1011.85,60.4,NOAA/NWS ASOS via IEM Archive (provided source file),0,NORMAL,,,,,,5,6,1,6,Winter,0,0.0,1.009999999999991,0.0
2025-01-06 05:30:00,AWS_VABB,Mumbai / Chhatrapati Shivaji Maharaj Intl,Mumbai,Maharashtra,19.1005,72.8585,8.0,22.0,1011.85,56.6,NOAA/NWS ASOS via IEM Archive (provided source file),0,NORMAL,,,,,,5,6,1,6,Winter,0,0.0,0.0,-3.799999999999997
2025-01-06 06:00:00,AWS_VABB,Mumbai / Chhatrapati Shivaji Maharaj Intl,Mumbai,Maharashtra,19.1005,72.8585,8.0,21.0,1011.85,60.2,NOAA/NWS ASOS via IEM Archive (provided source file),0,NORMAL,,,,,,6,6,1,6,Winter,1,-1.0,0.0,3.6000000000000014
2025-01-06 06:30:00,AWS_VABB,Mumbai / Chhatrapati Shivaji Maharaj Intl,Mumbai,Maharashtra,19.1005,72.8585,8.0,22.0,1011.85,56.6,NOAA/NWS ASOS via IEM Archive (provided source file),0,NORMAL,,,,,,6,6,1,6,Winter,1,1.0,0.0,-3.6000000000000014
2025-01-06 07:00:00,AWS_VABB,Mumbai / Chhatrapati Shivaji Maharaj Intl,Mumbai,Maharashtra,19.1005,72.8585,8.0,21.0,1012.87,60.2,NOAA/NWS ASOS via IEM Archive (provided source file),0,NORMAL,,,,,,7,6,1,6,Winter,1,-1.0,1.0199999999999818,3.6000000000000014
2025-01-06 07:30:00,AWS_VABB,Mumbai / Chhatrapati Shivaji Maharaj Intl,Mumbai,Maharashtra,19.1005,72.8585,8.0,22.0,1012.87,56.6,NOAA/NWS ASOS via IEM Archive (provided source file),0,NORMAL,,,,,,7,6,1,6,Winter,1,1.0,0.0,-3.6000000000000014
2025-01-06 08:00:00,AWS_VABB,Mumbai / Chhatrapati Shivaji Maharaj Intl,Mumbai,Maharashtra,19.1005,72.8585,8.0,22.0,1012.87,56.6,NOAA/NWS ASOS via IEM Archive (provided source file),0,NORMAL,,,,,,8,6,1,6,Winter,1,0.0,0.0,0.0
2025-01-06 08:30:00,AWS_VABB,Mumbai / Chhatrapati Shivaji Maharaj Intl,Mumbai,Maharashtra,19.1005,72.8585,8.0,22.0,1013.88,56.6,NOAA/NWS ASOS via IEM Archive (provided source file),0,NORMAL,,,,,,8,6,1,6,Winter,1,0.0,1.009999999999991,0.0
2025-01-06 09:00:00,AWS_VABB,Mumbai / Chhatrapati Shivaji Maharaj Intl,Mumbai,Maharashtra,19.1005,72.8585,8.0,22.0,1014.9,56.6,NOAA/NWS ASOS via IEM Archive (provided source file),0,NORMAL,,,,,,9,6,1,6,Winter,1,0.0,1.0199999999999818,0.0
2025-01-06 09:30:00,AWS_VABB,Mumbai / Chhatrapati Shivaji Maharaj Intl,Mumbai,Maharashtra,19.1005,72.8585,8.0,23.0,1014.9,53.3,NOAA/NWS ASOS via IEM Archive (provided source file),0,NORMAL,,,,,,9,6,1,6,Winter,1,1.0,0.0,-3.3000000000000043
2025-01-06 10:00:00,AWS_VABB,Mumbai / Chhatrapati Shivaji Maharaj Intl,Mumbai,Maharashtra,19.1005,72.8585,8.0,24.0,1014.9,47.0,NOAA/NWS ASOS via IEM Archive (provided source file),0,NORMAL,,,,,,10,6,1,6,Winter,1,1.0,0.0,-6.299999999999997
2025-01-06 10:30:00,AWS_VABB,Mumbai / Chhatrapati Shivaji Maharaj Intl,Mumbai,Maharashtra,19.1005,72.8585,8.0,25.0,1014.9,47.2,NOAA/NWS ASOS via IEM Archive (provided source file),0,NORMAL,,,,,,10,6,1,6,Winter,1,1.0,0.0,0.20000000000000284
2025-01-06 11:00:00,AWS_VABB,Mumbai / Chhatrapati Shivaji Maharaj Intl,Mumbai,Maharashtra,19.1005,72.8585,8.0,26.0,1014.9,44.5,NOAA/NWS ASOS via IEM Archive (provided source file),0,NORMAL,,,,,,11,6,1,6,Winter,1,1.0,0.0,-2.700000000000003
2025-01-06 11:30:00,AWS_VABB,Mumbai / Chhatrapati Shivaji Maharaj Intl,Mumbai,Maharashtra,19.1005,72.8585,8.0,27.0,1013.88,42.0,NOAA/NWS ASOS via IEM Archive (provided source file),0,NORMAL,,,,,,11,6,1,6,Winter,1,1.0,-1.0199999999999818,-2.5
2025-01-06 12:00:00,AWS_VABB,Mumbai / Chhatrapati Shivaji Maharaj Intl,Mumbai,Maharashtra,19.1005,72.8585,8.0,28.0,1013.88,37.1,NOAA/NWS ASOS via IEM Archive (provided source file),0,NORMAL,,,,,,12,6,1,6,Winter,1,1.0,0.0,-4.899999999999999
2025-01-06 12:30:00,AWS_VABB,Mumbai / Chhatrapati Shivaji Maharaj Intl,Mumbai,Maharashtra,19.1005,72.8585,8.0,28.0,1012.87,39.6,NOAA/NWS ASOS via IEM Archive (provided source file),0,NORMAL,,,,,,12,6,1,6,Winter,1,0.0,-1.009999999999991,2.5
2025-01-06 13:30:00,AWS_VABB,Mumbai / Chhatrapati Shivaji Maharaj Intl,Mumbai,Maharashtra,19.1005,72.8585,8.0,29.0,1011.85,37.4,NOAA/NWS ASOS via IEM Archive (provided source file),0,NORMAL,,,,,,13,6,1,6,Winter,1,1.0,-1.0199999999999818,-2.200000000000003
2025-01-06 14:00:00,AWS_VABB,Mumbai / Chhatrapati Shivaji Maharaj Intl,Mumbai,Maharashtra,19.1005,72.8585,8.0,29.0,1010.84,37.4,NOAA/NWS ASOS via IEM Archive (provided source file),0,NORMAL,,,,,,14,6,1,6,Winter,1,0.0,-1.009999999999991,0.0
2025-01-06 14:30:00,AWS_VABB,Mumbai / Chhatrapati Shivaji Maharaj Intl,Mumbai,Maharashtra,19.1005,72.8585,8.0,29.0,1010.84,39.9,NOAA/NWS ASOS via IEM Archive (provided source file),0,NORMAL,,,,,,14,6,1,6,Winter,1,0.0,0.0,2.5
2025-01-06 15:00:00,AWS_VABB,Mumbai / Chhatrapati Shivaji Maharaj Intl,Mumbai,Maharashtra,19.1005,72.8585,8.0,29.0,1010.84,42.5,NOAA/NWS ASOS via IEM Archive (provided source file),0,NORMAL,,,,,,15,6,1,6,Winter,1,0.0,0.0,2.6000000000000014
2025-01-06 15:30:00,AWS_VABB,Mumbai / Chhatrapati Shivaji Maharaj Intl,Mumbai,Maharashtra,19.1005,72.8585,8.0,28.0,1010.84,45.1,NOAA/NWS ASOS via IEM Archive (provided source file),0,NORMAL,,,,,,15,6,1,6,Winter,1,-1.0,0.0,2.6000000000000014
2025-01-06 16:00:00,AWS_VABB,Mumbai / Chhatrapati Shivaji Maharaj Intl,Mumbai,Maharashtra,19.1005,72.8585,8.0,27.0,1010.16,44.8,NOAA/NWS ASOS via IEM Archive (provided source file),0,NORMAL,,,,,,16,6,1,6,Winter,1,-1.0,-0.6800000000000637,-0.30000000000000426
2025-01-06 16:30:00,AWS_VABB,Mumbai / Chhatrapati Shivaji Maharaj Intl,Mumbai,Maharashtra,19.1005,72.8585,8.0,27.0,1010.16,44.8,NOAA/NWS ASOS via IEM Archive (provided source file),0,NORMAL,,,,,,16,6,1,6,Winter,1,0.0,0.0,0.0
2025-01-06 17:00:00,AWS_VABB,Mumbai / Chhatrapati Shivaji Maharaj Intl,Mumbai,Maharashtra,19.1005,72.8585,8.0,26.0,1010.84,47.5,NOAA/NWS ASOS via IEM Archive (provided source file),0,NORMAL,,,,,,17,6,1,6,Winter,1,-1.0,0.6800000000000637,2.700000000000003
2025-01-06 17:30:00,AWS_VABB,Mumbai / Chhatrapati Shivaji Maharaj Intl,Mumbai,Maharashtra,19.1005,72.8585,8.0,25.0,1010.84,53.8,NOAA/NWS ASOS via IEM Archive (provided source file),0,NORMAL,,,,,,17,6,1,6,Winter,1,-1.0,0.0,6.299999999999997
2025-01-06 18:00:00,AWS_VABB,Mumbai / Chhatrapati Shivaji Maharaj Intl,Mumbai,Maharashtra,19.1005,72.8585,8.0,25.0,1010.84,53.8,NOAA/NWS ASOS via IEM Archive (provided source file),0,NORMAL,,,,,,18,6,1,6,Winter,0,0.0,0.0,0.0
2025-01-06 18:30:00,AWS_VABB,Mumbai / Chhatrapati Shivaji Maharaj Intl,Mumbai,Maharashtra,19.1005,72.8585,8.0,25.0,1010.84,57.4,NOAA/NWS ASOS via IEM Archive (provided source file),0,NORMAL,,,,,,18,6,1,6,Winter,0,0.0,0.0,3.6000000000000014
2025-01-06 19:00:00,AWS_VABB,Mumbai / Chhatrapati Shivaji Maharaj Intl,Mumbai,Maharashtra,19.1005,72.8585,8.0,24.0,1010.84,60.9,NOAA/NWS ASOS via IEM Archive (provided source file),0,NORMAL,,,,,,19,6,1,6,Winter,0,-1.0,0.0,3.5
2025-01-06 19:30:00,AWS_VABB,Mumbai / Chhatrapati Shivaji Maharaj Intl,Mumbai,Maharashtra,19.1005,72.8585,8.0,24.0,1011.85,57.1,NOAA/NWS ASOS via IEM Archive (provided source file),0,NORMAL,,,,,,19,6,1,6,Winter,0,0.0,1.009999999999991,-3.799999999999997
2025-01-06 20:00:00,AWS_VABB,Mumbai / Chhatrapati Shivaji Maharaj Intl,Mumbai,Maharashtra,19.1005,72.8585,8.0,24.0,1011.85,57.1,NOAA/NWS ASOS via IEM Archive (provided source file),0,NORMAL,,,,,,20,6,1,6,Winter,0,0.0,0.0,0.0
2025-01-06 20:30:00,AWS_VABB,Mumbai / Chhatrapati Shivaji Maharaj Intl,Mumbai,Maharashtra,19.1005,72.8585,8.0,24.0,1012.87,57.1,NOAA/NWS ASOS via IEM Archive (provided source file),0,NORMAL,,,,,,20,6,1,6,Winter,0,0.0,1.0199999999999818,0.0
2025-01-06 21:00:00,AWS_VABB,Mumbai / Chhatrapati Shivaji Maharaj Intl,Mumbai,Maharashtra,19.1005,72.8585,8.0,24.0,1012.87,57.1,NOAA/NWS ASOS via IEM Archive (provided source file),0,NORMAL,,,,,,21,6,1,6,Winter,0,0.0,0.0,0.0
2025-01-06 21:30:00,AWS_VABB,Mumbai / Chhatrapati Shivaji Maharaj Intl,Mumbai,Maharashtra,19.1005,72.8585,8.0,23.0,1012.87,60.7,NOAA/NWS ASOS via IEM Archive (provided source file),0,NORMAL,,,,,,21,6,1,6,Winter,0,-1.0,0.0,3.6000000000000014
2025-01-06 22:00:00,AWS_VABB,Mumbai / Chhatrapati Shivaji Maharaj Intl,Mumbai,Maharashtra,19.1005,72.8585,8.0,23.0,1013.88,60.7,NOAA/NWS ASOS via IEM Archive (provided source file),0,NORMAL,,,,,,22,6,1,6,Winter,0,0.0,1.009999999999991,0.0
2025-01-06 22:30:00,AWS_VABB,Mumbai / Chhatrapati Shivaji Maharaj Intl,Mumbai,Maharashtra,19.1005,72.8585,8.0,23.0,1012.87,60.7,NOAA/NWS ASOS via IEM Archive (provided source file),0,NORMAL,,,,,,22,6,1,6,Winter,0,0.0,-1.009999999999991,0.0
2025-01-06 23:00:00,AWS_VABB,Mumbai / Chhatrapati Shivaji Maharaj Intl,Mumbai,Maharashtra,19.1005,72.8585,8.0,22.0,1012.87,60.4,NOAA/NWS ASOS via IEM Archive (provided source file),0,NORMAL,,,,,,23,6,1,6,Winter,0,-1.0,0.0,-0.30000000000000426
2025-01-06 23:30:00,AWS_VABB,Mumbai / Chhatrapati Shivaji Maharaj Intl,Mumbai,Maharashtra,19.1005,72.8585,8.0,22.0,1012.87,60.4,NOAA/NWS ASOS via IEM Archive (provided source file),0,NORMAL,,,,,,23,6,1,6,Winter,0,0.0,0.0,0.0
2025-01-01 04:30:00,AWS_VABO,Vadodara / Vadodara Airport,Vadodara,Gujarat,22.3333,73.2667,44.7,16.0,1013.88,93.8,NOAA/NWS ASOS via IEM Archive (provided source file),0,NORMAL,,,,,,4,1,1,1,Winter,0,,,
2025-01-01 05:30:00,AWS_VABO,Vadodara / Vadodara Airport,Vadodara,Gujarat,22.3333,73.2667,44.7,15.0,1013.88,93.7,NOAA/NWS ASOS via IEM Archive (provided source file),0,NORMAL,,,,,,5,1,1,1,Winter,0,-1.0,0.0,-0.09999999999999432
2025-01-01 06:00:00,AWS_VABO,Vadodara / Vadodara Airport,Vadodara,Gujarat,22.3333,73.2667,44.7,15.0,1014.9,93.7,NOAA/NWS ASOS via IEM Archive (provided source file),0,NORMAL,,,,,,6,1,1,1,Winter,1,0.0,1.0199999999999818,0.0
2025-01-01 06:30:00,AWS_VABO,Vadodara / Vadodara Airport,Vadodara,Gujarat,22.3333,73.2667,44.7,15.0,1014.9,93.7,NOAA/NWS ASOS via IEM Archive (provided source file),0,NORMAL,,,,,,6,1,1,1,Winter,1,0.0,0.0,0.0
2025-01-01 07:00:00,AWS_VABO,Vadodara / Vadodara Airport,Vadodara,Gujarat,22.3333,73.2667,44.7,15.0,1014.9,93.7,NOAA/NWS ASOS via IEM Archive (provided source file),0,NORMAL,,,,,,7,1,1,1,Winter,1,0.0,0.0,0.0
2025-01-01 07:30:00,AWS_VABO,Vadodara / Vadodara Airport,Vadodara,Gujarat,22.3333,73.2667,44.7,15.0,1014.9,93.7,NOAA/NWS ASOS via IEM Archive (provided source file),0,NORMAL,,,,,,7,1,1,1,Winter,1,0.0,0.0,0.0
2025-01-01 08:00:00,AWS_VABO,Vadodara / Vadodara Airport,Vadodara,Gujarat,22.3333,73.2667,44.7,15.0,1015.92,100.0,NOAA/NWS ASOS via IEM Archive (provided source file),0,NORMAL,,,,,,8,1,1,1,Winter,1,0.0,1.0199999999999818,6.299999999999997
2025-01-01 08:30:00,AWS_VABO,Vadodara / Vadodara Airport,Vadodara,Gujarat,22.3333,73.2667,44.7,16.0,1015.92,93.8,NOAA/NWS ASOS via IEM Archive (provided source file),0,NORMAL,,,,,,8,1,1,1,Winter,1,1.0,0.0,-6.200000000000003
2025-01-01 09:00:00,AWS_VABO,Vadodara / Vadodara Airport,Vadodara,Gujarat,22.3333,73.2667,44.7,18.0,1016.93,88.1,NOAA/NWS ASOS via IEM Archive (provided source file),0,NORMAL,,,,,,9,1,1,1,Winter,1,2.0,1.009999999999991,-5.700000000000003
2025-01-01 09:30:00,AWS_VABO,Vadodara / Vadodara Airport,Vadodara,Gujarat,22.3333,73.2667,44.7,19.0,1016.93,82.7,NOAA/NWS ASOS via IEM Archive (provided source file),0,NORMAL,,,,,,9,1,1,1,Winter,1,1.0,0.0,-5.3999999999999915
2025-01-01 10:00:00,AWS_VABO,Vadodara / Vadodara Airport,Vadodara,Gujarat,22.3333,73.2667,44.7,21.0,1016.93,77.9,NOAA/NWS ASOS via IEM Archive (provided source file),0,NORMAL,,,,,,10,1,1,1,Winter,1,2.0,0.0,-4.799999999999997
2025-01-01 10:30:00,AWS_VABO,Vadodara / Vadodara Airport,Vadodara,Gujarat,22.3333,73.2667,44.7,23.0,1016.93,68.9,NOAA/NWS ASOS via IEM Archive (provided source file),0,NORMAL,,,,,,10,1,1,1,Winter,1,2.0,0.0,-9.0
2025-01-01 11:00:00,AWS_VABO,Vadodara / Vadodara Airport,Vadodara,Gujarat,22.3333,73.2667,44.7,24.0,1016.93,64.9,NOAA/NWS ASOS via IEM Archive (provided source file),0,NORMAL,,,,,,11,1,1,1,Winter,1,1.0,0.0,-4.0
2025-01-01 11:30:00,AWS_VABO,Vadodara / Vadodara Airport,Vadodara,Gujarat,22.3333,73.2667,44.7,25.0,1016.93,65.1,NOAA/NWS ASOS via IEM Archive (provided source file),0,NORMAL,,,,,,11,1,1,1,Winter,1,1.0,0.0,0.19999999999998863
2025-01-01 12:00:00,AWS_VABO,Vadodara / Vadodara Airport,Vadodara,Gujarat,22.3333,73.2667,44.7,27.0,1015.92,57.8,NOAA/NWS ASOS via IEM Archive (provided source file),0,NORMAL,,,,,,12,1,1,1,Winter,1,2.0,-1.009999999999991,-7.299999999999997
2025-01-01 12:30:00,AWS_VABO,Vadodara / Vadodara Airport,Vadodara,Gujarat,22.3333,73.2667,44.7,27.0,1015.92,57.8,NOAA/NWS ASOS via IEM Archive (provided source file),0,NORMAL,,,,,,12,1,1,1,Winter,1,0.0,0.0,0.0
2025-01-01 13:00:00,AWS_VABO,Vadodara / Vadodara Airport,Vadodara,Gujarat,22.3333,73.2667,44.7,28.0,1014.9,54.6,NOAA/NWS ASOS via IEM Archive (provided source file),0,NORMAL,,,,,,13,1,1,1,Winter,1,1.0,-1.0199999999999818,-3.1999999999999957
2025-01-01 13:30:00,AWS_VABO,Vadodara / Vadodara Airport,Vadodara,Gujarat,22.3333,73.2667,44.7,29.0,1013.88,42.5,NOAA/NWS ASOS via IEM Archive (provided source file),0,NORMAL,,,,,,13,1,1,1,Winter,1,1.0,-1.0199999999999818,-12.100000000000001
2025-01-01 14:00:00,AWS_VABO,Vadodara / Vadodara Airport,Vadodara,Gujarat,22.3333,73.2667,44.7,30.0,1013.88,42.8,NOAA/NWS ASOS via IEM Archive (provided source file),0,NORMAL,,,,,,14,1,1,1,Winter,1,1.0,0.0,0.29999999999999716
2025-01-01 14:30:00,AWS_VABO,Vadodara / Vadodara Airport,Vadodara,Gujarat,22.3333,73.2667,44.7,29.0,1012.87,42.5,NOAA/NWS ASOS via IEM Archive (provided source file),0,NORMAL,,,,,,14,1,1,1,Winter,1,-1.0,-1.009999999999991,-0.29999999999999716
2025-01-01 15:00:00,AWS_VABO,Vadodara / Vadodara Airport,Vadodara,Gujarat,22.3333,73.2667,44.7,30.0,1012.87,40.1,NOAA/NWS ASOS via IEM Archive (provided source file),0,NORMAL,,,,,,15,1,1,1,Winter,1,1.0,0.0,-2.3999999999999986
2025-01-01 15:30:00,AWS_VABO,Vadodara / Vadodara Airport,Vadodara,Gujarat,22.3333,73.2667,44.7,29.0,1012.87,39.9,NOAA/NWS ASOS via IEM Archive (provided source file),0,NORMAL,,,,,,15,1,1,1,Winter,1,-1.0,0.0,-0.20000000000000284
2025-01-01 16:00:00,AWS_VABO,Vadodara / Vadodara Airport,Vadodara,Gujarat,22.3333,73.2667,44.7,30.0,1011.85,35.2,NOAA/NWS ASOS via IEM Archive (provided source file),0,NORMAL,,,,,,16,1,1,1,Winter,1,1.0,-1.0199999999999818,-4.699999999999996
2025-01-01 16:30:00,AWS_VABO,Vadodara / Vadodara Airport,Vadodara,Gujarat,22.3333,73.2667,44.7,30.0,1011.85,37.6,NOAA/NWS ASOS via IEM Archive (provided source file),0,NORMAL,,,,,,16,1,1,1,Winter,1,0.0,0.0,2.3999999999999986
2025-01-01 17:00:00,AWS_VABO,Vadodara / Vadodara Airport,Vadodara,Gujarat,22.3333,73.2667,44.7,28.0,1011.85,51.2,NOAA/NWS ASOS via IEM Archive (provided source file),0,NORMAL,,,,,,17,1,1,1,Winter,1,-2.0,0.0,13.600000000000001
2025-01-01 17:30:00,AWS_VABO,Vadodara / Vadodara Airport,Vadodara,Gujarat,22.3333,73.2667,44.7,27.0,1011.85,54.3,NOAA/NWS ASOS via IEM Archive (provided source file),0,NORMAL,,,,,,17,1,1,1,Winter,1,-1.0,0.0,3.0999999999999943
2025-01-01 18:00:00,AWS_VABO,Vadodara / Vadodara Airport,Vadodara,Gujarat,22.3333,73.2667,44.7,26.0,1012.87,57.6,NOAA/NWS ASOS via IEM Archive (provided source file),0,NORMAL,,,,,,18,1,1,1,Winter,0,-1.0,1.0199999999999818,3.3000000000000043
2025-01-01 18:30:00,AWS_VABO,Vadodara / Vadodara Airport,Vadodara,Gujarat,22.3333,73.2667,44.7,24.0,1012.87,64.9,NOAA/NWS ASOS via IEM Archive (provided source file),0,NORMAL,,,,,,18,1,1,1,Winter,0,-2.0,0.0,7.300000000000004
2025-01-01 19:00:00,AWS_VABO,Vadodara / Vadodara Airport,Vadodara,Gujarat,22.3333,73.2667,44.7,24.0,1012.87,64.9,NOAA/NWS ASOS via IEM Archive (provided source file),0,NORMAL,,,,,,19,1,1,1,Winter,0,0.0,0.0,0.0
2025-01-01 19:30:00,AWS_VABO,Vadodara / Vadodara Airport,Vadodara,Gujarat,22.3333,73.2667,44.7,23.0,1013.88,68.9,NOAA/NWS ASOS via IEM Archive (provided source file),0,NORMAL,,,,,,19,1,1,1,Winter,0,-1.0,1.009999999999991,4.0
2025-01-01 20:00:00,AWS_VABO,Vadodara / Vadodara Airport,Vadodara,Gujarat,22.3333,73.2667,44.7,23.0,1013.88,68.9,NOAA/NWS ASOS via IEM Archive (provided source file),0,NORMAL,,,,,,20,1,1,1,Winter,0,0.0,0.0,0.0
2025-01-01 20:30:00,AWS_VABO,Vadodara / Vadodara Airport,Vadodara,Gujarat,22.3333,73.2667,44.7,23.0,1014.9,68.9,NOAA/NWS ASOS via IEM Archive (provided source file),0,NORMAL,,,,,,20,1,1,1,Winter,0,0.0,1.0199999999999818,0.0
2025-01-01 21:00:00,AWS_VABO,Vadodara / Vadodara Airport,Vadodara,Gujarat,22.3333,73.2667,44.7,21.0,1014.9,73.1,NOAA/NWS ASOS via IEM Archive (provided source file),0,NORMAL,,,,,,21,1,1,1,Winter,0,-2.0,0.0,4.199999999999989
2025-01-01 21:30:00,AWS_VABO,Vadodara / Vadodara Airport,Vadodara,Gujarat,22.3333,73.2667,44.7,21.0,1014.9,73.1,NOAA/NWS ASOS via IEM Archive (provided source file),0,NORMAL,,,,,,21,1,1,1,Winter,0,0.0,0.0,0.0
2025-01-02 04:30:00,AWS_VABO,Vadodara / Vadodara Airport,Vadodara,Gujarat,22.3333,73.2667,44.7,16.0,1013.88,87.9,NOAA/NWS ASOS via IEM Archive (provided source file),0,NORMAL,,,,,,4,2,1,2,Winter,0,-5.0,-1.0199999999999818,14.800000000000011
2025-01-02 05:30:00,AWS_VABO,Vadodara / Vadodara Airport,Vadodara,Gujarat,22.3333,73.2667,44.7,15.0,1013.88,93.7,NOAA/NWS ASOS via IEM Archive (provided source file),0,NORMAL,,,,,,5,2,1,2,Winter,0,-1.0,0.0,5.799999999999997
2025-01-02 06:00:00,AWS_VABO,Vadodara / Vadodara Airport,Vadodara,Gujarat,22.3333,73.2667,44.7,15.0,1013.88,93.7,NOAA/NWS ASOS via IEM Archive (provided source file),0,NORMAL,,,,,,6,2,1,2,Winter,1,0.0,0.0,0.0
2025-01-02 06:30:00,AWS_VABO,Vadodara / Vadodara Airport,Vadodara,Gujarat,22.3333,73.2667,44.7,15.0,1014.9,93.7,NOAA/NWS ASOS via IEM Archive (provided source file),0,NORMAL,,,,,,6,2,1,2,Winter,1,0.0,1.0199999999999818,0.0
2025-01-02 07:00:00,AWS_VABO,Vadodara / Vadodara Airport,Vadodara,Gujarat,22.3333,73.2667,44.7,14.0,1014.9,93.7,NOAA/NWS ASOS via IEM Archive (provided source file),0,NORMAL,,,,,,7,2,1,2,Winter,1,-1.0,0.0,0.0
2025-01-02 07:30:00,AWS_VABO,Vadodara / Vadodara Airport,Vadodara,Gujarat,22.3333,73.2667,44.7,15.0,1014.9,93.7,NOAA/NWS ASOS via IEM Archive (provided source file),0,NORMAL,,,,,,7,2,1,2,Winter,1,1.0,0.0,0.0
2025-01-02 08:00:00,AWS_VABO,Vadodara / Vadodara Airport,Vadodara,Gujarat,22.3333,73.2667,44.7,16.0,1015.92,87.9,NOAA/NWS ASOS via IEM Archive (provided source file),0,NORMAL,,,,,,8,2,1,2,Winter,1,1.0,1.0199999999999818,-5.799999999999997
2025-01-02 08:30:00,AWS_VABO,Vadodara / Vadodara Airport,Vadodara,Gujarat,22.3333,73.2667,44.7,16.0,1015.92,87.9,NOAA/NWS ASOS via IEM Archive (provided source file),0,NORMAL,,,,,,8,2,1,2,Winter,1,0.0,0.0,0.0
2025-01-02 09:00:00,AWS_VABO,Vadodara / Vadodara Airport,Vadodara,Gujarat,22.3333,73.2667,44.7,18.0,1016.93,82.6,NOAA/NWS ASOS via IEM Archive (provided source file),0,NORMAL,,,,,,9,2,1,2,Winter,1,2.0,1.009999999999991,-5.300000000000011
2025-01-02 09:30:00,AWS_VABO,Vadodara / Vadodara Airport,Vadodara,Gujarat,22.3333,73.2667,44.7,19.0,1016.93,77.6,NOAA/NWS ASOS via IEM Archive (provided source file),0,NORMAL,,,,,,9,2,1,2,Winter,1,1.0,0.0,-5.0
2025-01-02 10:00:00,AWS_VABO,Vadodara / Vadodara Airport,Vadodara,Gujarat,22.3333,73.2667,44.7,21.0,1016.93,68.6,NOAA/NWS ASOS via IEM Archive (provided source file),0,NORMAL,,,,,,10,2,1,2,Winter,1,2.0,0.0,-9.0
2025-01-02 10:30:00,AWS_VABO,Vadodara / Vadodara Airport,Vadodara,Gujarat,22.3333,73.2667,44.7,23.0,1016.93,64.7,NOAA/NWS ASOS via IEM Archive (provided source file),0,NORMAL,,,,,,10,2,1,2,Winter,1,2.0,0.0,-3.8999999999999915
2025-01-02 11:00:00,AWS_VABO,Vadodara / Vadodara Airport,Vadodara,Gujarat,22.3333,73.2667,44.7,24.0,1016.93,60.9,NOAA/NWS ASOS via IEM Archive (provided source file),0,NORMAL,,,,,,11,2,1,2,Winter,1,1.0,0.0,-3.8000000000000043
2025-01-02 11:30:00,AWS_VABO,Vadodara / Vadodara Airport,Vadodara,Gujarat,22.3333,73.2667,44.7,26.0,1016.93,54.0,NOAA/NWS ASOS via IEM Archive (provided source file),0,NORMAL,,,,,,11,2,1,2,Winter,1,2.0,0.0,-6.899999999999999
2025-01-02 12:00:00,AWS_VABO,Vadodara / Vadodara Airport,Vadodara,Gujarat,22.3333,73.2667,44.7,27.0,1015.92,54.3,NOAA/NWS ASOS via IEM Archive (provided source file),0,NORMAL,,,,,,12,2,1,2,Winter,1,1.0,-1.009999999999991,0.29999999999999716
2025-01-02 12:30:00,AWS_VABO,Vadodara / Vadodara Airport,Vadodara,Gujarat,22.3333,73.2667,44.7,28.0,1015.92,51.2,NOAA/NWS ASOS via IEM Archive (provided source file),0,NORMAL,,,,,,12,2,1,2,Winter,1,1.0,0.0,-3.0999999999999943
2025-01-02 13:00:00,AWS_VABO,Vadodara / Vadodara Airport,Vadodara,Gujarat,22.3333,73.2667,44.7,29.0,1014.9,45.3,NOAA/NWS ASOS via IEM Archive (provided source file),0,NORMAL,,,,,,13,2,1,2,Winter,1,1.0,-1.0199999999999818,-5.900000000000006
2025-01-02 13:30:00,AWS_VABO,Vadodara / Vadodara Airport,Vadodara,Gujarat,22.3333,73.2667,44.7,29.0,1013.88,45.3,NOAA/NWS ASOS via IEM Archive (provided source file),0,NORMAL,,,,,,13,2,1,2,Winter,1,0.0,-1.0199999999999818,0.0
2025-01-02 14:00:00,AWS_VABO,Vadodara / Vadodara Airport,Vadodara,Gujarat,22.3333,73.2667,44.7,30.0,1013.88,42.8,NOAA/NWS ASOS via IEM Archive (provided source file),0,NORMAL,,,,,,14,2,1,2,Winter,1,1.0,0.0,-2.5
2025-01-02 14:30:00,AWS_VABO,Vadodara / Vadodara Airport,Vadodara,Gujarat,22.3333,73.2667,44.7,30.0,1012.87,42.8,NOAA/NWS ASOS via IEM Archive (provided source file),0,NORMAL,,,,,,14,2,1,2,Winter,1,0.0,-1.009999999999991,0.0
2025-01-02 15:00:00,AWS_VABO,Vadodara / Vadodara Airport,Vadodara,Gujarat,22.3333,73.2667,44.7,31.0,1012.87,37.9,NOAA/NWS ASOS via IEM Archive (provided source file),0,NORMAL,,,,,,15,2,1,2,Winter,1,1.0,0.0,-4.899999999999999
2025-01-02 15:28:00,AWS_VABO,Vadodara / Vadodara Airport,Vadodara,Gujarat,22.3333,73.2667,44.7,31.0,1012.87,35.5,NOAA/NWS ASOS via IEM Archive (provided source file),0,NORMAL,,,,,,15,2,1,2,Winter,1,0.0,0.0,-2.3999999999999986
2025-01-02 16:00:00,AWS_VABO,Vadodara / Vadodara Airport,Vadodara,Gujarat,22.3333,73.2667,44.7,31.0,1012.87,35.5,NOAA/NWS ASOS via IEM Archive (provided source file),0,NORMAL,,,,,,16,2,1,2,Winter,1,0.0,0.0,0.0
2025-01-02 16:30:00,AWS_VABO,Vadodara / Vadodara Airport,Vadodara,Gujarat,22.3333,73.2667,44.7,31.0,1012.87,35.5,NOAA/NWS ASOS via IEM Archive (provided source file),0,NORMAL,,,,,,16,2,1,2,Winter,1,0.0,0.0,0.0
2025-01-02 17:00:00,AWS_VABO,Vadodara / Vadodara Airport,Vadodara,Gujarat,22.3333,73.2667,44.7,30.0,1012.87,37.6,NOAA/NWS ASOS via IEM Archive (provided source file),0,NORMAL,,,,,,17,2,1,2,Winter,1,-1.0,0.0,2.1000000000000014
2025-01-02 17:30:00,AWS_VABO,Vadodara / Vadodara Airport,Vadodara,Gujarat,22.3333,73.2667,44.7,30.0,1012.87,37.6,NOAA/NWS ASOS via IEM Archive (provided source file),0,NORMAL,,,,,,17,2,1,2,Winter,1,0.0,0.0,0.0
2025-01-02 18:00:00,AWS_VABO,Vadodara / Vadodara Airport,Vadodara,Gujarat,22.3333,73.2667,44.7,28.0,1012.87,45.1,NOAA/NWS ASOS via IEM Archive (provided source file),0,NORMAL,,,,,,18,2,1,2,Winter,0,-2.0,0.0,7.5
2025-01-02 18:30:00,AWS_VABO,Vadodara / Vadodara Airport,Vadodara,Gujarat,22.3333,73.2667,44.7,26.0,1013.88,54.0,NOAA/NWS ASOS via IEM Archive (provided source file),0,NORMAL,,,,,,18,2,1,2,Winter,0,-2.0,1.009999999999991,8.899999999999999
2025-01-02 19:00:00,AWS_VABO,Vadodara / Vadodara Airport,Vadodara,Gujarat,22.3333,73.2667,44.7,25.0,1013.88,53.8,NOAA/NWS ASOS via IEM Archive (provided source file),0,NORMAL,,,,,,19,2,1,2,Winter,0,-1.0,0.0,-0.20000000000000284
2025-01-02 19:30:00,AWS_VABO,Vadodara / Vadodara Airport,Vadodara,Gujarat,22.3333,73.2667,44.7,23.0,1013.88,60.7,NOAA/NWS ASOS via IEM Archive (provided source file),0,NORMAL,,,,,,19,2,1,2,Winter,0,-2.0,0.0,6.900000000000006
2025-01-02 20:00:00,AWS_VABO,Vadodara / Vadodara Airport,Vadodara,Gujarat,22.3333,73.2667,44.7,23.0,1014.9,60.7,NOAA/NWS ASOS via IEM Archive (provided source file),0,NORMAL,,,,,,20,2,1,2,Winter,0,0.0,1.0199999999999818,0.0
2025-01-03 04:30:00,AWS_VABO,Vadodara / Vadodara Airport,Vadodara,Gujarat,22.3333,73.2667,44.7,15.0,1013.88,87.8,NOAA/NWS ASOS via IEM Archive (provided source file),0,NORMAL,,,,,,4,3,1,3,Winter,0,-8.0,-1.0199999999999818,27.099999999999994
2025-01-03 05:30:00,AWS_VABO,Vadodara / Vadodara Airport,Vadodara,Gujarat,22.3333,73.2667,44.7,13.0,1013.88,87.6,NOAA/NWS ASOS via IEM Archive (provided source file),0,NORMAL,,,,,,5,3,1,3,Winter,0,-2.0,0.0,-0.20000000000000284
2025-01-03 06:00:00,AWS_VABO,Vadodara / Vadodara Airport,Vadodara,Gujarat,22.3333,73.2667,44.7,14.0,1013.88,87.7,NOAA/NWS ASOS via IEM Archive (provided source file),0,NORMAL,,,,,,6,3,1,3,Winter,1,1.0,0.0,0.10000000000000853
2025-01-03 06:30:00,AWS_VABO,Vadodara / Vadodara Airport,Vadodara,Gujarat,22.3333,73.2667,44.7,14.0,1014.9,87.7,NOAA/NWS ASOS via IEM Archive (provided source file),0,NORMAL,,,,,,6,3,1,3,Winter,1,0.0,1.0199999999999818,0.0
2025-01-03 07:00:00,AWS_VABO,Vadodara / Vadodara Airport,Vadodara,Gujarat,22.3333,73.2667,44.7,13.0,1014.9,93.6,NOAA/NWS ASOS via IEM Archive (provided source file),0,NORMAL,,,,,,7,3,1,3,Winter,1,-1.0,0.0,5.8999999999999915
2025-01-03 07:30:00,AWS_VABO,Vadodara / Vadodara Airport,Vadodara,Gujarat,22.3333,73.2667,44.7,14.0,1014.9,87.7,NOAA/NWS ASOS via IEM Archive (provided source file),0,NORMAL,,,,,,7,3,1,3,Winter,1,1.0,0.0,-5.8999999999999915
2025-01-03 08:00:00,AWS_VABO,Vadodara / Vadodara Airport,Vadodara,Gujarat,22.3333,73.2667,44.7,14.0,1015.92,87.7,NOAA/NWS ASOS via IEM Archive (provided source file),0,NORMAL,,,,,,8,3,1,3,Winter,1,0.0,1.0199999999999818,0.0
2025-01-03 08:30:00,AWS_VABO,Vadodara / Vadodara Airport,Vadodara,Gujarat,22.3333,73.2667,44.7,15.0,1015.92,87.8,NOAA/NWS ASOS via IEM Archive (provided source file),0,NORMAL,,,,,,8,3,1,3,Winter,1,1.0,0.0,0.09999999999999432
2025-01-03 09:00:00,AWS_VABO,Vadodara / Vadodara Airport,Vadodara,Gujarat,22.3333,73.2667,44.7,18.0,1015.92,72.6,NOAA/NWS ASOS via IEM Archive (provided source file),0,NORMAL,,,,,,9,3,1,3,Winter,1,3.0,0.0,-15.200000000000003
2025-01-03 09:30:00,AWS_VABO,Vadodara / Vadodara Airport,Vadodara,Gujarat,22.3333,73.2667,44.7,21.0,1016.93,60.2,NOAA/NWS ASOS via IEM Archive (provided source file),0,NORMAL,,,,,,9,3,1,3,Winter,1,3.0,1.009999999999991,-12.399999999999991
2025-01-03 10:00:00,AWS_VABO,Vadodara / Vadodara Airport,Vadodara,Gujarat,22.3333,73.2667,44.7,23.0,1016.93,49.9,NOAA/NWS ASOS via IEM Archive (provided source file),0,NORMAL,,,,,,10,3,1,3,Winter,1,2.0,0.0,-10.300000000000004
2025-01-03 10:30:00,AWS_VABO,Vadodara / Vadodara Airport,Vadodara,Gujarat,22.3333,73.2667,44.7,25.0,1016.93,44.2,NOAA/NWS ASOS via IEM Archive (provided source file),0,NORMAL,,,,,,10,3,1,3,Winter,1,2.0,0.0,-5.699999999999996
2025-01-03 11:00:00,AWS_VABO,Vadodara / Vadodara Airport,Vadodara,Gujarat,22.3333,73.2667,44.7,27.0,1016.93,42.0,NOAA/NWS ASOS via IEM Archive (provided source file),0,NORMAL,,,,,,11,3,1,3,Winter,1,2.0,0.0,-2.200000000000003
2025-01-03 11:30:00,AWS_VABO,Vadodara / Vadodara Airport,Vadodara,Gujarat,22.3333,73.2667,44.7,27.0,1015.92,39.3,NOAA/NWS ASOS via IEM Archive (provided source file),0,NORMAL,,,,,,11,3,1,3,Winter,1,0.0,-1.009999999999991,-2.700000000000003
2025-01-03 12:00:00,AWS_VABO,Vadodara / Vadodara Airport,Vadodara,Gujarat,22.3333,73.2667,44.7,29.0,1015.92,35.0,NOAA/NWS ASOS via IEM Archive (provided source file),0,NORMAL,,,,,,12,3,1,3,Winter,1,2.0,0.0,-4.299999999999997
2025-01-03 12:30:00,AWS_VABO,Vadodara / Vadodara Airport,Vadodara,Gujarat,22.3333,73.2667,44.7,30.0,1014.9,33.0,NOAA/NWS ASOS via IEM Archive (provided source file),0,NORMAL,,,,,,12,3,1,3,Winter,1,1.0,-1.0199999999999818,-2.0
2025-01-03 13:00:00,AWS_VABO,Vadodara / Vadodara Airport,Vadodara,Gujarat,22.3333,73.2667,44.7,30.0,1014.9,30.9,NOAA/NWS ASOS via IEM Archive (provided source file),0,NORMAL,,,,,,13,3,1,3,Winter,1,0.0,0.0,-2.1000000000000014
2025-01-03 13:30:00,AWS_VABO,Vadodara / Vadodara Airport,Vadodara,Gujarat,22.3333,73.2667,44.7,31.0,1013.88,29.2,NOAA/NWS ASOS via IEM Archive (provided source file),0,NORMAL,,,,,,13,3,1,3,Winter,1,1.0,-1.0199999999999818,-1.6999999999999993
2025-01-03 14:00:00,AWS_VABO,Vadodara / Vadodara Airport,Vadodara,Gujarat,22.3333,73.2667,44.7,31.0,1013.88,29.2,NOAA/NWS ASOS via IEM Archive (provided source file),0,NORMAL,,,,,,14,3,1,3,Winter,1,0.0,0.0,0.0
2025-01-03 14:30:00,AWS_VABO,Vadodara / Vadodara Airport,Vadodara,Gujarat,22.3333,73.2667,44.7,31.0,1012.87,31.2,NOAA/NWS ASOS via IEM Archive (provided source file),0,NORMAL,,,,,,14,3,1,3,Winter,1,0.0,-1.009999999999991,2.0
2025-01-03 15:00:00,AWS_VABO,Vadodara / Vadodara Airport,Vadodara,Gujarat,22.3333,73.2667,44.7,31.0,1012.87,29.2,NOAA/NWS ASOS via IEM Archive (provided source file),0,NORMAL,,,,,,15,3,1,3,Winter,1,0.0,0.0,-2.0
2025-01-03 15:30:00,AWS_VABO,Vadodara / Vadodara Airport,Vadodara,Gujarat,22.3333,73.2667,44.7,32.0,1012.87,27.6,NOAA/NWS ASOS via IEM Archive (provided source file),0,NORMAL,,,,,,15,3,1,3,Winter,1,1.0,0.0,-1.5999999999999979
2025-01-03 16:00:00,AWS_VABO,Vadodara / Vadodara Airport,Vadodara,Gujarat,22.3333,73.2667,44.7,32.0,1012.87,31.4,NOAA/NWS ASOS via IEM Archive (provided source file),0,NORMAL,,,,,,16,3,1,3,Winter,1,0.0,0.0,3.799999999999997
2025-01-03 16:30:00,AWS_VABO,Vadodara / Vadodara Airport,Vadodara,Gujarat,22.3333,73.2667,44.7,31.0,1012.87,35.5,NOAA/NWS ASOS via IEM Archive (provided source file),0,NORMAL,,,,,,16,3,1,3,Winter,1,-1.0,0.0,4.100000000000001
2025-01-03 17:00:00,AWS_VABO,Vadodara / Vadodara Airport,Vadodara,Gujarat,22.3333,73.2667,44.7,30.0,1012.87,37.6,NOAA/NWS ASOS via IEM Archive (provided source file),0,NORMAL,,,,,,17,3,1,3,Winter,1,-1.0,0.0,2.1000000000000014
2025-01-03 17:30:00,AWS_VABO,Vadodara / Vadodara Airport,Vadodara,Gujarat,22.3333,73.2667,44.7,29.0,1012.87,39.9,NOAA/NWS ASOS via IEM Archive (provided source file),0,NORMAL,,,,,,17,3,1,3,Winter,1,-1.0,0.0,2.299999999999997
2025-01-03 18:00:00,AWS_VABO,Vadodara / Vadodara Airport,Vadodara,Gujarat,22.3333,73.2667,44.7,27.0,1012.87,47.8,NOAA/NWS ASOS via IEM Archive (provided source file),0,NORMAL,,,,,,18,3,1,3,Winter,0,-2.0,0.0,7.899999999999999
2025-01-03 19:30:00,AWS_VABO,Vadodara / Vadodara Airport,Vadodara,Gujarat,22.3333,73.2667,44.7,23.0,1012.87,56.9,NOAA/NWS ASOS via IEM Archive (provided source file),0,NORMAL,,,,,,19,3,1,3,Winter,0,-4.0,0.0,9.100000000000001
2025-01-03 20:00:00,AWS_VABO,Vadodara / Vadodara Airport,Vadodara,Gujarat,22.3333,73.2667,44.7,23.0,1013.88,56.9,NOAA/NWS ASOS via IEM Archive (provided source file),0,NORMAL,,,,,,20,3,1,3,Winter,0,0.0,1.009999999999991,0.0
2025-01-03 20:30:00,AWS_VABO,Vadodara / Vadodara Airport,Vadodara,Gujarat,22.3333,73.2667,44.7,22.0,1013.88,60.4,NOAA/NWS ASOS via IEM Archive (provided source file),0,NORMAL,,,,,,20,3,1,3,Winter,0,-1.0,0.0,3.5
2025-01-03 21:00:00,AWS_VABO,Vadodara / Vadodara Airport,Vadodara,Gujarat,22.3333,73.2667,44.7,21.0,1013.88,64.3,NOAA/NWS ASOS via IEM Archive (provided source file),0,NORMAL,,,,,,21,3,1,3,Winter,0,-1.0,0.0,3.8999999999999986
2025-01-03 21:30:00,AWS_VABO,Vadodara / Vadodara Airport,Vadodara,Gujarat,22.3333,73.2667,44.7,19.0,1013.88,72.7,NOAA/NWS ASOS via IEM Archive (provided source file),0,NORMAL,,,,,,21,3,1,3,Winter,0,-2.0,0.0,8.400000000000006
2025-01-03 22:00:00,AWS_VABO,Vadodara / Vadodara Airport,Vadodara,Gujarat,22.3333,73.2667,44.7,19.0,1013.88,72.7,NOAA/NWS ASOS via IEM Archive (provided source file),0,NORMAL,,,,,,22,3,1,3,Winter,0,0.0,0.0,0.0
2025-01-03 22:30:00,AWS_VABO,Vadodara / Vadodara Airport,Vadodara,Gujarat,22.3333,73.2667,44.7,18.0,1013.88,77.4,NOAA/NWS ASOS via IEM Archive (provided source file),0,NORMAL,,,,,,22,3,1,3,Winter,0,-1.0,0.0,4.700000000000003
2025-01-04 04:30:00,AWS_VABO,Vadodara / Vadodara Airport,Vadodara,Gujarat,22.3333,73.2667,44.7,14.0,1011.85,87.7,NOAA/NWS ASOS via IEM Archive (provided source file),0,NORMAL,,,,,,4,4,1,4,Winter,0,-4.0,-2.0299999999999727,10.299999999999997
2025-01-04 05:30:00,AWS_VABO,Vadodara / Vadodara Airport,Vadodara,Gujarat,22.3333,73.2667,44.7,14.0,1011.85,87.7,NOAA/NWS ASOS via IEM Archive (provided source file),0,NORMAL,,,,,,5,4,1,4,Winter,0,0.0,0.0,0.0
2025-01-04 06:00:00,AWS_VABO,Vadodara / Vadodara Airport,Vadodara,Gujarat,22.3333,73.2667,44.7,14.0,1012.87,82.1,NOAA/NWS ASOS via IEM Archive (provided source file),0,NORMAL,,,,,,6,4,1,4,Winter,1,0.0,1.0199999999999818,-5.6000000000000085
2025-01-04 06:30:00,AWS_VABO,Vadodara / Vadodara Airport,Vadodara,Gujarat,22.3333,73.2667,44.7,13.0,1012.87,87.6,NOAA/NWS ASOS via IEM Archive (provided source file),0,NORMAL,,,,,,6,4,1,4,Winter,1,-1.0,0.0,5.5
2025-01-04 07:00:00,AWS_VABO,Vadodara / Vadodara Airport,Vadodara,Gujarat,22.3333,73.2667,44.7,14.0,1012.87,82.1,NOAA/NWS ASOS via IEM Archive (provided source file),0,NORMAL,,,,,,7,4,1,4,Winter,1,1.0,0.0,-5.5
2025-01-04 07:30:00,AWS_VABO,Vadodara / Vadodara Airport,Vadodara,Gujarat,22.3333,73.2667,44.7,13.0,1013.88,87.6,NOAA/NWS ASOS via IEM Archive (provided source file),0,NORMAL,,,,,,7,4,1,4,Winter,1,-1.0,1.009999999999991,5.5
2025-01-04 08:00:00,AWS_VABO,Vadodara / Vadodara Airport,Vadodara,Gujarat,22.3333,73.2667,44.7,14.0,1013.88,82.1,NOAA/NWS ASOS via IEM Archive (provided source file),0,NORMAL,,,,,,8,4,1,4,Winter,1,1.0,0.0,-5.5
2025-01-04 08:30:00,AWS_VABO,Vadodara / Vadodara Airport,Vadodara,Gujarat,22.3333,73.2667,44.7,16.0,1013.88,77.1,NOAA/NWS ASOS via IEM Archive (provided source file),0,NORMAL,,,,,,8,4,1,4,Winter,1,2.0,0.0,-5.0
2025-01-04 09:00:00,AWS_VABO,Vadodara / Vadodara Airport,Vadodara,Gujarat,22.3333,73.2667,44.7,19.0,1013.88,63.8,NOAA/NWS ASOS via IEM Archive (provided source file),0,NORMAL,,,,,,9,4,1,4,Winter,1,3.0,0.0,-13.299999999999997
2025-01-04 09:30:00,AWS_VABO,Vadodara / Vadodara Airport,Vadodara,Gujarat,22.3333,73.2667,44.7,22.0,1014.9,49.6,NOAA/NWS ASOS via IEM Archive (provided source file),0,NORMAL,,,,,,9,4,1,4,Winter,1,3.0,1.0199999999999818,-14.199999999999996
2025-01-04 10:00:00,AWS_VABO,Vadodara / Vadodara Airport,Vadodara,Gujarat,22.3333,73.2667,44.7,23.0,1014.9,46.7,NOAA/NWS ASOS via IEM Archive (provided source file),0,NORMAL,,,,,,10,4,1,4,Winter,1,1.0,0.0,-2.8999999999999986
2025-01-04 10:30:00,AWS_VABO,Vadodara / Vadodara Airport,Vadodara,Gujarat,22.3333,73.2667,44.7,25.0,1014.9,41.4,NOAA/NWS ASOS via IEM Archive (provided source file),0,NORMAL,,,,,,10,4,1,4,Winter,1,2.0,0.0,-5.300000000000004
2025-01-04 11:00:00,AWS_VABO,Vadodara / Vadodara Airport,Vadodara,Gujarat,22.3333,73.2667,44.7,27.0,1014.9,39.3,NOAA/NWS ASOS via IEM Archive (provided source file),0,NORMAL,,,,,,11,4,1,4,Winter,1,2.0,0.0,-2.1000000000000014
2025-01-04 11:30:00,AWS_VABO,Vadodara / Vadodara Airport,Vadodara,Gujarat,22.3333,73.2667,44.7,28.0,1014.9,32.5,NOAA/NWS ASOS via IEM Archive (provided source file),0,NORMAL,,,,,,11,4,1,4,Winter,1,1.0,0.0,-6.799999999999997
2025-01-04 12:00:00,AWS_VABO,Vadodara / Vadodara Airport,Vadodara,Gujarat,22.3333,73.2667,44.7,28.0,1013.88,37.1,NOAA/NWS ASOS via IEM Archive (provided source file),0,NORMAL,,,,,,12,4,1,4,Winter,1,0.0,-1.0199999999999818,4.600000000000001
2025-01-04 12:30:00,AWS_VABO,Vadodara / Vadodara Airport,Vadodara,Gujarat,22.3333,73.2667,44.7,29.0,1013.88,35.0,NOAA/NWS ASOS via IEM Archive (provided source file),0,NORMAL,,,,,,12,4,1,4,Winter,1,1.0,0.0,-2.1000000000000014
2025-01-04 13:00:00,AWS_VABO,Vadodara / Vadodara Airport,Vadodara,Gujarat,22.3333,73.2667,44.7,29.0,1012.87,30.6,NOAA/NWS ASOS via IEM Archive (provided source file),0,NORMAL,,,,,,13,4,1,4,Winter,1,0.0,-1.009999999999991,-4.399999999999999
2025-01-04 13:30:00,AWS_VABO,Vadodara / Vadodara Airport,Vadodara,Gujarat,22.3333,73.2667,44.7,30.0,1011.85,30.9,NOAA/NWS ASOS via IEM Archive (provided source file),0,NORMAL,,,,,,13,4,1,4,Winter,1,1.0,-1.0199999999999818,0.29999999999999716
2025-01-04 14:00:00,AWS_VABO,Vadodara / Vadodara Airport,Vadodara,Gujarat,22.3333,73.2667,44.7,30.0,1011.85,30.9,NOAA/NWS ASOS via IEM Archive (provided source file),0,NORMAL,,,,,,14,4,1,4,Winter,1,0.0,0.0,0.0
2025-01-04 14:30:00,AWS_VABO,Vadodara / Vadodara Airport,Vadodara,Gujarat,22.3333,73.2667,44.7,31.0,1011.85,29.2,NOAA/NWS ASOS via IEM Archive (provided source file),0,NORMAL,,,,,,14,4,1,4,Winter,1,1.0,0.0,-1.6999999999999993
2025-01-04 15:00:00,AWS_VABO,Vadodara / Vadodara Airport,Vadodara,Gujarat,22.3333,73.2667,44.7,31.0,1010.84,29.2,NOAA/NWS ASOS via IEM Archive (provided source file),0,NORMAL,,,,,,15,4,1,4,Winter,1,0.0,-1.009999999999991,0.0
2025-01-04 15:30:00,AWS_VABO,Vadodara / Vadodara Airport,Vadodara,Gujarat,22.3333,73.2667,44.7,31.0,1010.84,29.2,NOAA/NWS ASOS via IEM Archive (provided source file),0,NORMAL,,,,,,15,4,1,4,Winter,1,0.0,0.0,0.0
2025-01-04 16:00:00,AWS_VABO,Vadodara / Vadodara Airport,Vadodara,Gujarat,22.3333,73.2667,44.7,31.0,1010.84,25.5,NOAA/NWS ASOS via IEM Archive (provided source file),0,NORMAL,,,,,,16,4,1,4,Winter,1,0.0,0.0,-3.6999999999999993
2025-01-04 16:30:00,AWS_VABO,Vadodara / Vadodara Airport,Vadodara,Gujarat,22.3333,73.2667,44.7,31.0,1010.84,25.5,NOAA/NWS ASOS via IEM Archive (provided source file),0,NORMAL,,,,,,16,4,1,4,Winter,1,0.0,0.0,0.0
2025-01-04 17:00:00,AWS_VABO,Vadodara / Vadodara Airport,Vadodara,Gujarat,22.3333,73.2667,44.7,31.0,1010.84,25.5,NOAA/NWS ASOS via IEM Archive (provided source file),0,NORMAL,,,,,,17,4,1,4,Winter,1,0.0,0.0,0.0
2025-01-04 17:30:00,AWS_VABO,Vadodara / Vadodara Airport,Vadodara,Gujarat,22.3333,73.2667,44.7,31.0,1010.84,27.3,NOAA/NWS ASOS via IEM Archive (provided source file),0,NORMAL,,,,,,17,4,1,4,Winter,1,0.0,0.0,1.8000000000000007
2025-01-04 18:00:00,AWS_VABO,Vadodara / Vadodara Airport,Vadodara,Gujarat,22.3333,73.2667,44.7,28.0,1010.84,37.1,NOAA/NWS ASOS via IEM Archive (provided source file),0,NORMAL,,,,,,18,4,1,4,Winter,0,-3.0,0.0,9.8
2025-01-04 18:30:00,AWS_VABO,Vadodara / Vadodara Airport,Vadodara,Gujarat,22.3333,73.2667,44.7,26.0,1010.84,44.5,NOAA/NWS ASOS via IEM Archive (provided source file),0,NORMAL,,,,,,18,4,1,4,Winter,0,-2.0,0.0,7.399999999999999
2025-01-04 19:00:00,AWS_VABO,Vadodara / Vadodara Airport,Vadodara,Gujarat,22.3333,73.2667,44.7,25.0,1011.85,47.2,NOAA/NWS ASOS via IEM Archive (provided source file),0,NORMAL,,,,,,19,4,1,4,Winter,0,-1.0,1.009999999999991,2.700000000000003
2025-01-04 19:30:00,AWS_VABO,Vadodara / Vadodara Airport,Vadodara,Gujarat,22.3333,73.2667,44.7,24.0,1011.85,53.6,NOAA/NWS ASOS via IEM Archive (provided source file),0,NORMAL,,,,,,19,4,1,4,Winter,0,-1.0,0.0,6.399999999999999
2025-01-04 20:00:00,AWS_VABO,Vadodara / Vadodara Airport,Vadodara,Gujarat,22.3333,73.2667,44.7,22.0,1011.85,60.4,NOAA/NWS ASOS via IEM Archive (provided source file),0,NORMAL,,,,,,20,4,1,4,Winter,0,-2.0,0.0,6.799999999999997
2025-01-04 20:30:00,AWS_VABO,Vadodara / Vadodara Airport,Vadodara,Gujarat,22.3333,73.2667,44.7,21.0,1012.87,64.3,NOAA/NWS ASOS via IEM Archive (provided source file),0,NORMAL,,,,,,20,4,1,4,Winter,0,-1.0,1.0199999999999818,3.8999999999999986
2025-01-04 21:00:00,AWS_VABO,Vadodara / Vadodara Airport,Vadodara,Gujarat,22.3333,73.2667,44.7,21.0,1012.87,64.3,NOAA/NWS ASOS via IEM Archive (provided source file),0,NORMAL,,,,,,21,4,1,4,Winter,0,0.0,0.0,0.0
2025-01-04 21:30:00,AWS_VABO,Vadodara / Vadodara Airport,Vadodara,Gujarat,22.3333,73.2667,44.7,20.0,1012.87,68.4,NOAA/NWS ASOS via IEM Archive (provided source file),0,NORMAL,,,,,,21,4,1,4,Winter,0,-1.0,0.0,4.1000000000000085
2025-01-04 22:00:00,AWS_VABO,Vadodara / Vadodara Airport,Vadodara,Gujarat,22.3333,73.2667,44.7,20.0,1012.87,68.4,NOAA/NWS ASOS via IEM Archive (provided source file),0,NORMAL,,,,,,22,4,1,4,Winter,0,0.0,0.0,0.0
2025-01-05 04:30:00,AWS_VABO,Vadodara / Vadodara Airport,Vadodara,Gujarat,22.3333,73.2667,44.7,17.0,1010.84,77.3,NOAA/NWS ASOS via IEM Archive (provided source file),0,NORMAL,,,,,,4,5,1,5,Winter,0,-3.0,-2.0299999999999727,8.899999999999991
2025-01-05 05:30:00,AWS_VABO,Vadodara / Vadodara Airport,Vadodara,Gujarat,22.3333,73.2667,44.7,17.0,1010.84,77.3,NOAA/NWS ASOS via IEM Archive (provided source file),0,NORMAL,,,,,,5,5,1,5,Winter,0,0.0,0.0,0.0
2025-01-05 06:00:00,AWS_VABO,Vadodara / Vadodara Airport,Vadodara,Gujarat,22.3333,73.2667,44.7,16.0,1011.85,82.4,NOAA/NWS ASOS via IEM Archive (provided source file),0,NORMAL,,,,,,6,5,1,5,Winter,1,-1.0,1.009999999999991,5.1000000000000085
2025-01-05 06:30:00,AWS_VABO,Vadodara / Vadodara Airport,Vadodara,Gujarat,22.3333,73.2667,44.7,16.0,1011.85,82.4,NOAA/NWS ASOS via IEM Archive (provided source file),0,NORMAL,,,,,,6,5,1,5,Winter,1,0.0,0.0,0.0
2025-01-05 07:00:00,AWS_VABO,Vadodara / Vadodara Airport,Vadodara,Gujarat,22.3333,73.2667,44.7,17.0,1012.87,77.3,NOAA/NWS ASOS via IEM Archive (provided source file),0,NORMAL,,,,,,7,5,1,5,Winter,1,1.0,1.0199999999999818,-5.1000000000000085
2025-01-05 07:30:00,AWS_VABO,Vadodara / Vadodara Airport,Vadodara,Gujarat,22.3333,73.2667,44.7,15.0,1012.87,87.8,NOAA/NWS ASOS via IEM Archive (provided source file),0,NORMAL,,,,,,7,5,1,5,Winter,1,-2.0,0.0,10.5
2025-01-05 08:00:00,AWS_VABO,Vadodara / Vadodara Airport,Vadodara,Gujarat,22.3333,73.2667,44.7,15.0,1012.87,87.8,NOAA/NWS ASOS via IEM Archive (provided source file),0,NORMAL,,,,,,8,5,1,5,Winter,1,0.0,0.0,0.0
2025-01-05 08:30:00,AWS_VABO,Vadodara / Vadodara Airport,Vadodara,Gujarat,22.3333,73.2667,44.7,18.0,1013.88,77.4,NOAA/NWS ASOS via IEM Archive (provided source file),0,NORMAL,,,,,,8,5,1,5,Winter,1,3.0,1.009999999999991,-10.399999999999991
2025-01-05 09:00:00,AWS_VABO,Vadodara / Vadodara Airport,Vadodara,Gujarat,22.3333,73.2667,44.7,19.0,1013.88,72.7,NOAA/NWS ASOS via IEM Archive (provided source file),0,NORMAL,,,,,,9,5,1,5,Winter,1,1.0,0.0,-4.700000000000003
2025-01-05 09:30:00,AWS_VABO,Vadodara / Vadodara Airport,Vadodara,Gujarat,22.3333,73.2667,44.7,19.0,1013.88,72.7,NOAA/NWS ASOS via IEM Archive (provided source file),0,NORMAL,,,,,,9,5,1,5,Winter,1,0.0,0.0,0.0
2025-01-05 10:00:00,AWS_VABO,Vadodara / Vadodara Airport,Vadodara,Gujarat,22.3333,73.2667,44.7,20.0,1014.9,68.4,NOAA/NWS ASOS via IEM Archive (provided source file),0,NORMAL,,,,,,10,5,1,5,Winter,1,1.0,1.0199999999999818,-4.299999999999997
2025-01-05 10:30:00,AWS_VABO,Vadodara / Vadodara Airport,Vadodara,Gujarat,22.3333,73.2667,44.7,22.0,1014.9,60.4,NOAA/NWS ASOS via IEM Archive (provided source file),0,NORMAL,,,,,,10,5,1,5,Winter,1,2.0,0.0,-8.000000000000007
2025-01-05 11:00:00,AWS_VABO,Vadodara / Vadodara Airport,Vadodara,Gujarat,22.3333,73.2667,44.7,23.0,1013.88,56.9,NOAA/NWS ASOS via IEM Archive (provided source file),0,NORMAL,,,,,,11,5,1,5,Winter,1,1.0,-1.0199999999999818,-3.5
2025-01-05 11:30:00,AWS_VABO,Vadodara / Vadodara Airport,Vadodara,Gujarat,22.3333,73.2667,44.7,24.0,1013.88,53.6,NOAA/NWS ASOS via IEM Archive (provided source file),0,NORMAL,,,,,,11,5,1,5,Winter,1,1.0,0.0,-3.299999999999997
2025-01-05 12:00:00,AWS_VABO,Vadodara / Vadodara Airport,Vadodara,Gujarat,22.3333,73.2667,44.7,26.0,1012.87,47.5,NOAA/NWS ASOS via IEM Archive (provided source file),0,NORMAL,,,,,,12,5,1,5,Winter,1,2.0,-1.009999999999991,-6.100000000000001
2025-01-05 12:30:00,AWS_VABO,Vadodara / Vadodara Airport,Vadodara,Gujarat,22.3333,73.2667,44.7,27.0,1012.87,44.8,NOAA/NWS ASOS via IEM Archive (provided source file),0,NORMAL,,,,,,12,5,1,5,Winter,1,1.0,0.0,-2.700000000000003
2025-01-05 13:00:00,AWS_VABO,Vadodara / Vadodara Airport,Vadodara,Gujarat,22.3333,73.2667,44.7,27.0,1011.85,44.8,NOAA/NWS ASOS via IEM Archive (provided source file),0,NORMAL,,,,,,13,5,1,5,Winter,1,0.0,-1.0199999999999818,0.0
2025-01-05 13:30:00,AWS_VABO,Vadodara / Vadodara Airport,Vadodara,Gujarat,22.3333,73.2667,44.7,28.0,1011.85,45.1,NOAA/NWS ASOS via IEM Archive (provided source file),0,NORMAL,,,,,,13,5,1,5,Winter,1,1.0,0.0,0.30000000000000426
2025-01-05 14:00:00,AWS_VABO,Vadodara / Vadodara Airport,Vadodara,Gujarat,22.3333,73.2667,44.7,28.0,1010.84,48.0,NOAA/NWS ASOS via IEM Archive (provided source file),0,NORMAL,,,,,,14,5,1,5,Winter,1,0.0,-1.009999999999991,2.8999999999999986
2025-01-05 14:30:00,AWS_VABO,Vadodara / Vadodara Airport,Vadodara,Gujarat,22.3333,73.2667,44.7,28.0,1010.84,42.2,NOAA/NWS ASOS via IEM Archive (provided source file),0,NORMAL,,,,,,14,5,1,5,Winter,1,0.0,0.0,-5.799999999999997
2025-01-05 15:00:00,AWS_VABO,Vadodara / Vadodara Airport,Vadodara,Gujarat,22.3333,73.2667,44.7,28.0,1010.84,45.1,NOAA/NWS ASOS via IEM Archive (provided source file),0,NORMAL,,,,,,15,5,1,5,Winter,1,0.0,0.0,2.8999999999999986
2025-01-05 15:30:00,AWS_VABO,Vadodara / Vadodara Airport,Vadodara,Gujarat,22.3333,73.2667,44.7,28.0,1010.84,39.6,NOAA/NWS ASOS via IEM Archive (provided source file),0,NORMAL,,,,,,15,5,1,5,Winter,1,0.0,0.0,-5.5
2025-01-05 16:00:00,AWS_VABO,Vadodara / Vadodara Airport,Vadodara,Gujarat,22.3333,73.2667,44.7,28.0,1010.84,39.6,NOAA/NWS ASOS via IEM Archive (provided source file),0,NORMAL,,,,,,16,5,1,5,Winter,1,0.0,0.0,0.0
2025-01-05 16:30:00,AWS_VABO,Vadodara / Vadodara Airport,Vadodara,Gujarat,22.3333,73.2667,44.7,28.0,1010.16,42.2,NOAA/NWS ASOS via IEM Archive (provided source file),0,NORMAL,,,,,,16,5,1,5,Winter,1,0.0,-0.6800000000000637,2.6000000000000014
2025-01-05 17:00:00,AWS_VABO,Vadodara / Vadodara Airport,Vadodara,Gujarat,22.3333,73.2667,44.7,27.0,1010.84,44.8,NOAA/NWS ASOS via IEM Archive (provided source file),0,NORMAL,,,,,,17,5,1,5,Winter,1,-1.0,0.6800000000000637,2.5999999999999943
2025-01-05 17:30:00,AWS_VABO,Vadodara / Vadodara Airport,Vadodara,Gujarat,22.3333,73.2667,44.7,26.0,1010.84,47.5,NOAA/NWS ASOS via IEM Archive (provided source file),0,NORMAL,,,,,,17,5,1,5,Winter,1,-1.0,0.0,2.700000000000003
2025-01-05 18:00:00,AWS_VABO,Vadodara / Vadodara Airport,Vadodara,Gujarat,22.3333,73.2667,44.7,26.0,1010.84,47.5,NOAA/NWS ASOS via IEM Archive (provided source file),0,NORMAL,,,,,,18,5,1,5,Winter,0,0.0,0.0,0.0
2025-01-05 18:30:00,AWS_VABO,Vadodara / Vadodara Airport,Vadodara,Gujarat,22.3333,73.2667,44.7,24.0,1010.84,53.6,NOAA/NWS ASOS via IEM Archive (provided source file),0,NORMAL,,,,,,18,5,1,5,Winter,0,-2.0,0.0,6.100000000000001
2025-01-05 19:00:00,AWS_VABO,Vadodara / Vadodara Airport,Vadodara,Gujarat,22.3333,73.2667,44.7,24.0,1011.85,53.6,NOAA/NWS ASOS via IEM Archive (provided source file),0,NORMAL,,,,,,19,5,1,5,Winter,0,0.0,1.009999999999991,0.0
2025-01-05 19:30:00,AWS_VABO,Vadodara / Vadodara Airport,Vadodara,Gujarat,22.3333,73.2667,44.7,24.0,1011.85,53.6,NOAA/NWS ASOS via IEM Archive (provided source file),0,NORMAL,,,,,,19,5,1,5,Winter,0,0.0,0.0,0.0
2025-01-05 20:00:00,AWS_VABO,Vadodara / Vadodara Airport,Vadodara,Gujarat,22.3333,73.2667,44.7,24.0,1012.87,50.2,NOAA/NWS ASOS via IEM Archive (provided source file),0,NORMAL,,,,,,20,5,1,5,Winter,0,0.0,1.0199999999999818,-3.3999999999999986
2025-01-05 20:30:00,AWS_VABO,Vadodara / Vadodara Airport,Vadodara,Gujarat,22.3333,73.2667,44.7,23.0,1012.87,53.3,NOAA/NWS ASOS via IEM Archive (provided source file),0,NORMAL,,,,,,20,5,1,5,Winter,0,-1.0,0.0,3.0999999999999943
2025-01-05 21:00:00,AWS_VABO,Vadodara / Vadodara Airport,Vadodara,Gujarat,22.3333,73.2667,44.7,22.0,1012.87,56.6,NOAA/NWS ASOS via IEM Archive (provided source file),0,NORMAL,,,,,,21,5,1,5,Winter,0,-1.0,0.0,3.3000000000000043
2025-01-05 21:30:00,AWS_VABO,Vadodara / Vadodara Airport,Vadodara,Gujarat,22.3333,73.2667,44.7,22.0,1013.88,56.6,NOAA/NWS ASOS via IEM Archive (provided source file),0,NORMAL,,,,,,21,5,1,5,Winter,0,0.0,1.009999999999991,0.0
2025-01-06 04:30:00,AWS_VABO,Vadodara / Vadodara Airport,Vadodara,Gujarat,22.3333,73.2667,44.7,15.0,1012.87,82.2,NOAA/NWS ASOS via IEM Archive (provided source file),0,NORMAL,,,,,,4,6,1,6,Winter,0,-7.0,-1.009999999999991,25.6
2025-01-06 05:30:00,AWS_VABO,Vadodara / Vadodara Airport,Vadodara,Gujarat,22.3333,73.2667,44.7,14.0,1012.87,82.1,NOAA/NWS ASOS via IEM Archive (provided source file),0,NORMAL,,,,,,5,6,1,6,Winter,0,-1.0,0.0,-0.10000000000000853
2025-01-06 06:00:00,AWS_VABO,Vadodara / Vadodara Airport,Vadodara,Gujarat,22.3333,73.2667,44.7,13.0,1012.87,87.6,NOAA/NWS ASOS via IEM Archive (provided source file),0,NORMAL,,,,,,6,6,1,6,Winter,1,-1.0,0.0,5.5
2025-01-06 06:30:00,AWS_VABO,Vadodara / Vadodara Airport,Vadodara,Gujarat,22.3333,73.2667,44.7,13.0,1013.88,82.0,NOAA/NWS ASOS via IEM Archive (provided source file),0,NORMAL,,,,,,6,6,1,6,Winter,1,0.0,1.009999999999991,-5.599999999999994
2025-01-06 07:01:00,AWS_VABO,Vadodara / Vadodara Airport,Vadodara,Gujarat,22.3333,73.2667,44.7,12.0,1013.88,93.6,NOAA/NWS ASOS via IEM Archive (provided source file),0,NORMAL,,,,,,7,6,1,6,Winter,1,-1.0,0.0,11.599999999999994
2025-01-06 07:30:00,AWS_VABO,Vadodara / Vadodara Airport,Vadodara,Gujarat,22.3333,73.2667,44.7,13.0,1013.88,82.0,NOAA/NWS ASOS via IEM Archive (provided source file),0,NORMAL,,,,,,7,6,1,6,Winter,1,1.0,0.0,-11.599999999999994
2025-01-06 08:00:00,AWS_VABO,Vadodara / Vadodara Airport,Vadodara,Gujarat,22.3333,73.2667,44.7,13.0,1014.9,82.0,NOAA/NWS ASOS via IEM Archive (provided source file),0,NORMAL,,,,,,8,6,1,6,Winter,1,0.0,1.0199999999999818,0.0
2025-01-06 08:30:00,AWS_VABO,Vadodara / Vadodara Airport,Vadodara,Gujarat,22.3333,73.2667,44.7,15.0,1014.9,77.0,NOAA/NWS ASOS via IEM Archive (provided source file),0,NORMAL,,,,,,8,6,1,6,Winter,1,2.0,0.0,-5.0
2025-01-06 09:00:00,AWS_VABO,Vadodara / Vadodara Airport,Vadodara,Gujarat,22.3333,73.2667,44.7,16.0,1015.92,72.2,NOAA/NWS ASOS via IEM Archive (provided source file),0,NORMAL,,,,,,9,6,1,6,Winter,1,1.0,1.0199999999999818,-4.799999999999997
2025-01-06 09:30:00,AWS_VABO,Vadodara / Vadodara Airport,Vadodara,Gujarat,22.3333,73.2667,44.7,17.0,1015.92,67.8,NOAA/NWS ASOS via IEM Archive (provided source file),0,NORMAL,,,,,,9,6,1,6,Winter,1,1.0,0.0,-4.400000000000006
2025-01-06 10:00:00,AWS_VABO,Vadodara / Vadodara Airport,Vadodara,Gujarat,22.3333,73.2667,44.7,19.0,1015.92,63.8,NOAA/NWS ASOS via IEM Archive (provided source file),0,NORMAL,,,,,,10,6,1,6,Winter,1,2.0,0.0,-4.0
2025-01-06 10:30:00,AWS_VABO,Vadodara / Vadodara Airport,Vadodara,Gujarat,22.3333,73.2667,44.7,20.0,1015.92,60.0,NOAA/NWS ASOS via IEM Archive (provided source file),0,NORMAL,,,,,,10,6,1,6,Winter,1,1.0,0.0,-3.799999999999997
2025-01-06 11:00:00,AWS_VABO,Vadodara / Vadodara Airport,Vadodara,Gujarat,22.3333,73.2667,44.7,22.0,1015.92,53.0,NOAA/NWS ASOS via IEM Archive (provided source file),0,NORMAL,,,,,,11,6,1,6,Winter,1,2.0,0.0,-7.0
2025-01-06 11:30:00,AWS_VABO,Vadodara / Vadodara Airport,Vadodara,Gujarat,22.3333,73.2667,44.7,23.0,1015.92,49.9,NOAA/NWS ASOS via IEM Archive (provided source file),0,NORMAL,,,,,,11,6,1,6,Winter,1,1.0,0.0,-3.1000000000000014
2025-01-06 12:00:00,AWS_VABO,Vadodara / Vadodara Airport,Vadodara,Gujarat,22.3333,73.2667,44.7,24.0,1014.9,47.0,NOAA/NWS ASOS via IEM Archive (provided source file),0,NORMAL,,,,,,12,6,1,6,Winter,1,1.0,-1.0199999999999818,-2.8999999999999986
2025-01-06 12:30:00,AWS_VABO,Vadodara / Vadodara Airport,Vadodara,Gujarat,22.3333,73.2667,44.7,25.0,1014.9,44.2,NOAA/NWS ASOS via IEM Archive (provided source file),0,NORMAL,,,,,,12,6,1,6,Winter,1,1.0,0.0,-2.799999999999997
2025-01-06 13:00:00,AWS_VABO,Vadodara / Vadodara Airport,Vadodara,Gujarat,22.3333,73.2667,44.7,26.0,1013.88,41.7,NOAA/NWS ASOS via IEM Archive (provided source file),0,NORMAL,,,,,,13,6,1,6,Winter,1,1.0,-1.0199999999999818,-2.5
2025-01-06 13:30:00,AWS_VABO,Vadodara / Vadodara Airport,Vadodara,Gujarat,22.3333,73.2667,44.7,26.0,1013.88,39.0,NOAA/NWS ASOS via IEM Archive (provided source file),0,NORMAL,,,,,,13,6,1,6,Winter,1,0.0,0.0,-2.700000000000003
2025-01-06 14:00:00,AWS_VABO,Vadodara / Vadodara Airport,Vadodara,Gujarat,22.3333,73.2667,44.7,26.0,1012.87,36.5,NOAA/NWS ASOS via IEM Archive (provided source file),0,NORMAL,,,,,,14,6,1,6,Winter,1,0.0,-1.009999999999991,-2.5
2025-01-06 14:30:00,AWS_VABO,Vadodara / Vadodara Airport,Vadodara,Gujarat,22.3333,73.2667,44.7,27.0,1012.87,34.4,NOAA/NWS ASOS via IEM Archive (provided source file),0,NORMAL,,,,,,14,6,1,6,Winter,1,1.0,0.0,-2.1000000000000014
2025-01-06 15:00:00,AWS_VABO,Vadodara / Vadodara Airport,Vadodara,Gujarat,22.3333,73.2667,44.7,27.0,1011.85,32.2,NOAA/NWS ASOS via IEM Archive (provided source file),0,NORMAL,,,,,,15,6,1,6,Winter,1,0.0,-1.0199999999999818,-2.1999999999999957
2025-01-06 15:30:00,AWS_VABO,Vadodara / Vadodara Airport,Vadodara,Gujarat,22.3333,73.2667,44.7,27.0,1011.85,30.1,NOAA/NWS ASOS via IEM Archive (provided source file),0,NORMAL,,,,,,15,6,1,6,Winter,1,0.0,0.0,-2.1000000000000014
2025-01-06 16:00:00,AWS_VABO,Vadodara / Vadodara Airport,Vadodara,Gujarat,22.3333,73.2667,44.7,27.0,1011.85,30.1,NOAA/NWS ASOS via IEM Archive (provided source file),0,NORMAL,,,,,,16,6,1,6,Winter,1,0.0,0.0,0.0
2025-01-06 16:30:00,AWS_VABO,Vadodara / Vadodara Airport,Vadodara,Gujarat,22.3333,73.2667,44.7,26.0,1011.85,34.1,NOAA/NWS ASOS via IEM Archive (provided source file),0,NORMAL,,,,,,16,6,1,6,Winter,1,-1.0,0.0,4.0
2025-01-06 17:00:00,AWS_VABO,Vadodara / Vadodara Airport,Vadodara,Gujarat,22.3333,73.2667,44.7,26.0,1011.85,34.1,NOAA/NWS ASOS via IEM Archive (provided source file),0,NORMAL,,,,,,17,6,1,6,Winter,1,0.0,0.0,0.0
2025-01-06 17:30:00,AWS_VABO,Vadodara / Vadodara Airport,Vadodara,Gujarat,22.3333,73.2667,44.7,26.0,1012.87,39.0,NOAA/NWS ASOS via IEM Archive (provided source file),0,NORMAL,,,,,,17,6,1,6,Winter,1,0.0,1.0199999999999818,4.899999999999999
2025-01-06 18:00:00,AWS_VABO,Vadodara / Vadodara Airport,Vadodara,Gujarat,22.3333,73.2667,44.7,23.0,1012.87,40.8,NOAA/NWS ASOS via IEM Archive (provided source file),0,NORMAL,,,,,,18,6,1,6,Winter,0,-3.0,0.0,1.7999999999999972
2025-01-06 18:30:00,AWS_VABO,Vadodara / Vadodara Airport,Vadodara,Gujarat,22.3333,73.2667,44.7,22.0,1012.87,43.4,NOAA/NWS ASOS via IEM Archive (provided source file),0,NORMAL,,,,,,18,6,1,6,Winter,0,-1.0,0.0,2.6000000000000014
2025-01-06 19:00:00,AWS_VABO,Vadodara / Vadodara Airport,Vadodara,Gujarat,22.3333,73.2667,44.7,21.0,1012.87,46.2,NOAA/NWS ASOS via IEM Archive (provided source file),0,NORMAL,,,,,,19,6,1,6,Winter,0,-1.0,0.0,2.8000000000000043
2025-01-06 19:30:00,AWS_VABO,Vadodara / Vadodara Airport,Vadodara,Gujarat,22.3333,73.2667,44.7,20.0,1013.88,52.5,NOAA/NWS ASOS via IEM Archive (provided source file),0,NORMAL,,,,,,19,6,1,6,Winter,0,-1.0,1.009999999999991,6.299999999999997
2025-01-06 20:00:00,AWS_VABO,Vadodara / Vadodara Airport,Vadodara,Gujarat,22.3333,73.2667,44.7,19.0,1013.88,55.9,NOAA/NWS ASOS via IEM Archive (provided source file),0,NORMAL,,,,,,20,6,1,6,Winter,0,-1.0,0.0,3.3999999999999986
2025-01-06 20:30:00,AWS_VABO,Vadodara / Vadodara Airport,Vadodara,Gujarat,22.3333,73.2667,44.7,20.0,1013.88,52.5,NOAA/NWS ASOS via IEM Archive (provided source file),0,NORMAL,,,,,,20,6,1,6,Winter,0,1.0,0.0,-3.3999999999999986
2025-01-06 21:00:00,AWS_VABO,Vadodara / Vadodara Airport,Vadodara,Gujarat,22.3333,73.2667,44.7,18.0,1014.9,59.5,NOAA/NWS ASOS via IEM Archive (provided source file),0,NORMAL,,,,,,21,6,1,6,Winter,0,-2.0,1.0199999999999818,7.0
2025-01-06 21:30:00,AWS_VABO,Vadodara / Vadodara Airport,Vadodara,Gujarat,22.3333,73.2667,44.7,17.0,1014.9,63.4,NOAA/NWS ASOS via IEM Archive (provided source file),0,NORMAL,,,,,,21,6,1,6,Winter,0,-1.0,0.0,3.8999999999999986
2025-01-06 22:00:00,AWS_VABO,Vadodara / Vadodara Airport,Vadodara,Gujarat,22.3333,73.2667,44.7,17.0,1014.9,63.4,NOAA/NWS ASOS via IEM Archive (provided source file),0,NORMAL,,,,,,22,6,1,6,Winter,0,0.0,0.0,0.0
2025-01-06 22:30:00,AWS_VABO,Vadodara / Vadodara Airport,Vadodara,Gujarat,22.3333,73.2667,44.7,17.0,1014.9,63.4,NOAA/NWS ASOS via IEM Archive (provided source file),0,NORMAL,,,,,,22,6,1,6,Winter,0,0.0,0.0,0.0
2025-01-01 00:00:00,AWS_VECC,Kolkata / Netaji Subhash Chandra Bose Intl,Kolkata,West Bengal,22.6547,88.4467,6.0,18.0,1015.92,72.6,NOAA/NWS ASOS via IEM Archive (provided source file),0,NORMAL,,,,,,0,1,1,1,Winter,0,,,
2025-01-01 00:30:00,AWS_VECC,Kolkata / Netaji Subhash Chandra Bose Intl,Kolkata,West Bengal,22.6547,88.4467,6.0,18.0,1015.92,72.6,NOAA/NWS ASOS via IEM Archive (provided source file),0,NORMAL,,,,,,0,1,1,1,Winter,0,0.0,0.0,0.0
2025-01-01 01:00:00,AWS_VECC,Kolkata / Netaji Subhash Chandra Bose Intl,Kolkata,West Bengal,22.6547,88.4467,6.0,17.0,1015.92,77.3,NOAA/NWS ASOS via IEM Archive (provided source file),0,NORMAL,,,,,,1,1,1,1,Winter,0,-1.0,0.0,4.700000000000003
2025-01-01 01:30:00,AWS_VECC,Kolkata / Netaji Subhash Chandra Bose Intl,Kolkata,West Bengal,22.6547,88.4467,6.0,16.0,1015.92,82.4,NOAA/NWS ASOS via IEM Archive (provided source file),0,NORMAL,,,,,,1,1,1,1,Winter,0,-1.0,0.0,5.1000000000000085
2025-01-01 02:00:00,AWS_VECC,Kolkata / Netaji Subhash Chandra Bose Intl,Kolkata,West Bengal,22.6547,88.4467,6.0,16.0,1014.9,82.4,NOAA/NWS ASOS via IEM Archive (provided source file),0,NORMAL,,,,,,2,1,1,1,Winter,0,0.0,-1.0199999999999818,0.0
2025-01-01 02:30:00,AWS_VECC,Kolkata / Netaji Subhash Chandra Bose Intl,Kolkata,West Bengal,22.6547,88.4467,6.0,16.0,1014.9,82.4,NOAA/NWS ASOS via IEM Archive (provided source file),0,NORMAL,,,,,,2,1,1,1,Winter,0,0.0,0.0,0.0
2025-01-01 03:00:00,AWS_VECC,Kolkata / Netaji Subhash Chandra Bose Intl,Kolkata,West Bengal,22.6547,88.4467,6.0,16.0,1014.9,82.4,NOAA/NWS ASOS via IEM Archive (provided source file),0,NORMAL,,,,,,3,1,1,1,Winter,0,0.0,0.0,0.0
2025-01-01 03:30:00,AWS_VECC,Kolkata / Netaji Subhash Chandra Bose Intl,Kolkata,West Bengal,22.6547,88.4467,6.0,16.0,1014.9,82.4,NOAA/NWS ASOS via IEM Archive (provided source file),0,NORMAL,,,,,,3,1,1,1,Winter,0,0.0,0.0,0.0
2025-01-01 04:00:00,AWS_VECC,Kolkata / Netaji Subhash Chandra Bose Intl,Kolkata,West Bengal,22.6547,88.4467,6.0,16.0,1014.9,77.1,NOAA/NWS ASOS via IEM Archive (provided source file),0,NORMAL,,,,,,4,1,1,1,Winter,0,0.0,0.0,-5.300000000000011
2025-01-01 04:30:00,AWS_VECC,Kolkata / Netaji Subhash Chandra Bose Intl,Kolkata,West Bengal,22.6547,88.4467,6.0,15.0,1014.9,82.2,NOAA/NWS ASOS via IEM Archive (provided source file),0,NORMAL,,,,,,4,1,1,1,Winter,0,-1.0,0.0,5.1000000000000085
2025-01-01 05:00:00,AWS_VECC,Kolkata / Netaji Subhash Chandra Bose Intl,Kolkata,West Bengal,22.6547,88.4467,6.0,15.0,1014.9,82.2,NOAA/NWS ASOS via IEM Archive (provided source file),0,NORMAL,,,,,,5,1,1,1,Winter,0,0.0,0.0,0.0
2025-01-01 05:30:00,AWS_VECC,Kolkata / Netaji Subhash Chandra Bose Intl,Kolkata,West Bengal,22.6547,88.4467,6.0,15.0,1014.9,82.2,NOAA/NWS ASOS via IEM Archive (provided source file),0,NORMAL,,,,,,5,1,1,1,Winter,0,0.0,0.0,0.0
2025-01-01 06:00:00,AWS_VECC,Kolkata / Netaji Subhash Chandra Bose Intl,Kolkata,West Bengal,22.6547,88.4467,6.0,15.0,1015.92,82.2,NOAA/NWS ASOS via IEM Archive (provided source file),0,NORMAL,,,,,,6,1,1,1,Winter,1,0.0,1.0199999999999818,0.0
2025-01-01 06:30:00,AWS_VECC,Kolkata / Netaji Subhash Chandra Bose Intl,Kolkata,West Bengal,22.6547,88.4467,6.0,15.0,1015.92,82.2,NOAA/NWS ASOS via IEM Archive (provided source file),0,NORMAL,,,,,,6,1,1,1,Winter,1,0.0,0.0,0.0
2025-01-01 07:00:00,AWS_VECC,Kolkata / Netaji Subhash Chandra Bose Intl,Kolkata,West Bengal,22.6547,88.4467,6.0,15.0,1016.93,82.2,NOAA/NWS ASOS via IEM Archive (provided source file),0,NORMAL,,,,,,7,1,1,1,Winter,1,0.0,1.009999999999991,0.0
2025-01-01 07:30:00,AWS_VECC,Kolkata / Netaji Subhash Chandra Bose Intl,Kolkata,West Bengal,22.6547,88.4467,6.0,15.0,1016.93,82.2,NOAA/NWS ASOS via IEM Archive (provided source file),0,NORMAL,,,,,,7,1,1,1,Winter,1,0.0,0.0,0.0
2025-01-01 08:00:00,AWS_VECC,Kolkata / Netaji Subhash Chandra Bose Intl,Kolkata,West Bengal,22.6547,88.4467,6.0,15.0,1016.93,82.2,NOAA/NWS ASOS via IEM Archive (provided source file),0,NORMAL,,,,,,8,1,1,1,Winter,1,0.0,0.0,0.0
2025-01-01 08:30:00,AWS_VECC,Kolkata / Netaji Subhash Chandra Bose Intl,Kolkata,West Bengal,22.6547,88.4467,6.0,16.0,1016.93,77.1,NOAA/NWS ASOS via IEM Archive (provided source file),0,NORMAL,,,,,,8,1,1,1,Winter,1,1.0,0.0,-5.1000000000000085
2025-01-01 09:00:00,AWS_VECC,Kolkata / Netaji Subhash Chandra Bose Intl,Kolkata,West Bengal,22.6547,88.4467,6.0,17.0,1017.95,77.3,NOAA/NWS ASOS via IEM Archive (provided source file),0,NORMAL,,,,,,9,1,1,1,Winter,1,1.0,1.0200000000000955,0.20000000000000284
2025-01-01 09:30:00,AWS_VECC,Kolkata / Netaji Subhash Chandra Bose Intl,Kolkata,West Bengal,22.6547,88.4467,6.0,18.0,1017.95,72.6,NOAA/NWS ASOS via IEM Archive (provided source file),0,NORMAL,,,,,,9,1,1,1,Winter,1,1.0,0.0,-4.700000000000003
2025-01-01 10:00:00,AWS_VECC,Kolkata / Netaji Subhash Chandra Bose Intl,Kolkata,West Bengal,22.6547,88.4467,6.0,19.0,1016.93,68.2,NOAA/NWS ASOS via IEM Archive (provided source file),0,NORMAL,,,,,,10,1,1,1,Winter,1,1.0,-1.0200000000000955,-4.3999999999999915
2025-01-01 10:30:00,AWS_VECC,Kolkata / Netaji Subhash Chandra Bose Intl,Kolkata,West Bengal,22.6547,88.4467,6.0,19.0,1016.93,68.2,NOAA/NWS ASOS via IEM Archive (provided source file),0,NORMAL,,,,,,10,1,1,1,Winter,1,0.0,0.0,0.0
2025-01-01 11:00:00,AWS_VECC,Kolkata / Netaji Subhash Chandra Bose Intl,Kolkata,West Bengal,22.6547,88.4467,6.0,20.0,1015.92,64.0,NOAA/NWS ASOS via IEM Archive (provided source file),0,NORMAL,,,,,,11,1,1,1,Winter,1,1.0,-1.009999999999991,-4.200000000000003
2025-01-01 11:30:00,AWS_VECC,Kolkata / Netaji Subhash Chandra Bose Intl,Kolkata,West Bengal,22.6547,88.4467,6.0,21.0,1015.92,64.3,NOAA/NWS ASOS via IEM Archive (provided source file),0,NORMAL,,,,,,11,1,1,1,Winter,1,1.0,0.0,0.29999999999999716
2025-01-01 12:00:00,AWS_VECC,Kolkata / Netaji Subhash Chandra Bose Intl,Kolkata,West Bengal,22.6547,88.4467,6.0,22.0,1014.9,60.4,NOAA/NWS ASOS via IEM Archive (provided source file),0,NORMAL,,,,,,12,1,1,1,Winter,1,1.0,-1.0199999999999818,-3.8999999999999986
2025-01-01 12:30:00,AWS_VECC,Kolkata / Netaji Subhash Chandra Bose Intl,Kolkata,West Bengal,22.6547,88.4467,6.0,22.0,1013.88,60.4,NOAA/NWS ASOS via IEM Archive (provided source file),0,NORMAL,,,,,,12,1,1,1,Winter,1,0.0,-1.0199999999999818,0.0
2025-01-01 13:00:00,AWS_VECC,Kolkata / Netaji Subhash Chandra Bose Intl,Kolkata,West Bengal,22.6547,88.4467,6.0,22.0,1013.88,60.4,NOAA/NWS ASOS via IEM Archive (provided source file),0,NORMAL,,,,,,13,1,1,1,Winter,1,0.0,0.0,0.0
2025-01-01 13:30:00,AWS_VECC,Kolkata / Netaji Subhash Chandra Bose Intl,Kolkata,West Bengal,22.6547,88.4467,6.0,23.0,1012.87,56.9,NOAA/NWS ASOS via IEM Archive (provided source file),0,NORMAL,,,,,,13,1,1,1,Winter,1,1.0,-1.009999999999991,-3.5
2025-01-01 14:00:00,AWS_VECC,Kolkata / Netaji Subhash Chandra Bose Intl,Kolkata,West Bengal,22.6547,88.4467,6.0,23.0,1012.87,56.9,NOAA/NWS ASOS via IEM Archive (provided source file),0,NORMAL,,,,,,14,1,1,1,Winter,1,0.0,0.0,0.0
2025-01-01 14:30:00,AWS_VECC,Kolkata / Netaji Subhash Chandra Bose Intl,Kolkata,West Bengal,22.6547,88.4467,6.0,23.0,1012.87,56.9,NOAA/NWS ASOS via IEM Archive (provided source file),0,NORMAL,,,,,,14,1,1,1,Winter,1,0.0,0.0,0.0
2025-01-01 15:00:00,AWS_VECC,Kolkata / Netaji Subhash Chandra Bose Intl,Kolkata,West Bengal,22.6547,88.4467,6.0,23.0,1012.87,56.9,NOAA/NWS ASOS via IEM Archive (provided source file),0,NORMAL,,,,,,15,1,1,1,Winter,1,0.0,0.0,0.0
2025-01-01 15:30:00,AWS_VECC,Kolkata / Netaji Subhash Chandra Bose Intl,Kolkata,West Bengal,22.6547,88.4467,6.0,23.0,1012.87,53.3,NOAA/NWS ASOS via IEM Archive (provided source file),0,NORMAL,,,,,,15,1,1,1,Winter,1,0.0,0.0,-3.6000000000000014
2025-01-01 16:00:00,AWS_VECC,Kolkata / Netaji Subhash Chandra Bose Intl,Kolkata,West Bengal,22.6547,88.4467,6.0,23.0,1012.87,53.3,NOAA/NWS ASOS via IEM Archive (provided source file),0,NORMAL,,,,,,16,1,1,1,Winter,1,0.0,0.0,0.0
2025-01-01 16:30:00,AWS_VECC,Kolkata / Netaji Subhash Chandra Bose Intl,Kolkata,West Bengal,22.6547,88.4467,6.0,22.0,1012.87,56.6,NOAA/NWS ASOS via IEM Archive (provided source file),0,NORMAL,,,,,,16,1,1,1,Winter,1,-1.0,0.0,3.3000000000000043
2025-01-01 17:00:00,AWS_VECC,Kolkata / Netaji Subhash Chandra Bose Intl,Kolkata,West Bengal,22.6547,88.4467,6.0,22.0,1012.87,56.6,NOAA/NWS ASOS via IEM Archive (provided source file),0,NORMAL,,,,,,17,1,1,1,Winter,1,0.0,0.0,0.0
2025-01-01 17:30:00,AWS_VECC,Kolkata / Netaji Subhash Chandra Bose Intl,Kolkata,West Bengal,22.6547,88.4467,6.0,21.0,1012.87,60.2,NOAA/NWS ASOS via IEM Archive (provided source file),0,NORMAL,,,,,,17,1,1,1,Winter,1,-1.0,0.0,3.6000000000000014
2025-01-01 18:00:00,AWS_VECC,Kolkata / Netaji Subhash Chandra Bose Intl,Kolkata,West Bengal,22.6547,88.4467,6.0,20.0,1012.87,64.0,NOAA/NWS ASOS via IEM Archive (provided source file),0,NORMAL,,,,,,18,1,1,1,Winter,0,-1.0,0.0,3.799999999999997
2025-01-01 18:30:00,AWS_VECC,Kolkata / Netaji Subhash Chandra Bose Intl,Kolkata,West Bengal,22.6547,88.4467,6.0,20.0,1013.88,64.0,NOAA/NWS ASOS via IEM Archive (provided source file),0,NORMAL,,,,,,18,1,1,1,Winter,0,0.0,1.009999999999991,0.0
2025-01-01 19:00:00,AWS_VECC,Kolkata / Netaji Subhash Chandra Bose Intl,Kolkata,West Bengal,22.6547,88.4467,6.0,19.0,1013.88,68.2,NOAA/NWS ASOS via IEM Archive (provided source file),0,NORMAL,,,,,,19,1,1,1,Winter,0,-1.0,0.0,4.200000000000003
2025-01-01 19:30:00,AWS_VECC,Kolkata / Netaji Subhash Chandra Bose Intl,Kolkata,West Bengal,22.6547,88.4467,6.0,19.0,1013.88,68.2,NOAA/NWS ASOS via IEM Archive (provided source file),0,NORMAL,,,,,,19,1,1,1,Winter,0,0.0,0.0,0.0
2025-01-01 20:00:00,AWS_VECC,Kolkata / Netaji Subhash Chandra Bose Intl,Kolkata,West Bengal,22.6547,88.4467,6.0,19.0,1014.9,68.2,NOAA/NWS ASOS via IEM Archive (provided source file),0,NORMAL,,,,,,20,1,1,1,Winter,0,0.0,1.0199999999999818,0.0
2025-01-01 20:30:00,AWS_VECC,Kolkata / Netaji Subhash Chandra Bose Intl,Kolkata,West Bengal,22.6547,88.4467,6.0,18.0,1014.9,72.6,NOAA/NWS ASOS via IEM Archive (provided source file),0,NORMAL,,,,,,20,1,1,1,Winter,0,-1.0,0.0,4.3999999999999915
2025-01-01 21:00:00,AWS_VECC,Kolkata / Netaji Subhash Chandra Bose Intl,Kolkata,West Bengal,22.6547,88.4467,6.0,18.0,1015.92,72.6,NOAA/NWS ASOS via IEM Archive (provided source file),0,NORMAL,,,,,,21,1,1,1,Winter,0,0.0,1.0199999999999818,0.0
2025-01-01 21:30:00,AWS_VECC,Kolkata / Netaji Subhash Chandra Bose Intl,Kolkata,West Bengal,22.6547,88.4467,6.0,18.0,1015.92,77.4,NOAA/NWS ASOS via IEM Archive (provided source file),0,NORMAL,,,,,,21,1,1,1,Winter,0,0.0,0.0,4.800000000000011
2025-01-01 22:00:00,AWS_VECC,Kolkata / Netaji Subhash Chandra Bose Intl,Kolkata,West Bengal,22.6547,88.4467,6.0,18.0,1015.92,77.4,NOAA/NWS ASOS via IEM Archive (provided source file),0,NORMAL,,,,,,22,1,1,1,Winter,0,0.0,0.0,0.0
2025-01-01 22:30:00,AWS_VECC,Kolkata / Netaji Subhash Chandra Bose Intl,Kolkata,West Bengal,22.6547,88.4467,6.0,17.0,1015.92,77.3,NOAA/NWS ASOS via IEM Archive (provided source file),0,NORMAL,,,,,,22,1,1,1,Winter,0,-1.0,0.0,-0.10000000000000853
2025-01-01 23:00:00,AWS_VECC,Kolkata / Netaji Subhash Chandra Bose Intl,Kolkata,West Bengal,22.6547,88.4467,6.0,16.0,1015.92,82.4,NOAA/NWS ASOS via IEM Archive (provided source file),0,NORMAL,,,,,,23,1,1,1,Winter,0,-1.0,0.0,5.1000000000000085
2025-01-01 23:30:00,AWS_VECC,Kolkata / Netaji Subhash Chandra Bose Intl,Kolkata,West Bengal,22.6547,88.4467,6.0,16.0,1015.92,82.4,NOAA/NWS ASOS via IEM Archive (provided source file),0,NORMAL,,,,,,23,1,1,1,Winter,0,0.0,0.0,0.0
2025-01-02 00:00:00,AWS_VECC,Kolkata / Netaji Subhash Chandra Bose Intl,Kolkata,West Bengal,22.6547,88.4467,6.0,15.0,1014.9,87.8,NOAA/NWS ASOS via IEM Archive (provided source file),0,NORMAL,,,,,,0,2,1,2,Winter,0,-1.0,-1.0199999999999818,5.3999999999999915
2025-01-02 00:30:00,AWS_VECC,Kolkata / Netaji Subhash Chandra Bose Intl,Kolkata,West Bengal,22.6547,88.4467,6.0,15.0,1014.9,87.8,NOAA/NWS ASOS via IEM Archive (provided source file),0,NORMAL,,,,,,0,2,1,2,Winter,0,0.0,0.0,0.0
2025-01-02 01:00:00,AWS_VECC,Kolkata / Netaji Subhash Chandra Bose Intl,Kolkata,West Bengal,22.6547,88.4467,6.0,15.0,1014.9,87.8,NOAA/NWS ASOS via IEM Archive (provided source file),0,NORMAL,,,,,,1,2,1,2,Winter,0,0.0,0.0,0.0
2025-01-02 01:30:00,AWS_VECC,Kolkata / Netaji Subhash Chandra Bose Intl,Kolkata,West Bengal,22.6547,88.4467,6.0,14.0,1014.9,87.7,NOAA/NWS ASOS via IEM Archive (provided source file),0,NORMAL,,,,,,1,2,1,2,Winter,0,-1.0,0.0,-0.09999999999999432
2025-01-02 02:00:00,AWS_VECC,Kolkata / Netaji Subhash Chandra Bose Intl,Kolkata,West Bengal,22.6547,88.4467,6.0,14.0,1013.88,87.7,NOAA/NWS ASOS via IEM Archive (provided source file),0,NORMAL,,,,,,2,2,1,2,Winter,0,0.0,-1.0199999999999818,0.0
2025-01-02 02:30:00,AWS_VECC,Kolkata / Netaji Subhash Chandra Bose Intl,Kolkata,West Bengal,22.6547,88.4467,6.0,14.0,1013.88,87.7,NOAA/NWS ASOS via IEM Archive (provided source file),0,NORMAL,,,,,,2,2,1,2,Winter,0,0.0,0.0,0.0
2025-01-02 03:00:00,AWS_VECC,Kolkata / Netaji Subhash Chandra Bose Intl,Kolkata,West Bengal,22.6547,88.4467,6.0,13.0,1013.88,93.6,NOAA/NWS ASOS via IEM Archive (provided source file),0,NORMAL,,,,,,3,2,1,2,Winter,0,-1.0,0.0,5.8999999999999915
2025-01-02 03:30:00,AWS_VECC,Kolkata / Netaji Subhash Chandra Bose Intl,Kolkata,West Bengal,22.6547,88.4467,6.0,13.0,1013.88,87.6,NOAA/NWS ASOS via IEM Archive (provided source file),0,NORMAL,,,,,,3,2,1,2,Winter,0,0.0,0.0,-6.0
2025-01-02 04:00:00,AWS_VECC,Kolkata / Netaji Subhash Chandra Bose Intl,Kolkata,West Bengal,22.6547,88.4467,6.0,13.0,1013.88,93.6,NOAA/NWS ASOS via IEM Archive (provided source file),0,NORMAL,,,,,,4,2,1,2,Winter,0,0.0,0.0,6.0
2025-01-02 04:30:00,AWS_VECC,Kolkata / Netaji Subhash Chandra Bose Intl,Kolkata,West Bengal,22.6547,88.4467,6.0,13.0,1014.9,87.6,NOAA/NWS ASOS via IEM Archive (provided source file),0,NORMAL,,,,,,4,2,1,2,Winter,0,0.0,1.0199999999999818,-6.0
2025-01-02 05:00:00,AWS_VECC,Kolkata / Netaji Subhash Chandra Bose Intl,Kolkata,West Bengal,22.6547,88.4467,6.0,13.0,1014.9,87.6,NOAA/NWS ASOS via IEM Archive (provided source file),0,NORMAL,,,,,,5,2,1,2,Winter,0,0.0,0.0,0.0
2025-01-02 05:30:00,AWS_VECC,Kolkata / Netaji Subhash Chandra Bose Intl,Kolkata,West Bengal,22.6547,88.4467,6.0,13.0,1014.9,87.6,NOAA/NWS ASOS via IEM Archive (provided source file),0,NORMAL,,,,,,5,2,1,2,Winter,0,0.0,0.0,0.0
2025-01-02 06:00:00,AWS_VECC,Kolkata / Netaji Subhash Chandra Bose Intl,Kolkata,West Bengal,22.6547,88.4467,6.0,12.0,1015.92,93.6,NOAA/NWS ASOS via IEM Archive (provided source file),0,NORMAL,,,,,,6,2,1,2,Winter,1,-1.0,1.0199999999999818,6.0
2025-01-02 06:30:00,AWS_VECC,Kolkata / Netaji Subhash Chandra Bose Intl,Kolkata,West Bengal,22.6547,88.4467,6.0,12.0,100.91,87.6,NOAA/NWS ASOS via IEM Archive (provided source file),0,NORMAL,,,,,,6,2,1,2,Winter,1,0.0,-915.01,-6.0
2025-01-02 07:00:00,AWS_VECC,Kolkata / Netaji Subhash Chandra Bose Intl,Kolkata,West Bengal,22.6547,88.4467,6.0,12.0,1016.93,93.6,NOAA/NWS ASOS via IEM Archive (provided source file),0,NORMAL,,,,,,7,2,1,2,Winter,1,0.0,916.02,6.0
2025-01-02 07:30:00,AWS_VECC,Kolkata / Netaji Subhash Chandra Bose Intl,Kolkata,West Bengal,22.6547,88.4467,6.0,13.0,100.91,93.6,NOAA/NWS ASOS via IEM Archive (provided source file),0,NORMAL,,,,,,7,2,1,2,Winter,1,1.0,-916.02,0.0
2025-01-02 08:00:00,AWS_VECC,Kolkata / Netaji Subhash Chandra Bose Intl,Kolkata,West Bengal,22.6547,88.4467,6.0,14.0,100.91,87.7,NOAA/NWS ASOS via IEM Archive (provided source file),0,NORMAL,,,,,,8,2,1,2,Winter,1,1.0,0.0,-5.8999999999999915
2025-01-02 08:30:00,AWS_VECC,Kolkata / Netaji Subhash Chandra Bose Intl,Kolkata,West Bengal,22.6547,88.4467,6.0,14.0,100.91,87.7,NOAA/NWS ASOS via IEM Archive (provided source file),0,NORMAL,,,,,,8,2,1,2,Winter,1,0.0,0.0,0.0
2025-01-02 09:00:00,AWS_VECC,Kolkata / Netaji Subhash Chandra Bose Intl,Kolkata,West Bengal,22.6547,88.4467,6.0,15.0,100.91,82.2,NOAA/NWS ASOS via IEM Archive (provided source file),0,NORMAL,,,,,,9,2,1,2,Winter,1,1.0,0.0,-5.5
2025-01-02 09:30:00,AWS_VECC,Kolkata / Netaji Subhash Chandra Bose Intl,Kolkata,West Bengal,22.6547,88.4467,6.0,16.0,1017.95,77.1,NOAA/NWS ASOS via IEM Archive (provided source file),0,NORMAL,,,,,,9,2,1,2,Winter,1,1.0,917.0400000000001,-5.1000000000000085
2025-01-02 10:00:00,AWS_VECC,Kolkata / Netaji Subhash Chandra Bose Intl,Kolkata,West Bengal,22.6547,88.4467,6.0,17.0,1017.95,72.4,NOAA/NWS ASOS via IEM Archive (provided source file),0,NORMAL,,,,,,10,2,1,2,Winter,1,1.0,0.0,-4.699999999999989
2025-01-02 10:30:00,AWS_VECC,Kolkata / Netaji Subhash Chandra Bose Intl,Kolkata,West Bengal,22.6547,88.4467,6.0,18.0,1016.93,68.0,NOAA/NWS ASOS via IEM Archive (provided source file),0,NORMAL,,,,,,10,2,1,2,Winter,1,1.0,-1.0200000000000955,-4.400000000000006
2025-01-02 11:00:00,AWS_VECC,Kolkata / Netaji Subhash Chandra Bose Intl,Kolkata,West Bengal,22.6547,88.4467,6.0,19.0,1016.93,63.8,NOAA/NWS ASOS via IEM Archive (provided source file),0,NORMAL,,,,,,11,2,1,2,Winter,1,1.0,0.0,-4.200000000000003
2025-01-02 11:30:00,AWS_VECC,Kolkata / Netaji Subhash Chandra Bose Intl,Kolkata,West Bengal,22.6547,88.4467,6.0,20.0,1015.92,60.0,NOAA/NWS ASOS via IEM Archive (provided source file),0,NORMAL,,,,,,11,2,1,2,Winter,1,1.0,-1.009999999999991,-3.799999999999997
2025-01-02 12:00:00,AWS_VECC,Kolkata / Netaji Subhash Chandra Bose Intl,Kolkata,West Bengal,22.6547,88.4467,6.0,20.0,1014.9,56.1,NOAA/NWS ASOS via IEM Archive (provided source file),0,NORMAL,,,,,,12,2,1,2,Winter,1,0.0,-1.0199999999999818,-3.8999999999999986
2025-01-02 12:30:00,AWS_VECC,Kolkata / Netaji Subhash Chandra Bose Intl,Kolkata,West Bengal,22.6547,88.4467,6.0,21.0,1014.9,56.4,NOAA/NWS ASOS via IEM Archive (provided source file),0,NORMAL,,,,,,12,2,1,2,Winter,1,1.0,0.0,0.29999999999999716
2025-01-02 13:00:00,AWS_VECC,Kolkata / Netaji Subhash Chandra Bose Intl,Kolkata,West Bengal,22.6547,88.4467,6.0,21.0,1013.88,56.4,NOAA/NWS ASOS via IEM Archive (provided source file),0,NORMAL,,,,,,13,2,1,2,Winter,1,0.0,-1.0199999999999818,0.0
2025-01-02 13:30:00,AWS_VECC,Kolkata / Netaji Subhash Chandra Bose Intl,Kolkata,West Bengal,22.6547,88.4467,6.0,22.0,1013.88,53.0,NOAA/NWS ASOS via IEM Archive (provided source file),0,NORMAL,,,,,,13,2,1,2,Winter,1,1.0,0.0,-3.3999999999999986
2025-01-02 14:00:00,AWS_VECC,Kolkata / Netaji Subhash Chandra Bose Intl,Kolkata,West Bengal,22.6547,88.4467,6.0,22.0,1013.88,53.0,NOAA/NWS ASOS via IEM Archive (provided source file),0,NORMAL,,,,,,14,2,1,2,Winter,1,0.0,0.0,0.0
2025-01-02 14:30:00,AWS_VECC,Kolkata / Netaji Subhash Chandra Bose Intl,Kolkata,West Bengal,22.6547,88.4467,6.0,22.0,1012.87,53.0,NOAA/NWS ASOS via IEM Archive (provided source file),0,NORMAL,,,,,,14,2,1,2,Winter,1,0.0,-1.009999999999991,0.0
2025-01-02 15:00:00,AWS_VECC,Kolkata / Netaji Subhash Chandra Bose Intl,Kolkata,West Bengal,22.6547,88.4467,6.0,22.0,1012.87,53.0,NOAA/NWS ASOS via IEM Archive (provided source file),0,NORMAL,,,,,,15,2,1,2,Winter,1,0.0,0.0,0.0
2025-01-02 15:30:00,AWS_VECC,Kolkata / Netaji Subhash Chandra Bose Intl,Kolkata,West Bengal,22.6547,88.4467,6.0,22.0,1012.87,53.0,NOAA/NWS ASOS via IEM Archive (provided source file),0,NORMAL,,,,,,15,2,1,2,Winter,1,0.0,0.0,0.0
2025-01-02 16:00:00,AWS_VECC,Kolkata / Netaji Subhash Chandra Bose Intl,Kolkata,West Bengal,22.6547,88.4467,6.0,22.0,1012.87,53.0,NOAA/NWS ASOS via IEM Archive (provided source file),0,NORMAL,,,,,,16,2,1,2,Winter,1,0.0,0.0,0.0
2025-01-02 16:30:00,AWS_VECC,Kolkata / Netaji Subhash Chandra Bose Intl,Kolkata,West Bengal,22.6547,88.4467,6.0,21.0,1012.87,56.4,NOAA/NWS ASOS via IEM Archive (provided source file),0,NORMAL,,,,,,16,2,1,2,Winter,1,-1.0,0.0,3.3999999999999986
2025-01-02 17:00:00,AWS_VECC,Kolkata / Netaji Subhash Chandra Bose Intl,Kolkata,West Bengal,22.6547,88.4467,6.0,21.0,1013.88,56.4,NOAA/NWS ASOS via IEM Archive (provided source file),0,NORMAL,,,,,,17,2,1,2,Winter,1,0.0,1.009999999999991,0.0
2025-01-02 17:30:00,AWS_VECC,Kolkata / Netaji Subhash Chandra Bose Intl,Kolkata,West Bengal,22.6547,88.4467,6.0,20.0,1013.88,60.0,NOAA/NWS ASOS via IEM Archive (provided source file),0,NORMAL,,,,,,17,2,1,2,Winter,1,-1.0,0.0,3.6000000000000014
2025-01-02 18:00:00,AWS_VECC,Kolkata / Netaji Subhash Chandra Bose Intl,Kolkata,West Bengal,22.6547,88.4467,6.0,19.0,1013.88,63.8,NOAA/NWS ASOS via IEM Archive (provided source file),0,NORMAL,,,,,,18,2,1,2,Winter,0,-1.0,0.0,3.799999999999997
2025-01-02 18:30:00,AWS_VECC,Kolkata / Netaji Subhash Chandra Bose Intl,Kolkata,West Bengal,22.6547,88.4467,6.0,19.0,1013.88,63.8,NOAA/NWS ASOS via IEM Archive (provided source file),0,NORMAL,,,,,,18,2,1,2,Winter,0,0.0,0.0,0.0
2025-01-02 19:00:00,AWS_VECC,Kolkata / Netaji Subhash Chandra Bose Intl,Kolkata,West Bengal,22.6547,88.4467,6.0,18.0,1014.9,68.0,NOAA/NWS ASOS via IEM Archive (provided source file),0,NORMAL,,,,,,19,2,1,2,Winter,0,-1.0,1.0199999999999818,4.200000000000003
2025-01-02 19:30:00,AWS_VECC,Kolkata / Netaji Subhash Chandra Bose Intl,Kolkata,West Bengal,22.6547,88.4467,6.0,18.0,1014.9,68.0,NOAA/NWS ASOS via IEM Archive (provided source file),0,NORMAL,,,,,,19,2,1,2,Winter,0,0.0,0.0,0.0
2025-01-02 20:00:00,AWS_VECC,Kolkata / Netaji Subhash Chandra Bose Intl,Kolkata,West Bengal,22.6547,88.4467,6.0,18.0,1015.92,68.0,NOAA/NWS ASOS via IEM Archive (provided source file),0,NORMAL,,,,,,20,2,1,2,Winter,0,0.0,1.0199999999999818,0.0
2025-01-02 20:30:00,AWS_VECC,Kolkata / Netaji Subhash Chandra Bose Intl,Kolkata,West Bengal,22.6547,88.4467,6.0,17.0,1015.92,72.4,NOAA/NWS ASOS via IEM Archive (provided source file),0,NORMAL,,,,,,20,2,1,2,Winter,0,-1.0,0.0,4.400000000000006
2025-01-02 21:00:00,AWS_VECC,Kolkata / Netaji Subhash Chandra Bose Intl,Kolkata,West Bengal,22.6547,88.4467,6.0,16.0,1015.92,77.1,NOAA/NWS ASOS via IEM Archive (provided source file),0,NORMAL,,,,,,21,2,1,2,Winter,0,-1.0,0.0,4.699999999999989
2025-01-02 21:30:00,AWS_VECC,Kolkata / Netaji Subhash Chandra Bose Intl,Kolkata,West Bengal,22.6547,88.4467,6.0,16.0,1015.92,77.1,NOAA/NWS ASOS via IEM Archive (provided source file),0,NORMAL,,,,,,21,2,1,2,Winter,0,0.0,0.0,0.0
2025-01-02 22:00:00,AWS_VECC,Kolkata / Netaji Subhash Chandra Bose Intl,Kolkata,West Bengal,22.6547,88.4467,6.0,16.0,1015.92,77.1,NOAA/NWS ASOS via IEM Archive (provided source file),0,NORMAL,,,,,,22,2,1,2,Winter,0,0.0,0.0,0.0
2025-01-02 22:30:00,AWS_VECC,Kolkata / Netaji Subhash Chandra Bose Intl,Kolkata,West Bengal,22.6547,88.4467,6.0,16.0,1015.92,77.1,NOAA/NWS ASOS via IEM Archive (provided source file),0,NORMAL,,,,,,22,2,1,2,Winter,0,0.0,0.0,0.0
2025-01-02 23:00:00,AWS_VECC,Kolkata / Netaji Subhash Chandra Bose Intl,Kolkata,West Bengal,22.6547,88.4467,6.0,16.0,1015.92,77.1,NOAA/NWS ASOS via IEM Archive (provided source file),0,NORMAL,,,,,,23,2,1,2,Winter,0,0.0,0.0,0.0
2025-01-02 23:30:00,AWS_VECC,Kolkata / Netaji Subhash Chandra Bose Intl,Kolkata,West Bengal,22.6547,88.4467,6.0,16.0,1015.92,82.4,NOAA/NWS ASOS via IEM Archive (provided source file),0,NORMAL,,,,,,23,2,1,2,Winter,0,0.0,0.0,5.300000000000011
2025-01-03 00:00:00,AWS_VECC,Kolkata / Netaji Subhash Chandra Bose Intl,Kolkata,West Bengal,22.6547,88.4467,6.0,15.0,1015.92,82.2,NOAA/NWS ASOS via IEM Archive (provided source file),0,NORMAL,,,,,,0,3,1,3,Winter,0,-1.0,0.0,-0.20000000000000284
2025-01-03 00:30:00,AWS_VECC,Kolkata / Netaji Subhash Chandra Bose Intl,Kolkata,West Bengal,22.6547,88.4467,6.0,15.0,1014.9,82.2,NOAA/NWS ASOS via IEM Archive (provided source file),0,NORMAL,,,,,,0,3,1,3,Winter,0,0.0,-1.0199999999999818,0.0
2025-01-03 01:00:00,AWS_VECC,Kolkata / Netaji Subhash Chandra Bose Intl,Kolkata,West Bengal,22.6547,88.4467,6.0,15.0,1014.9,82.2,NOAA/NWS ASOS via IEM Archive (provided source file),0,NORMAL,,,,,,1,3,1,3,Winter,0,0.0,0.0,0.0
2025-01-03 01:30:00,AWS_VECC,Kolkata / Netaji Subhash Chandra Bose Intl,Kolkata,West Bengal,22.6547,88.4467,6.0,15.0,1014.9,82.2,NOAA/NWS ASOS via IEM Archive (provided source file),0,NORMAL,,,,,,1,3,1,3,Winter,0,0.0,0.0,0.0
2025-01-03 02:00:00,AWS_VECC,Kolkata / Netaji Subhash Chandra Bose Intl,Kolkata,West Bengal,22.6547,88.4467,6.0,14.0,1014.9,87.7,NOAA/NWS ASOS via IEM Archive (provided source file),0,NORMAL,,,,,,2,3,1,3,Winter,0,-1.0,0.0,5.5
2025-01-03 02:30:00,AWS_VECC,Kolkata / Netaji Subhash Chandra Bose Intl,Kolkata,West Bengal,22.6547,88.4467,6.0,14.0,1014.9,87.7,NOAA/NWS ASOS via IEM Archive (provided source file),0,NORMAL,,,,,,2,3,1,3,Winter,0,0.0,0.0,0.0
2025-01-03 03:00:00,AWS_VECC,Kolkata / Netaji Subhash Chandra Bose Intl,Kolkata,West Bengal,22.6547,88.4467,6.0,13.0,1014.9,93.6,NOAA/NWS ASOS via IEM Archive (provided source file),0,NORMAL,,,,,,3,3,1,3,Winter,0,-1.0,0.0,5.8999999999999915
2025-01-03 03:30:00,AWS_VECC,Kolkata / Netaji Subhash Chandra Bose Intl,Kolkata,West Bengal,22.6547,88.4467,6.0,13.0,1014.9,93.6,NOAA/NWS ASOS via IEM Archive (provided source file),0,NORMAL,,,,,,3,3,1,3,Winter,0,0.0,0.0,0.0
2025-01-03 04:00:00,AWS_VECC,Kolkata / Netaji Subhash Chandra Bose Intl,Kolkata,West Bengal,22.6547,88.4467,6.0,13.0,1014.9,93.6,NOAA/NWS ASOS via IEM Archive (provided source file),0,NORMAL,,,,,,4,3,1,3,Winter,0,0.0,0.0,0.0
2025-01-03 04:30:00,AWS_VECC,Kolkata / Netaji Subhash Chandra Bose Intl,Kolkata,West Bengal,22.6547,88.4467,6.0,13.0,1014.9,93.6,NOAA/NWS ASOS via IEM Archive (provided source file),0,NORMAL,,,,,,4,3,1,3,Winter,0,0.0,0.0,0.0
2025-01-03 05:00:00,AWS_VECC,Kolkata / Netaji Subhash Chandra Bose Intl,Kolkata,West Bengal,22.6547,88.4467,6.0,12.0,1014.9,93.6,NOAA/NWS ASOS via IEM Archive (provided source file),0,NORMAL,,,,,,5,3,1,3,Winter,0,-1.0,0.0,0.0
2025-01-03 05:30:00,AWS_VECC,Kolkata / Netaji Subhash Chandra Bose Intl,Kolkata,West Bengal,22.6547,88.4467,6.0,13.0,1015.92,87.6,NOAA/NWS ASOS via IEM Archive (provided source file),0,NORMAL,,,,,,5,3,1,3,Winter,0,1.0,1.0199999999999818,-6.0
2025-01-03 06:00:00,AWS_VECC,Kolkata / Netaji Subhash Chandra Bose Intl,Kolkata,West Bengal,22.6547,88.4467,6.0,13.0,1015.92,87.6,NOAA/NWS ASOS via IEM Archive (provided source file),0,NORMAL,,,,,,6,3,1,3,Winter,1,0.0,0.0,0.0
2025-01-03 06:30:00,AWS_VECC,Kolkata / Netaji Subhash Chandra Bose Intl,Kolkata,West Bengal,22.6547,88.4467,6.0,13.0,1016.93,87.6,NOAA/NWS ASOS via IEM Archive (provided source file),0,NORMAL,,,,,,6,3,1,3,Winter,1,0.0,1.009999999999991,0.0
2025-01-03 07:00:00,AWS_VECC,Kolkata / Netaji Subhash Chandra Bose Intl,Kolkata,West Bengal,22.6547,88.4467,6.0,13.0,1016.93,87.6,NOAA/NWS ASOS via IEM Archive (provided source file),0,NORMAL,,,,,,7,3,1,3,Winter,1,0.0,0.0,0.0
2025-01-03 07:30:00,AWS_VECC,Kolkata / Netaji Subhash Chandra Bose Intl,Kolkata,West Bengal,22.6547,88.4467,6.0,14.0,1016.93,82.1,NOAA/NWS ASOS via IEM Archive (provided source file),0,NORMAL,,,,,,7,3,1,3,Winter,1,1.0,0.0,-5.5
2025-01-03 08:00:00,AWS_VECC,Kolkata / Netaji Subhash Chandra Bose Intl,Kolkata,West Bengal,22.6547,88.4467,6.0,14.0,1017.95,82.1,NOAA/NWS ASOS via IEM Archive (provided source file),0,NORMAL,,,,,,8,3,1,3,Winter,1,0.0,1.0200000000000955,0.0
2025-01-03 09:30:00,AWS_VECC,Kolkata / Netaji Subhash Chandra Bose Intl,Kolkata,West Bengal,22.6547,88.4467,6.0,16.0,1017.95,77.1,NOAA/NWS ASOS via IEM Archive (provided source file),0,NORMAL,,,,,,9,3,1,3,Winter,1,2.0,0.0,-5.0
2025-01-03 10:00:00,AWS_VECC,Kolkata / Netaji Subhash Chandra Bose Intl,Kolkata,West Bengal,22.6547,88.4467,6.0,17.0,1017.95,72.4,NOAA/NWS ASOS via IEM Archive (provided source file),0,NORMAL,,,,,,10,3,1,3,Winter,1,1.0,0.0,-4.699999999999989
2025-01-03 10:30:00,AWS_VECC,Kolkata / Netaji Subhash Chandra Bose Intl,Kolkata,West Bengal,22.6547,88.4467,6.0,18.0,1016.93,68.0,NOAA/NWS ASOS via IEM Archive (provided source file),0,NORMAL,,,,,,10,3,1,3,Winter,1,1.0,-1.0200000000000955,-4.400000000000006
2025-01-03 11:00:00,AWS_VECC,Kolkata / Netaji Subhash Chandra Bose Intl,Kolkata,West Bengal,22.6547,88.4467,6.0,19.0,1016.93,63.8,NOAA/NWS ASOS via IEM Archive (provided source file),0,NORMAL,,,,,,11,3,1,3,Winter,1,1.0,0.0,-4.200000000000003
2025-01-03 11:30:00,AWS_VECC,Kolkata / Netaji Subhash Chandra Bose Intl,Kolkata,West Bengal,22.6547,88.4467,6.0,19.0,1015.92,68.2,NOAA/NWS ASOS via IEM Archive (provided source file),0,NORMAL,,,,,,11,3,1,3,Winter,1,0.0,-1.009999999999991,4.400000000000006
2025-01-03 12:00:00,AWS_VECC,Kolkata / Netaji Subhash Chandra Bose Intl,Kolkata,West Bengal,22.6547,88.4467,6.0,20.0,1014.9,64.0,NOAA/NWS ASOS via IEM Archive (provided source file),0,NORMAL,,,,,,12,3,1,3,Winter,1,1.0,-1.0199999999999818,-4.200000000000003
2025-01-03 12:30:00,AWS_VECC,Kolkata / Netaji Subhash Chandra Bose Intl,Kolkata,West Bengal,22.6547,88.4467,6.0,21.0,1014.9,60.2,NOAA/NWS ASOS via IEM Archive (provided source file),0,NORMAL,,,,,,12,3,1,3,Winter,1,1.0,0.0,-3.799999999999997
2025-01-03 13:00:00,AWS_VECC,Kolkata / Netaji Subhash Chandra Bose Intl,Kolkata,West Bengal,22.6547,88.4467,6.0,21.0,1013.88,64.3,NOAA/NWS ASOS via IEM Archive (provided source file),0,NORMAL,,,,,,13,3,1,3,Winter,1,0.0,-1.0199999999999818,4.099999999999994
2025-01-03 13:30:00,AWS_VECC,Kolkata / Netaji Subhash Chandra Bose Intl,Kolkata,West Bengal,22.6547,88.4467,6.0,21.0,1013.88,64.3,NOAA/NWS ASOS via IEM Archive (provided source file),0,NORMAL,,,,,,13,3,1,3,Winter,1,0.0,0.0,0.0
2025-01-03 14:00:00,AWS_VECC,Kolkata / Netaji Subhash Chandra Bose Intl,Kolkata,West Bengal,22.6547,88.4467,6.0,21.0,1013.88,64.3,NOAA/NWS ASOS via IEM Archive (provided source file),0,NORMAL,,,,,,14,3,1,3,Winter,1,0.0,0.0,0.0
2025-01-03 14:30:00,AWS_VECC,Kolkata / Netaji Subhash Chandra Bose Intl,Kolkata,West Bengal,22.6547,88.4467,6.0,22.0,1012.87,60.4,NOAA/NWS ASOS via IEM Archive (provided source file),0,NORMAL,,,,,,14,3,1,3,Winter,1,1.0,-1.009999999999991,-3.8999999999999986
2025-01-03 15:00:00,AWS_VECC,Kolkata / Netaji Subhash Chandra Bose Intl,Kolkata,West Bengal,22.6547,88.4467,6.0,22.0,1012.87,60.4,NOAA/NWS ASOS via IEM Archive (provided source file),0,NORMAL,,,,,,15,3,1,3,Winter,1,0.0,0.0,0.0
2025-01-03 15:30:00,AWS_VECC,Kolkata / Netaji Subhash Chandra Bose Intl,Kolkata,West Bengal,22.6547,88.4467,6.0,22.0,1012.87,60.4,NOAA/NWS ASOS via IEM Archive (provided source file),0,NORMAL,,,,,,15,3,1,3,Winter,1,0.0,0.0,0.0
2025-01-03 16:00:00,AWS_VECC,Kolkata / Netaji Subhash Chandra Bose Intl,Kolkata,West Bengal,22.6547,88.4467,6.0,22.0,1012.87,60.4,NOAA/NWS ASOS via IEM Archive (provided source file),0,NORMAL,,,,,,16,3,1,3,Winter,1,0.0,0.0,0.0
2025-01-03 16:30:00,AWS_VECC,Kolkata / Netaji Subhash Chandra Bose Intl,Kolkata,West Bengal,22.6547,88.4467,6.0,21.0,1012.87,64.3,NOAA/NWS ASOS via IEM Archive (provided source file),0,NORMAL,,,,,,16,3,1,3,Winter,1,-1.0,0.0,3.8999999999999986
2025-01-03 17:00:00,AWS_VECC,Kolkata / Netaji Subhash Chandra Bose Intl,Kolkata,West Bengal,22.6547,88.4467,6.0,21.0,1013.88,64.3,NOAA/NWS ASOS via IEM Archive (provided source file),0,NORMAL,,,,,,17,3,1,3,Winter,1,0.0,1.009999999999991,0.0
2025-01-03 17:30:00,AWS_VECC,Kolkata / Netaji Subhash Chandra Bose Intl,Kolkata,West Bengal,22.6547,88.4467,6.0,21.0,1013.88,64.3,NOAA/NWS ASOS via IEM Archive (provided source file),0,NORMAL,,,,,,17,3,1,3,Winter,1,0.0,0.0,0.0
2025-01-03 18:00:00,AWS_VECC,Kolkata / Netaji Subhash Chandra Bose Intl,Kolkata,West Bengal,22.6547,88.4467,6.0,21.0,1013.88,64.3,NOAA/NWS ASOS via IEM Archive (provided source file),0,NORMAL,,,,,,18,3,1,3,Winter,0,0.0,0.0,0.0
2025-01-03 18:30:00,AWS_VECC,Kolkata / Netaji Subhash Chandra Bose Intl,Kolkata,West Bengal,22.6547,88.4467,6.0,20.0,1013.88,68.4,NOAA/NWS ASOS via IEM Archive (provided source file),0,NORMAL,,,,,,18,3,1,3,Winter,0,-1.0,0.0,4.1000000000000085
2025-01-03 19:00:00,AWS_VECC,Kolkata / Netaji Subhash Chandra Bose Intl,Kolkata,West Bengal,22.6547,88.4467,6.0,20.0,1014.9,68.4,NOAA/NWS ASOS via IEM Archive (provided source file),0,NORMAL,,,,,,19,3,1,3,Winter,0,0.0,1.0199999999999818,0.0
2025-01-03 19:30:00,AWS_VECC,Kolkata / Netaji Subhash Chandra Bose Intl,Kolkata,West Bengal,22.6547,88.4467,6.0,19.0,1014.9,72.7,NOAA/NWS ASOS via IEM Archive (provided source file),0,NORMAL,,,,,,19,3,1,3,Winter,0,-1.0,0.0,4.299999999999997
2025-01-03 20:00:00,AWS_VECC,Kolkata / Netaji Subhash Chandra Bose Intl,Kolkata,West Bengal,22.6547,88.4467,6.0,18.0,1014.9,77.4,NOAA/NWS ASOS via IEM Archive (provided source file),0,NORMAL,,,,,,20,3,1,3,Winter,0,-1.0,0.0,4.700000000000003
2025-01-03 20:30:00,AWS_VECC,Kolkata / Netaji Subhash Chandra Bose Intl,Kolkata,West Bengal,22.6547,88.4467,6.0,17.0,1014.9,82.5,NOAA/NWS ASOS via IEM Archive (provided source file),0,NORMAL,,,,,,20,3,1,3,Winter,0,-1.0,0.0,5.099999999999994
2025-01-03 21:00:00,AWS_VECC,Kolkata / Netaji Subhash Chandra Bose Intl,Kolkata,West Bengal,22.6547,88.4467,6.0,17.0,1014.9,82.5,NOAA/NWS ASOS via IEM Archive (provided source file),0,NORMAL,,,,,,21,3,1,3,Winter,0,0.0,0.0,0.0
2025-01-03 21:30:00,AWS_VECC,Kolkata / Netaji Subhash Chandra Bose Intl,Kolkata,West Bengal,22.6547,88.4467,6.0,17.0,1014.9,82.5,NOAA/NWS ASOS via IEM Archive (provided source file),0,NORMAL,,,,,,21,3,1,3,Winter,0,0.0,0.0,0.0
2025-01-03 22:00:00,AWS_VECC,Kolkata / Netaji Subhash Chandra Bose Intl,Kolkata,West Bengal,22.6547,88.4467,6.0,17.0,1014.9,82.5,NOAA/NWS ASOS via IEM Archive (provided source file),0,NORMAL,,,,,,22,3,1,3,Winter,0,0.0,0.0,0.0
2025-01-03 22:30:00,AWS_VECC,Kolkata / Netaji Subhash Chandra Bose Intl,Kolkata,West Bengal,22.6547,88.4467,6.0,16.0,1014.9,87.9,NOAA/NWS ASOS via IEM Archive (provided source file),0,NORMAL,,,,,,22,3,1,3,Winter,0,-1.0,0.0,5.400000000000006
2025-01-03 23:00:00,AWS_VECC,Kolkata / Netaji Subhash Chandra Bose Intl,Kolkata,West Bengal,22.6547,88.4467,6.0,16.0,1014.9,87.9,NOAA/NWS ASOS via IEM Archive (provided source file),0,NORMAL,,,,,,23,3,1,3,Winter,0,0.0,0.0,0.0
2025-01-03 23:30:00,AWS_VECC,Kolkata / Netaji Subhash Chandra Bose Intl,Kolkata,West Bengal,22.6547,88.4467,6.0,16.0,1013.88,87.9,NOAA/NWS ASOS via IEM Archive (provided source file),0,NORMAL,,,,,,23,3,1,3,Winter,0,0.0,-1.0199999999999818,0.0
2025-01-04 00:00:00,AWS_VECC,Kolkata / Netaji Subhash Chandra Bose Intl,Kolkata,West Bengal,22.6547,88.4467,6.0,15.0,1013.88,93.7,NOAA/NWS ASOS via IEM Archive (provided source file),0,NORMAL,,,,,,0,4,1,4,Winter,0,-1.0,0.0,5.799999999999997
2025-01-04 00:30:00,AWS_VECC,Kolkata / Netaji Subhash Chandra Bose Intl,Kolkata,West Bengal,22.6547,88.4467,6.0,15.0,1013.88,93.7,NOAA/NWS ASOS via IEM Archive (provided source file),0,NORMAL,,,,,,0,4,1,4,Winter,0,0.0,0.0,0.0
2025-01-04 01:00:00,AWS_VECC,Kolkata / Netaji Subhash Chandra Bose Intl,Kolkata,West Bengal,22.6547,88.4467,6.0,16.0,1013.88,87.9,NOAA/NWS ASOS via IEM Archive (provided source file),0,NORMAL,,,,,,1,4,1,4,Winter,0,1.0,0.0,-5.799999999999997
2025-01-04 01:30:00,AWS_VECC,Kolkata / Netaji Subhash Chandra Bose Intl,Kolkata,West Bengal,22.6547,88.4467,6.0,16.0,1013.88,87.9,NOAA/NWS ASOS via IEM Archive (provided source file),0,NORMAL,,,,,,1,4,1,4,Winter,0,0.0,0.0,0.0
2025-01-04 02:00:00,AWS_VECC,Kolkata / Netaji Subhash Chandra Bose Intl,Kolkata,West Bengal,22.6547,88.4467,6.0,16.0,1012.87,87.9,NOAA/NWS ASOS via IEM Archive (provided source file),0,NORMAL,,,,,,2,4,1,4,Winter,0,0.0,-1.009999999999991,0.0
2025-01-04 02:30:00,AWS_VECC,Kolkata / Netaji Subhash Chandra Bose Intl,Kolkata,West Bengal,22.6547,88.4467,6.0,15.0,1012.87,93.7,NOAA/NWS ASOS via IEM Archive (provided source file),0,NORMAL,,,,,,2,4,1,4,Winter,0,-1.0,0.0,5.799999999999997
2025-01-04 03:00:00,AWS_VECC,Kolkata / Netaji Subhash Chandra Bose Intl,Kolkata,West Bengal,22.6547,88.4467,6.0,15.0,1012.87,93.7,NOAA/NWS ASOS via IEM Archive (provided source file),0,NORMAL,,,,,,3,4,1,4,Winter,0,0.0,0.0,0.0
2025-01-04 03:30:00,AWS_VECC,Kolkata / Netaji Subhash Chandra Bose Intl,Kolkata,West Bengal,22.6547,88.4467,6.0,15.0,1012.87,93.7,NOAA/NWS ASOS via IEM Archive (provided source file),0,NORMAL,,,,,,3,4,1,4,Winter,0,0.0,0.0,0.0
2025-01-04 04:00:00,AWS_VECC,Kolkata / Netaji Subhash Chandra Bose Intl,Kolkata,West Bengal,22.6547,88.4467,6.0,14.0,1012.87,93.7,NOAA/NWS ASOS via IEM Archive (provided source file),0,NORMAL,,,,,,4,4,1,4,Winter,0,-1.0,0.0,0.0
2025-01-04 04:30:00,AWS_VECC,Kolkata / Netaji Subhash Chandra Bose Intl,Kolkata,West Bengal,22.6547,88.4467,6.0,14.0,1012.87,93.7,NOAA/NWS ASOS via IEM Archive (provided source file),0,NORMAL,,,,,,4,4,1,4,Winter,0,0.0,0.0,0.0
2025-01-04 05:00:00,AWS_VECC,Kolkata / Netaji Subhash Chandra Bose Intl,Kolkata,West Bengal,22.6547,88.4467,6.0,14.0,1012.87,93.7,NOAA/NWS ASOS via IEM Archive (provided source file),0,NORMAL,,,,,,5,4,1,4,Winter,0,0.0,0.0,0.0
2025-01-04 05:30:00,AWS_VECC,Kolkata / Netaji Subhash Chandra Bose Intl,Kolkata,West Bengal,22.6547,88.4467,6.0,14.0,1013.88,93.7,NOAA/NWS ASOS via IEM Archive (provided source file),0,NORMAL,,,,,,5,4,1,4,Winter,0,0.0,1.009999999999991,0.0
2025-01-04 06:00:00,AWS_VECC,Kolkata / Netaji Subhash Chandra Bose Intl,Kolkata,West Bengal,22.6547,88.4467,6.0,14.0,1013.88,93.7,NOAA/NWS ASOS via IEM Archive (provided source file),0,NORMAL,,,,,,6,4,1,4,Winter,1,0.0,0.0,0.0
2025-01-04 06:30:00,AWS_VECC,Kolkata / Netaji Subhash Chandra Bose Intl,Kolkata,West Bengal,22.6547,88.4467,6.0,15.0,14.9,93.7,NOAA/NWS ASOS via IEM Archive (provided source file),0,NORMAL,,,,,,6,4,1,4,Winter,1,1.0,-998.98,0.0
2025-01-04 07:00:00,AWS_VECC,Kolkata / Netaji Subhash Chandra Bose Intl,Kolkata,West Bengal,22.6547,88.4467,6.0,16.0,14.9,87.9,NOAA/NWS ASOS via IEM Archive (provided source file),0,NORMAL,,,,,,7,4,1,4,Winter,1,1.0,0.0,-5.799999999999997
2025-01-04 07:30:00,AWS_VECC,Kolkata / Netaji Subhash Chandra Bose Intl,Kolkata,West Bengal,22.6547,88.4467,6.0,16.0,14.9,87.9,NOAA/NWS ASOS via IEM Archive (provided source file),0,NORMAL,,,,,,7,4,1,4,Winter,1,0.0,0.0,0.0
2025-01-04 08:00:00,AWS_VECC,Kolkata / Netaji Subhash Chandra Bose Intl,Kolkata,West Bengal,22.6547,88.4467,6.0,16.0,100.91,82.4,NOAA/NWS ASOS via IEM Archive (provided source file),0,NORMAL,,,,,,8,4,1,4,Winter,1,0.0,86.00999999999999,-5.5
2025-01-04 08:30:00,AWS_VECC,Kolkata / Netaji Subhash Chandra Bose Intl,Kolkata,West Bengal,22.6547,88.4467,6.0,17.0,100.91,77.3,NOAA/NWS ASOS via IEM Archive (provided source file),0,NORMAL,,,,,,8,4,1,4,Winter,1,1.0,0.0,-5.1000000000000085
2025-01-04 09:00:00,AWS_VECC,Kolkata / Netaji Subhash Chandra Bose Intl,Kolkata,West Bengal,22.6547,88.4467,6.0,17.0,100.91,77.3,NOAA/NWS ASOS via IEM Archive (provided source file),0,NORMAL,,,,,,9,4,1,4,Winter,1,0.0,0.0,0.0
2025-01-04 09:30:00,AWS_VECC,Kolkata / Netaji Subhash Chandra Bose Intl,Kolkata,West Bengal,22.6547,88.4467,6.0,18.0,100.91,77.4,NOAA/NWS ASOS via IEM Archive (provided source file),0,NORMAL,,,,,,9,4,1,4,Winter,1,1.0,0.0,0.10000000000000853
2025-01-04 10:00:00,AWS_VECC,Kolkata / Netaji Subhash Chandra Bose Intl,Kolkata,West Bengal,22.6547,88.4467,6.0,19.0,100.91,72.7,NOAA/NWS ASOS via IEM Archive (provided source file),0,NORMAL,,,,,,10,4,1,4,Winter,1,1.0,0.0,-4.700000000000003
2025-01-04 10:30:00,AWS_VECC,Kolkata / Netaji Subhash Chandra Bose Intl,Kolkata,West Bengal,22.6547,88.4467,6.0,20.0,100.91,68.4,NOAA/NWS ASOS via IEM Archive (provided source file),0,NORMAL,,,,,,10,4,1,4,Winter,1,1.0,0.0,-4.299999999999997
2025-01-04 11:00:00,AWS_VECC,Kolkata / Netaji Subhash Chandra Bose Intl,Kolkata,West Bengal,22.6547,88.4467,6.0,21.0,100.91,64.3,NOAA/NWS ASOS via IEM Archive (provided source file),0,NORMAL,,,,,,11,4,1,4,Winter,1,1.0,0.0,-4.1000000000000085
2025-01-04 11:30:00,AWS_VECC,Kolkata / Netaji Subhash Chandra Bose Intl,Kolkata,West Bengal,22.6547,88.4467,6.0,21.0,100.91,68.6,NOAA/NWS ASOS via IEM Archive (provided source file),0,NORMAL,,,,,,11,4,1,4,Winter,1,0.0,0.0,4.299999999999997
2025-01-04 12:00:00,AWS_VECC,Kolkata / Netaji Subhash Chandra Bose Intl,Kolkata,West Bengal,22.6547,88.4467,6.0,22.0,1013.88,64.5,NOAA/NWS ASOS via IEM Archive (provided source file),0,NORMAL,,,,,,12,4,1,4,Winter,1,1.0,912.97,-4.099999999999994
2025-01-04 12:30:00,AWS_VECC,Kolkata / Netaji Subhash Chandra Bose Intl,Kolkata,West Bengal,22.6547,88.4467,6.0,23.0,1012.87,60.7,NOAA/NWS ASOS via IEM Archive (provided source file),0,NORMAL,,,,,,12,4,1,4,Winter,1,1.0,-1.009999999999991,-3.799999999999997
2025-01-04 13:00:00,AWS_VECC,Kolkata / Netaji Subhash Chandra Bose Intl,Kolkata,West Bengal,22.6547,88.4467,6.0,23.0,1012.87,60.7,NOAA/NWS ASOS via IEM Archive (provided source file),0,NORMAL,,,,,,13,4,1,4,Winter,1,0.0,0.0,0.0
2025-01-04 13:30:00,AWS_VECC,Kolkata / Netaji Subhash Chandra Bose Intl,Kolkata,West Bengal,22.6547,88.4467,6.0,23.0,1011.85,60.7,NOAA/NWS ASOS via IEM Archive (provided source file),0,NORMAL,,,,,,13,4,1,4,Winter,1,0.0,-1.0199999999999818,0.0
2025-01-04 14:00:00,AWS_VECC,Kolkata / Netaji Subhash Chandra Bose Intl,Kolkata,West Bengal,22.6547,88.4467,6.0,24.0,1011.85,57.1,NOAA/NWS ASOS via IEM Archive (provided source file),0,NORMAL,,,,,,14,4,1,4,Winter,1,1.0,0.0,-3.6000000000000014
2025-01-04 14:30:00,AWS_VECC,Kolkata / Netaji Subhash Chandra Bose Intl,Kolkata,West Bengal,22.6547,88.4467,6.0,24.0,1011.85,57.1,NOAA/NWS ASOS via IEM Archive (provided source file),0,NORMAL,,,,,,14,4,1,4,Winter,1,0.0,0.0,0.0
2025-01-04 15:00:00,AWS_VECC,Kolkata / Netaji Subhash Chandra Bose Intl,Kolkata,West Bengal,22.6547,88.4467,6.0,24.0,1010.84,57.1,NOAA/NWS ASOS via IEM Archive (provided source file),0,NORMAL,,,,,,15,4,1,4,Winter,1,0.0,-1.009999999999991,0.0
2025-01-04 15:30:00,AWS_VECC,Kolkata / Netaji Subhash Chandra Bose Intl,Kolkata,West Bengal,22.6547,88.4467,6.0,24.0,1010.84,57.1,NOAA/NWS ASOS via IEM Archive (provided source file),0,NORMAL,,,,,,15,4,1,4,Winter,1,0.0,0.0,0.0
2025-01-04 16:00:00,AWS_VECC,Kolkata / Netaji Subhash Chandra Bose Intl,Kolkata,West Bengal,22.6547,88.4467,6.0,24.0,1010.84,57.1,NOAA/NWS ASOS via IEM Archive (provided source file),0,NORMAL,,,,,,16,4,1,4,Winter,1,0.0,0.0,0.0
2025-01-04 16:30:00,AWS_VECC,Kolkata / Netaji Subhash Chandra Bose Intl,Kolkata,West Bengal,22.6547,88.4467,6.0,23.0,1010.84,60.7,NOAA/NWS ASOS via IEM Archive (provided source file),0,NORMAL,,,,,,16,4,1,4,Winter,1,-1.0,0.0,3.6000000000000014
2025-01-04 17:00:00,AWS_VECC,Kolkata / Netaji Subhash Chandra Bose Intl,Kolkata,West Bengal,22.6547,88.4467,6.0,23.0,1011.85,60.7,NOAA/NWS ASOS via IEM Archive (provided source file),0,NORMAL,,,,,,17,4,1,4,Winter,1,0.0,1.009999999999991,0.0
2025-01-04 17:30:00,AWS_VECC,Kolkata / Netaji Subhash Chandra Bose Intl,Kolkata,West Bengal,22.6547,88.4467,6.0,22.0,1011.85,64.5,NOAA/NWS ASOS via IEM Archive (provided source file),0,NORMAL,,,,,,17,4,1,4,Winter,1,-1.0,0.0,3.799999999999997
2025-01-04 18:00:00,AWS_VECC,Kolkata / Netaji Subhash Chandra Bose Intl,Kolkata,West Bengal,22.6547,88.4467,6.0,20.0,1011.85,77.8,NOAA/NWS ASOS via IEM Archive (provided source file),0,NORMAL,,,,,,18,4,1,4,Winter,0,-2.0,0.0,13.299999999999997
2025-01-04 18:30:00,AWS_VECC,Kolkata / Netaji Subhash Chandra Bose Intl,Kolkata,West Bengal,22.6547,88.4467,6.0,20.0,1012.87,77.8,NOAA/NWS ASOS via IEM Archive (provided source file),0,NORMAL,,,,,,18,4,1,4,Winter,0,0.0,1.0199999999999818,0.0
2025-01-04 19:00:00,AWS_VECC,Kolkata / Netaji Subhash Chandra Bose Intl,Kolkata,West Bengal,22.6547,88.4467,6.0,19.0,1012.87,82.7,NOAA/NWS ASOS via IEM Archive (provided source file),0,NORMAL,,,,,,19,4,1,4,Winter,0,-1.0,0.0,4.900000000000006
2025-01-04 19:30:00,AWS_VECC,Kolkata / Netaji Subhash Chandra Bose Intl,Kolkata,West Bengal,22.6547,88.4467,6.0,18.0,1013.88,88.1,NOAA/NWS ASOS via IEM Archive (provided source file),0,NORMAL,,,,,,19,4,1,4,Winter,0,-1.0,1.009999999999991,5.3999999999999915
2025-01-04 20:00:00,AWS_VECC,Kolkata / Netaji Subhash Chandra Bose Intl,Kolkata,West Bengal,22.6547,88.4467,6.0,18.0,1013.88,88.1,NOAA/NWS ASOS via IEM Archive (provided source file),0,NORMAL,,,,,,20,4,1,4,Winter,0,0.0,0.0,0.0
2025-01-04 20:30:00,AWS_VECC,Kolkata / Netaji Subhash Chandra Bose Intl,Kolkata,West Bengal,22.6547,88.4467,6.0,18.0,1013.88,88.1,NOAA/NWS ASOS via IEM Archive (provided source file),0,NORMAL,,,,,,20,4,1,4,Winter,0,0.0,0.0,0.0
2025-01-04 21:00:00,AWS_VECC,Kolkata / Netaji Subhash Chandra Bose Intl,Kolkata,West Bengal,22.6547,88.4467,6.0,18.0,1013.88,88.1,NOAA/NWS ASOS via IEM Archive (provided source file),0,NORMAL,,,,,,21,4,1,4,Winter,0,0.0,0.0,0.0
2025-01-04 21:30:00,AWS_VECC,Kolkata / Netaji Subhash Chandra Bose Intl,Kolkata,West Bengal,22.6547,88.4467,6.0,18.0,1014.9,88.1,NOAA/NWS ASOS via IEM Archive (provided source file),0,NORMAL,,,,,,21,4,1,4,Winter,0,0.0,1.0199999999999818,0.0
2025-01-04 22:00:00,AWS_VECC,Kolkata / Netaji Subhash Chandra Bose Intl,Kolkata,West Bengal,22.6547,88.4467,6.0,17.0,1014.9,93.8,NOAA/NWS ASOS via IEM Archive (provided source file),0,NORMAL,,,,,,22,4,1,4,Winter,0,-1.0,0.0,5.700000000000003
2025-01-04 22:30:00,AWS_VECC,Kolkata / Netaji Subhash Chandra Bose Intl,Kolkata,West Bengal,22.6547,88.4467,6.0,17.0,1013.88,88.0,NOAA/NWS ASOS via IEM Archive (provided source file),0,NORMAL,,,,,,22,4,1,4,Winter,0,0.0,-1.0199999999999818,-5.799999999999997
2025-01-04 23:00:00,AWS_VECC,Kolkata / Netaji Subhash Chandra Bose Intl,Kolkata,West Bengal,22.6547,88.4467,6.0,16.0,1013.88,93.8,NOAA/NWS ASOS via IEM Archive (provided source file),0,NORMAL,,,,,,23,4,1,4,Winter,0,-1.0,0.0,5.799999999999997
2025-01-04 23:30:00,AWS_VECC,Kolkata / Netaji Subhash Chandra Bose Intl,Kolkata,West Bengal,22.6547,88.4467,6.0,16.0,1013.88,93.8,NOAA/NWS ASOS via IEM Archive (provided source file),0,NORMAL,,,,,,23,4,1,4,Winter,0,0.0,0.0,0.0
2025-01-04 23:58:00,AWS_VECC,Kolkata / Netaji Subhash Chandra Bose Intl,Kolkata,West Bengal,22.6547,88.4467,6.0,16.0,1013.88,93.8,NOAA/NWS ASOS via IEM Archive (provided source file),0,NORMAL,,,,,,23,4,1,4,Winter,0,0.0,0.0,0.0
2025-01-05 00:00:00,AWS_VECC,Kolkata / Netaji Subhash Chandra Bose Intl,Kolkata,West Bengal,22.6547,88.4467,6.0,16.0,1013.88,93.8,NOAA/NWS ASOS via IEM Archive (provided source file),0,NORMAL,,,,,,0,5,1,5,Winter,0,0.0,0.0,0.0
2025-01-05 00:30:00,AWS_VECC,Kolkata / Netaji Subhash Chandra Bose Intl,Kolkata,West Bengal,22.6547,88.4467,6.0,16.0,1013.88,93.8,NOAA/NWS ASOS via IEM Archive (provided source file),0,NORMAL,,,,,,0,5,1,5,Winter,0,0.0,0.0,0.0
2025-01-05 01:00:00,AWS_VECC,Kolkata / Netaji Subhash Chandra Bose Intl,Kolkata,West Bengal,22.6547,88.4467,6.0,16.0,1013.88,93.8,NOAA/NWS ASOS via IEM Archive (provided source file),0,NORMAL,,,,,,1,5,1,5,Winter,0,0.0,0.0,0.0
2025-01-05 01:30:00,AWS_VECC,Kolkata / Netaji Subhash Chandra Bose Intl,Kolkata,West Bengal,22.6547,88.4467,6.0,16.0,1012.87,87.9,NOAA/NWS ASOS via IEM Archive (provided source file),0,NORMAL,,,,,,1,5,1,5,Winter,0,0.0,-1.009999999999991,-5.8999999999999915
2025-01-05 02:00:00,AWS_VECC,Kolkata / Netaji Subhash Chandra Bose Intl,Kolkata,West Bengal,22.6547,88.4467,6.0,16.0,1012.87,93.8,NOAA/NWS ASOS via IEM Archive (provided source file),0,NORMAL,,,,,,2,5,1,5,Winter,0,0.0,0.0,5.8999999999999915
2025-01-05 02:30:00,AWS_VECC,Kolkata / Netaji Subhash Chandra Bose Intl,Kolkata,West Bengal,22.6547,88.4467,6.0,15.0,1012.87,93.7,NOAA/NWS ASOS via IEM Archive (provided source file),0,NORMAL,,,,,,2,5,1,5,Winter,0,-1.0,0.0,-0.09999999999999432
2025-01-05 03:00:00,AWS_VECC,Kolkata / Netaji Subhash Chandra Bose Intl,Kolkata,West Bengal,22.6547,88.4467,6.0,14.0,1012.87,93.7,NOAA/NWS ASOS via IEM Archive (provided source file),0,NORMAL,,,,,,3,5,1,5,Winter,0,-1.0,0.0,0.0
2025-01-05 03:30:00,AWS_VECC,Kolkata / Netaji Subhash Chandra Bose Intl,Kolkata,West Bengal,22.6547,88.4467,6.0,14.0,1012.87,100.0,NOAA/NWS ASOS via IEM Archive (provided source file),0,NORMAL,,,,,,3,5,1,5,Winter,0,0.0,0.0,6.299999999999997
2025-01-05 04:00:00,AWS_VECC,Kolkata / Netaji Subhash Chandra Bose Intl,Kolkata,West Bengal,22.6547,88.4467,6.0,15.0,1012.87,93.7,NOAA/NWS ASOS via IEM Archive (provided source file),0,NORMAL,,,,,,4,5,1,5,Winter,0,1.0,0.0,-6.299999999999997
2025-01-05 04:30:00,AWS_VECC,Kolkata / Netaji Subhash Chandra Bose Intl,Kolkata,West Bengal,22.6547,88.4467,6.0,15.0,600.07,93.7,NOAA/NWS ASOS via IEM Archive (provided source file),0,NORMAL,,,,,,4,5,1,5,Winter,0,0.0,-412.79999999999995,0.0
2025-01-05 05:00:00,AWS_VECC,Kolkata / Netaji Subhash Chandra Bose Intl,Kolkata,West Bengal,22.6547,88.4467,6.0,15.0,1012.87,93.7,NOAA/NWS ASOS via IEM Archive (provided source file),0,NORMAL,,,,,,5,5,1,5,Winter,0,0.0,412.79999999999995,0.0
2025-01-05 05:30:00,AWS_VECC,Kolkata / Netaji Subhash Chandra Bose Intl,Kolkata,West Bengal,22.6547,88.4467,6.0,15.0,1013.88,93.7,NOAA/NWS ASOS via IEM Archive (provided source file),0,NORMAL,,,,,,5,5,1,5,Winter,0,0.0,1.009999999999991,0.0
2025-01-05 06:00:00,AWS_VECC,Kolkata / Netaji Subhash Chandra Bose Intl,Kolkata,West Bengal,22.6547,88.4467,6.0,15.0,1013.88,93.7,NOAA/NWS ASOS via IEM Archive (provided source file),0,NORMAL,,,,,,6,5,1,5,Winter,1,0.0,0.0,0.0
2025-01-05 06:30:00,AWS_VECC,Kolkata / Netaji Subhash Chandra Bose Intl,Kolkata,West Bengal,22.6547,88.4467,6.0,15.0,1014.9,93.7,NOAA/NWS ASOS via IEM Archive (provided source file),0,NORMAL,,,,,,6,5,1,5,Winter,1,0.0,1.0199999999999818,0.0
2025-01-05 07:00:00,AWS_VECC,Kolkata / Netaji Subhash Chandra Bose Intl,Kolkata,West Bengal,22.6547,88.4467,6.0,15.0,1014.9,93.7,NOAA/NWS ASOS via IEM Archive (provided source file),0,NORMAL,,,,,,7,5,1,5,Winter,1,0.0,0.0,0.0
2025-01-05 07:30:00,AWS_VECC,Kolkata / Netaji Subhash Chandra Bose Intl,Kolkata,West Bengal,22.6547,88.4467,6.0,15.0,1015.92,100.0,NOAA/NWS ASOS via IEM Archive (provided source file),0,NORMAL,,,,,,7,5,1,5,Winter,1,0.0,1.0199999999999818,6.299999999999997
2025-01-05 08:00:00,AWS_VECC,Kolkata / Netaji Subhash Chandra Bose Intl,Kolkata,West Bengal,22.6547,88.4467,6.0,16.0,1015.92,93.8,NOAA/NWS ASOS via IEM Archive (provided source file),0,NORMAL,,,,,,8,5,1,5,Winter,1,1.0,0.0,-6.200000000000003
2025-01-05 08:30:00,AWS_VECC,Kolkata / Netaji Subhash Chandra Bose Intl,Kolkata,West Bengal,22.6547,88.4467,6.0,16.0,1016.93,93.8,NOAA/NWS ASOS via IEM Archive (provided source file),0,NORMAL,,,,,,8,5,1,5,Winter,1,0.0,1.009999999999991,0.0
2025-01-05 09:00:00,AWS_VECC,Kolkata / Netaji Subhash Chandra Bose Intl,Kolkata,West Bengal,22.6547,88.4467,6.0,16.0,1016.93,100.0,NOAA/NWS ASOS via IEM Archive (provided source file),0,NORMAL,,,,,,9,5,1,5,Winter,1,0.0,0.0,6.200000000000003
2025-01-05 09:30:00,AWS_VECC,Kolkata / Netaji Subhash Chandra Bose Intl,Kolkata,West Bengal,22.6547,88.4467,6.0,17.0,799.87,93.8,NOAA/NWS ASOS via IEM Archive (provided source file),0,NORMAL,,,,,,9,5,1,5,Winter,1,1.0,-217.05999999999995,-6.200000000000003
2025-01-05 10:00:00,AWS_VECC,Kolkata / Netaji Subhash Chandra Bose Intl,Kolkata,West Bengal,22.6547,88.4467,6.0,18.0,1016.93,88.1,NOAA/NWS ASOS via IEM Archive (provided source file),0,NORMAL,,,,,,10,5,1,5,Winter,1,1.0,217.05999999999995,-5.700000000000003
2025-01-05 10:30:00,AWS_VECC,Kolkata / Netaji Subhash Chandra Bose Intl,Kolkata,West Bengal,22.6547,88.4467,6.0,20.0,1016.93,82.9,NOAA/NWS ASOS via IEM Archive (provided source file),0,NORMAL,,,,,,10,5,1,5,Winter,1,2.0,0.0,-5.199999999999989
2025-01-05 11:00:00,AWS_VECC,Kolkata / Netaji Subhash Chandra Bose Intl,Kolkata,West Bengal,22.6547,88.4467,6.0,21.0,100.91,73.1,NOAA/NWS ASOS via IEM Archive (provided source file),0,NORMAL,,,,,,11,5,1,5,Winter,1,1.0,-916.02,-9.800000000000011
2025-01-05 11:30:00,AWS_VECC,Kolkata / Netaji Subhash Chandra Bose Intl,Kolkata,West Bengal,22.6547,88.4467,6.0,22.0,,68.8,NOAA/NWS ASOS via IEM Archive (provided source file),0,NORMAL,,,,,,11,5,1,5,Winter,1,1.0,,-4.299999999999997
2025-01-05 12:00:00,AWS_VECC,Kolkata / Netaji Subhash Chandra Bose Intl,Kolkata,West Bengal,22.6547,88.4467,6.0,22.0,1014.9,68.8,NOAA/NWS ASOS via IEM Archive (provided source file),0,NORMAL,,,,,,12,5,1,5,Winter,1,0.0,,0.0
2025-01-05 12:30:00,AWS_VECC,Kolkata / Netaji Subhash Chandra Bose Intl,Kolkata,West Bengal,22.6547,88.4467,6.0,23.0,1013.88,64.7,NOAA/NWS ASOS via IEM Archive (provided source file),0,NORMAL,,,,,,12,5,1,5,Winter,1,1.0,-1.0199999999999818,-4.099999999999994
2025-01-05 13:00:00,AWS_VECC,Kolkata / Netaji Subhash Chandra Bose Intl,Kolkata,West Bengal,22.6547,88.4467,6.0,23.0,1013.88,60.7,NOAA/NWS ASOS via IEM Archive (provided source file),0,NORMAL,,,,,,13,5,1,5,Winter,1,0.0,0.0,-4.0
2025-01-05 13:30:00,AWS_VECC,Kolkata / Netaji Subhash Chandra Bose Intl,Kolkata,West Bengal,22.6547,88.4467,6.0,24.0,1012.87,57.1,NOAA/NWS ASOS via IEM Archive (provided source file),0,NORMAL,,,,,,13,5,1,5,Winter,1,1.0,-1.009999999999991,-3.6000000000000014
2025-01-05 14:00:00,AWS_VECC,Kolkata / Netaji Subhash Chandra Bose Intl,Kolkata,West Bengal,22.6547,88.4467,6.0,24.0,1012.87,57.1,NOAA/NWS ASOS via IEM Archive (provided source file),0,NORMAL,,,,,,14,5,1,5,Winter,1,0.0,0.0,0.0
2025-01-05 14:30:00,AWS_VECC,Kolkata / Netaji Subhash Chandra Bose Intl,Kolkata,West Bengal,22.6547,88.4467,6.0,24.0,1012.87,57.1,NOAA/NWS ASOS via IEM Archive (provided source file),0,NORMAL,,,,,,14,5,1,5,Winter,1,0.0,0.0,0.0
2025-01-05 15:00:00,AWS_VECC,Kolkata / Netaji Subhash Chandra Bose Intl,Kolkata,West Bengal,22.6547,88.4467,6.0,24.0,1011.85,57.1,NOAA/NWS ASOS via IEM Archive (provided source file),0,NORMAL,,,,,,15,5,1,5,Winter,1,0.0,-1.0199999999999818,0.0
2025-01-05 15:30:00,AWS_VECC,Kolkata / Netaji Subhash Chandra Bose Intl,Kolkata,West Bengal,22.6547,88.4467,6.0,23.0,1012.87,56.9,NOAA/NWS ASOS via IEM Archive (provided source file),0,NORMAL,,,,,,15,5,1,5,Winter,1,-1.0,1.0199999999999818,-0.20000000000000284
2025-01-05 16:00:00,AWS_VECC,Kolkata / Netaji Subhash Chandra Bose Intl,Kolkata,West Bengal,22.6547,88.4467,6.0,23.0,1012.87,56.9,NOAA/NWS ASOS via IEM Archive (provided source file),0,NORMAL,,,,,,16,5,1,5,Winter,1,0.0,0.0,0.0
2025-01-05 16:30:00,AWS_VECC,Kolkata / Netaji Subhash Chandra Bose Intl,Kolkata,West Bengal,22.6547,88.4467,6.0,23.0,1012.87,60.7,NOAA/NWS ASOS via IEM Archive (provided source file),0,NORMAL,,,,,,16,5,1,5,Winter,1,0.0,0.0,3.8000000000000043
2025-01-05 17:00:00,AWS_VECC,Kolkata / Netaji Subhash Chandra Bose Intl,Kolkata,West Bengal,22.6547,88.4467,6.0,22.0,1012.87,64.5,NOAA/NWS ASOS via IEM Archive (provided source file),0,NORMAL,,,,,,17,5,1,5,Winter,1,-1.0,0.0,3.799999999999997
2025-01-05 17:30:00,AWS_VECC,Kolkata / Netaji Subhash Chandra Bose Intl,Kolkata,West Bengal,22.6547,88.4467,6.0,21.0,1012.87,73.1,NOAA/NWS ASOS via IEM Archive (provided source file),0,NORMAL,,,,,,17,5,1,5,Winter,1,-1.0,0.0,8.599999999999994
2025-01-05 18:00:00,AWS_VECC,Kolkata / Netaji Subhash Chandra Bose Intl,Kolkata,West Bengal,22.6547,88.4467,6.0,20.0,1013.88,82.9,NOAA/NWS ASOS via IEM Archive (provided source file),0,NORMAL,,,,,,18,5,1,5,Winter,0,-1.0,1.009999999999991,9.800000000000011
2025-01-05 18:30:00,AWS_VECC,Kolkata / Netaji Subhash Chandra Bose Intl,Kolkata,West Bengal,22.6547,88.4467,6.0,20.0,1013.88,82.9,NOAA/NWS ASOS via IEM Archive (provided source file),0,NORMAL,,,,,,18,5,1,5,Winter,0,0.0,0.0,0.0
2025-01-05 19:00:00,AWS_VECC,Kolkata / Netaji Subhash Chandra Bose Intl,Kolkata,West Bengal,22.6547,88.4467,6.0,19.0,1013.88,82.7,NOAA/NWS ASOS via IEM Archive (provided source file),0,NORMAL,,,,,,19,5,1,5,Winter,0,-1.0,0.0,-0.20000000000000284
2025-01-05 19:30:00,AWS_VECC,Kolkata / Netaji Subhash Chandra Bose Intl,Kolkata,West Bengal,22.6547,88.4467,6.0,19.0,1014.9,82.7,NOAA/NWS ASOS via IEM Archive (provided source file),0,NORMAL,,,,,,19,5,1,5,Winter,0,0.0,1.0199999999999818,0.0
2025-01-05 20:00:00,AWS_VECC,Kolkata / Netaji Subhash Chandra Bose Intl,Kolkata,West Bengal,22.6547,88.4467,6.0,19.0,1014.9,82.7,NOAA/NWS ASOS via IEM Archive (provided source file),0,NORMAL,,,,,,20,5,1,5,Winter,0,0.0,0.0,0.0
2025-01-05 20:30:00,AWS_VECC,Kolkata / Netaji Subhash Chandra Bose Intl,Kolkata,West Bengal,22.6547,88.4467,6.0,19.0,1014.9,82.7,NOAA/NWS ASOS via IEM Archive (provided source file),0,NORMAL,,,,,,20,5,1,5,Winter,0,0.0,0.0,0.0
2025-01-05 21:00:00,AWS_VECC,Kolkata / Netaji Subhash Chandra Bose Intl,Kolkata,West Bengal,22.6547,88.4467,6.0,19.0,1014.9,82.7,NOAA/NWS ASOS via IEM Archive (provided source file),0,NORMAL,,,,,,21,5,1,5,Winter,0,0.0,0.0,0.0
2025-01-05 21:30:00,AWS_VECC,Kolkata / Netaji Subhash Chandra Bose Intl,Kolkata,West Bengal,22.6547,88.4467,6.0,19.0,1014.9,82.7,NOAA/NWS ASOS via IEM Archive (provided source file),0,NORMAL,,,,,,21,5,1,5,Winter,0,0.0,0.0,0.0
2025-01-05 22:00:00,AWS_VECC,Kolkata / Netaji Subhash Chandra Bose Intl,Kolkata,West Bengal,22.6547,88.4467,6.0,19.0,1014.9,82.7,NOAA/NWS ASOS via IEM Archive (provided source file),0,NORMAL,,,,,,22,5,1,5,Winter,0,0.0,0.0,0.0
2025-01-05 22:30:00,AWS_VECC,Kolkata / Netaji Subhash Chandra Bose Intl,Kolkata,West Bengal,22.6547,88.4467,6.0,17.0,1014.9,88.0,NOAA/NWS ASOS via IEM Archive (provided source file),0,NORMAL,,,,,,22,5,1,5,Winter,0,-2.0,0.0,5.299999999999997
2025-01-05 23:00:00,AWS_VECC,Kolkata / Netaji Subhash Chandra Bose Intl,Kolkata,West Bengal,22.6547,88.4467,6.0,17.0,1014.9,88.0,NOAA/NWS ASOS via IEM Archive (provided source file),0,NORMAL,,,,,,23,5,1,5,Winter,0,0.0,0.0,0.0
2025-01-05 23:30:00,AWS_VECC,Kolkata / Netaji Subhash Chandra Bose Intl,Kolkata,West Bengal,22.6547,88.4467,6.0,17.0,1013.88,88.0,NOAA/NWS ASOS via IEM Archive (provided source file),0,NORMAL,,,,,,23,5,1,5,Winter,0,0.0,-1.0199999999999818,0.0
2025-01-06 00:00:00,AWS_VECC,Kolkata / Netaji Subhash Chandra Bose Intl,Kolkata,West Bengal,22.6547,88.4467,6.0,17.0,1013.88,88.0,NOAA/NWS ASOS via IEM Archive (provided source file),0,NORMAL,,,,,,0,6,1,6,Winter,0,0.0,0.0,0.0
2025-01-06 00:30:00,AWS_VECC,Kolkata / Netaji Subhash Chandra Bose Intl,Kolkata,West Bengal,22.6547,88.4467,6.0,17.0,1013.88,88.0,NOAA/NWS ASOS via IEM Archive (provided source file),0,NORMAL,,,,,,0,6,1,6,Winter,0,0.0,0.0,0.0
2025-01-06 01:00:00,AWS_VECC,Kolkata / Netaji Subhash Chandra Bose Intl,Kolkata,West Bengal,22.6547,88.4467,6.0,17.0,1013.88,88.0,NOAA/NWS ASOS via IEM Archive (provided source file),0,NORMAL,,,,,,1,6,1,6,Winter,0,0.0,0.0,0.0
2025-01-06 01:30:00,AWS_VECC,Kolkata / Netaji Subhash Chandra Bose Intl,Kolkata,West Bengal,22.6547,88.4467,6.0,14.0,1013.88,100.0,NOAA/NWS ASOS via IEM Archive (provided source file),0,NORMAL,,,,,,1,6,1,6,Winter,0,-3.0,0.0,12.0
2025-01-06 02:00:00,AWS_VECC,Kolkata / Netaji Subhash Chandra Bose Intl,Kolkata,West Bengal,22.6547,88.4467,6.0,15.0,1013.88,93.7,NOAA/NWS ASOS via IEM Archive (provided source file),0,NORMAL,,,,,,2,6,1,6,Winter,0,1.0,0.0,-6.299999999999997
2025-01-06 02:30:00,AWS_VECC,Kolkata / Netaji Subhash Chandra Bose Intl,Kolkata,West Bengal,22.6547,88.4467,6.0,15.0,1012.87,93.7,NOAA/NWS ASOS via IEM Archive (provided source file),0,NORMAL,,,,,,2,6,1,6,Winter,0,0.0,-1.009999999999991,0.0
2025-01-06 03:00:00,AWS_VECC,Kolkata / Netaji Subhash Chandra Bose Intl,Kolkata,West Bengal,22.6547,88.4467,6.0,15.0,1012.87,93.7,NOAA/NWS ASOS via IEM Archive (provided source file),0,NORMAL,,,,,,3,6,1,6,Winter,0,0.0,0.0,0.0
2025-01-06 03:30:00,AWS_VECC,Kolkata / Netaji Subhash Chandra Bose Intl,Kolkata,West Bengal,22.6547,88.4467,6.0,14.0,1012.87,93.7,NOAA/NWS ASOS via IEM Archive (provided source file),0,NORMAL,,,,,,3,6,1,6,Winter,0,-1.0,0.0,0.0
2025-01-06 04:00:00,AWS_VECC,Kolkata / Netaji Subhash Chandra Bose Intl,Kolkata,West Bengal,22.6547,88.4467,6.0,14.0,1012.87,100.0,NOAA/NWS ASOS via IEM Archive (provided source file),0,NORMAL,,,,,,4,6,1,6,Winter,0,0.0,0.0,6.299999999999997
2025-01-06 04:30:00,AWS_VECC,Kolkata / Netaji Subhash Chandra Bose Intl,Kolkata,West Bengal,22.6547,88.4467,6.0,14.0,1012.87,100.0,NOAA/NWS ASOS via IEM Archive (provided source file),0,NORMAL,,,,,,4,6,1,6,Winter,0,0.0,0.0,0.0
2025-01-06 05:00:00,AWS_VECC,Kolkata / Netaji Subhash Chandra Bose Intl,Kolkata,West Bengal,22.6547,88.4467,6.0,14.0,1012.87,100.0,NOAA/NWS ASOS via IEM Archive (provided source file),0,NORMAL,,,,,,5,6,1,6,Winter,0,0.0,0.0,0.0
2025-01-06 05:30:00,AWS_VECC,Kolkata / Netaji Subhash Chandra Bose Intl,Kolkata,West Bengal,22.6547,88.4467,6.0,14.0,1012.87,100.0,NOAA/NWS ASOS via IEM Archive (provided source file),0,NORMAL,,,,,,5,6,1,6,Winter,0,0.0,0.0,0.0
2025-01-06 06:00:00,AWS_VECC,Kolkata / Netaji Subhash Chandra Bose Intl,Kolkata,West Bengal,22.6547,88.4467,6.0,14.0,1012.87,100.0,NOAA/NWS ASOS via IEM Archive (provided source file),0,NORMAL,,,,,,6,6,1,6,Winter,1,0.0,0.0,0.0
2025-01-06 06:30:00,AWS_VECC,Kolkata / Netaji Subhash Chandra Bose Intl,Kolkata,West Bengal,22.6547,88.4467,6.0,14.0,1013.88,100.0,NOAA/NWS ASOS via IEM Archive (provided source file),0,NORMAL,,,,,,6,6,1,6,Winter,1,0.0,1.009999999999991,0.0
2025-01-06 07:00:00,AWS_VECC,Kolkata / Netaji Subhash Chandra Bose Intl,Kolkata,West Bengal,22.6547,88.4467,6.0,14.0,1014.9,100.0,NOAA/NWS ASOS via IEM Archive (provided source file),0,NORMAL,,,,,,7,6,1,6,Winter,1,0.0,1.0199999999999818,0.0
2025-01-06 07:30:00,AWS_VECC,Kolkata / Netaji Subhash Chandra Bose Intl,Kolkata,West Bengal,22.6547,88.4467,6.0,14.0,1014.9,100.0,NOAA/NWS ASOS via IEM Archive (provided source file),0,NORMAL,,,,,,7,6,1,6,Winter,1,0.0,0.0,0.0
2025-01-06 08:00:00,AWS_VECC,Kolkata / Netaji Subhash Chandra Bose Intl,Kolkata,West Bengal,22.6547,88.4467,6.0,14.0,1014.9,100.0,NOAA/NWS ASOS via IEM Archive (provided source file),0,NORMAL,,,,,,8,6,1,6,Winter,1,0.0,0.0,0.0
2025-01-06 08:30:00,AWS_VECC,Kolkata / Netaji Subhash Chandra Bose Intl,Kolkata,West Bengal,22.6547,88.4467,6.0,15.0,1015.92,100.0,NOAA/NWS ASOS via IEM Archive (provided source file),0,NORMAL,,,,,,8,6,1,6,Winter,1,1.0,1.0199999999999818,0.0
2025-01-06 09:00:00,AWS_VECC,Kolkata / Netaji Subhash Chandra Bose Intl,Kolkata,West Bengal,22.6547,88.4467,6.0,16.0,1015.92,100.0,NOAA/NWS ASOS via IEM Archive (provided source file),0,NORMAL,,,,,,9,6,1,6,Winter,1,1.0,0.0,0.0
2025-01-06 09:30:00,AWS_VECC,Kolkata / Netaji Subhash Chandra Bose Intl,Kolkata,West Bengal,22.6547,88.4467,6.0,18.0,1015.92,93.9,NOAA/NWS ASOS via IEM Archive (provided source file),0,NORMAL,,,,,,9,6,1,6,Winter,1,2.0,0.0,-6.099999999999994
2025-01-06 10:00:00,AWS_VECC,Kolkata / Netaji Subhash Chandra Bose Intl,Kolkata,West Bengal,22.6547,88.4467,6.0,20.0,1015.92,77.8,NOAA/NWS ASOS via IEM Archive (provided source file),0,NORMAL,,,,,,10,6,1,6,Winter,1,2.0,0.0,-16.10000000000001
2025-01-06 10:30:00,AWS_VECC,Kolkata / Netaji Subhash Chandra Bose Intl,Kolkata,West Bengal,22.6547,88.4467,6.0,22.0,1014.9,73.3,NOAA/NWS ASOS via IEM Archive (provided source file),0,NORMAL,,,,,,10,6,1,6,Winter,1,2.0,-1.0199999999999818,-4.5
2025-01-06 11:00:00,AWS_VECC,Kolkata / Netaji Subhash Chandra Bose Intl,Kolkata,West Bengal,22.6547,88.4467,6.0,23.0,1014.9,60.7,NOAA/NWS ASOS via IEM Archive (provided source file),0,NORMAL,,,,,,11,6,1,6,Winter,1,1.0,0.0,-12.599999999999994
2025-01-06 11:30:00,AWS_VECC,Kolkata / Netaji Subhash Chandra Bose Intl,Kolkata,West Bengal,22.6547,88.4467,6.0,23.0,1013.88,60.7,NOAA/NWS ASOS via IEM Archive (provided source file),0,NORMAL,,,,,,11,6,1,6,Winter,1,0.0,-1.0199999999999818,0.0
2025-01-06 12:00:00,AWS_VECC,Kolkata / Netaji Subhash Chandra Bose Intl,Kolkata,West Bengal,22.6547,88.4467,6.0,24.0,1012.87,57.1,NOAA/NWS ASOS via IEM Archive (provided source file),0,NORMAL,,,,,,12,6,1,6,Winter,1,1.0,-1.009999999999991,-3.6000000000000014
2025-01-06 12:30:00,AWS_VECC,Kolkata / Netaji Subhash Chandra Bose Intl,Kolkata,West Bengal,22.6547,88.4467,6.0,24.0,1012.87,53.6,NOAA/NWS ASOS via IEM Archive (provided source file),0,NORMAL,,,,,,12,6,1,6,Winter,1,0.0,0.0,-3.5
2025-01-06 13:00:00,AWS_VECC,Kolkata / Netaji Subhash Chandra Bose Intl,Kolkata,West Bengal,22.6547,88.4467,6.0,25.0,1011.85,50.4,NOAA/NWS ASOS via IEM Archive (provided source file),0,NORMAL,,,,,,13,6,1,6,Winter,1,1.0,-1.0199999999999818,-3.200000000000003
2025-01-06 13:30:00,AWS_VECC,Kolkata / Netaji Subhash Chandra Bose Intl,Kolkata,West Bengal,22.6547,88.4467,6.0,25.0,1011.85,50.4,NOAA/NWS ASOS via IEM Archive (provided source file),0,NORMAL,,,,,,13,6,1,6,Winter,1,0.0,0.0,0.0
2025-01-06 14:00:00,AWS_VECC,Kolkata / Netaji Subhash Chandra Bose Intl,Kolkata,West Bengal,22.6547,88.4467,6.0,25.0,1010.84,50.4,NOAA/NWS ASOS via IEM Archive (provided source file),0,NORMAL,,,,,,14,6,1,6,Winter,1,0.0,-1.009999999999991,0.0
2025-01-06 14:30:00,AWS_VECC,Kolkata / Netaji Subhash Chandra Bose Intl,Kolkata,West Bengal,22.6547,88.4467,6.0,25.0,1010.84,47.2,NOAA/NWS ASOS via IEM Archive (provided source file),0,NORMAL,,,,,,14,6,1,6,Winter,1,0.0,0.0,-3.1999999999999957
2025-01-06 15:00:00,AWS_VECC,Kolkata / Netaji Subhash Chandra Bose Intl,Kolkata,West Bengal,22.6547,88.4467,6.0,25.0,1010.84,44.2,NOAA/NWS ASOS via IEM Archive (provided source file),0,NORMAL,,,,,,15,6,1,6,Winter,1,0.0,0.0,-3.0
2025-01-06 15:30:00,AWS_VECC,Kolkata / Netaji Subhash Chandra Bose Intl,Kolkata,West Bengal,22.6547,88.4467,6.0,25.0,1010.84,44.2,NOAA/NWS ASOS via IEM Archive (provided source file),0,NORMAL,,,,,,15,6,1,6,Winter,1,0.0,0.0,0.0
2025-01-06 16:00:00,AWS_VECC,Kolkata / Netaji Subhash Chandra Bose Intl,Kolkata,West Bengal,22.6547,88.4467,6.0,25.0,1010.84,41.4,NOAA/NWS ASOS via IEM Archive (provided source file),0,NORMAL,,,,,,16,6,1,6,Winter,1,0.0,0.0,-2.8000000000000043
2025-01-06 16:30:00,AWS_VECC,Kolkata / Netaji Subhash Chandra Bose Intl,Kolkata,West Bengal,22.6547,88.4467,6.0,25.0,1011.85,41.4,NOAA/NWS ASOS via IEM Archive (provided source file),0,NORMAL,,,,,,16,6,1,6,Winter,1,0.0,1.009999999999991,0.0
2025-01-06 17:00:00,AWS_VECC,Kolkata / Netaji Subhash Chandra Bose Intl,Kolkata,West Bengal,22.6547,88.4467,6.0,24.0,1011.85,47.0,NOAA/NWS ASOS via IEM Archive (provided source file),0,NORMAL,,,,,,17,6,1,6,Winter,1,-1.0,0.0,5.600000000000001
2025-01-06 17:30:00,AWS_VECC,Kolkata / Netaji Subhash Chandra Bose Intl,Kolkata,West Bengal,22.6547,88.4467,6.0,24.0,1011.85,50.2,NOAA/NWS ASOS via IEM Archive (provided source file),0,NORMAL,,,,,,17,6,1,6,Winter,1,0.0,0.0,3.200000000000003
2025-01-06 18:00:00,AWS_VECC,Kolkata / Netaji Subhash Chandra Bose Intl,Kolkata,West Bengal,22.6547,88.4467,6.0,23.0,1011.85,53.3,NOAA/NWS ASOS via IEM Archive (provided source file),0,NORMAL,,,,,,18,6,1,6,Winter,0,-1.0,0.0,3.0999999999999943
2025-01-06 18:30:00,AWS_VECC,Kolkata / Netaji Subhash Chandra Bose Intl,Kolkata,West Bengal,22.6547,88.4467,6.0,23.0,1011.85,56.9,NOAA/NWS ASOS via IEM Archive (provided source file),0,NORMAL,,,,,,18,6,1,6,Winter,0,0.0,0.0,3.6000000000000014
2025-01-06 19:00:00,AWS_VECC,Kolkata / Netaji Subhash Chandra Bose Intl,Kolkata,West Bengal,22.6547,88.4467,6.0,21.0,1012.87,64.3,NOAA/NWS ASOS via IEM Archive (provided source file),0,NORMAL,,,,,,19,6,1,6,Winter,0,-2.0,1.0199999999999818,7.399999999999999
2025-01-06 19:30:00,AWS_VECC,Kolkata / Netaji Subhash Chandra Bose Intl,Kolkata,West Bengal,22.6547,88.4467,6.0,20.0,1012.87,68.4,NOAA/NWS ASOS via IEM Archive (provided source file),0,NORMAL,,,,,,19,6,1,6,Winter,0,-1.0,0.0,4.1000000000000085
2025-01-06 20:00:00,AWS_VECC,Kolkata / Netaji Subhash Chandra Bose Intl,Kolkata,West Bengal,22.6547,88.4467,6.0,20.0,1012.87,68.4,NOAA/NWS ASOS via IEM Archive (provided source file),0,NORMAL,,,,,,20,6,1,6,Winter,0,0.0,0.0,0.0
2025-01-06 20:30:00,AWS_VECC,Kolkata / Netaji Subhash Chandra Bose Intl,Kolkata,West Bengal,22.6547,88.4467,6.0,20.0,1012.87,68.4,NOAA/NWS ASOS via IEM Archive (provided source file),0,NORMAL,,,,,,20,6,1,6,Winter,0,0.0,0.0,0.0
2025-01-06 21:00:00,AWS_VECC,Kolkata / Netaji Subhash Chandra Bose Intl,Kolkata,West Bengal,22.6547,88.4467,6.0,20.0,1012.87,68.4,NOAA/NWS ASOS via IEM Archive (provided source file),0,NORMAL,,,,,,21,6,1,6,Winter,0,0.0,0.0,0.0
2025-01-06 21:30:00,AWS_VECC,Kolkata / Netaji Subhash Chandra Bose Intl,Kolkata,West Bengal,22.6547,88.4467,6.0,19.0,1012.87,72.7,NOAA/NWS ASOS via IEM Archive (provided source file),0,NORMAL,,,,,,21,6,1,6,Winter,0,-1.0,0.0,4.299999999999997
2025-01-06 22:00:00,AWS_VECC,Kolkata / Netaji Subhash Chandra Bose Intl,Kolkata,West Bengal,22.6547,88.4467,6.0,19.0,1012.87,72.7,NOAA/NWS ASOS via IEM Archive (provided source file),0,NORMAL,,,,,,22,6,1,6,Winter,0,0.0,0.0,0.0
2025-01-06 22:30:00,AWS_VECC,Kolkata / Netaji Subhash Chandra Bose Intl,Kolkata,West Bengal,22.6547,88.4467,6.0,19.0,1012.87,72.7,NOAA/NWS ASOS via IEM Archive (provided source file),0,NORMAL,,,,,,22,6,1,6,Winter,0,0.0,0.0,0.0
2025-01-06 23:00:00,AWS_VECC,Kolkata / Netaji Subhash Chandra Bose Intl,Kolkata,West Bengal,22.6547,88.4467,6.0,19.0,1012.87,72.7,NOAA/NWS ASOS via IEM Archive (provided source file),0,NORMAL,,,,,,23,6,1,6,Winter,0,0.0,0.0,0.0
2025-01-06 23:30:00,AWS_VECC,Kolkata / Netaji Subhash Chandra Bose Intl,Kolkata,West Bengal,22.6547,88.4467,6.0,18.0,1012.87,72.6,NOAA/NWS ASOS via IEM Archive (provided source file),0,NORMAL,,,,,,23,6,1,6,Winter,0,-1.0,0.0,-0.10000000000000853
2025-01-01 00:00:00,AWS_VIDP,New Delhi / Indira Gandhi Intl,Delhi,Delhi,28.5667,77.1167,233.0,10.0,1019.98,93.5,NOAA/NWS ASOS via IEM Archive (provided source file),0,NORMAL,,,,,,0,1,1,1,Winter,0,,,
2025-01-01 00:30:00,AWS_VIDP,New Delhi / Indira Gandhi Intl,Delhi,Delhi,28.5667,77.1167,233.0,10.0,1019.98,93.5,NOAA/NWS ASOS via IEM Archive (provided source file),0,NORMAL,,,,,,0,1,1,1,Winter,0,0.0,0.0,0.0
2025-01-01 01:00:00,AWS_VIDP,New Delhi / Indira Gandhi Intl,Delhi,Delhi,28.5667,77.1167,233.0,10.0,1018.96,93.5,NOAA/NWS ASOS via IEM Archive (provided source file),0,NORMAL,,,,,,1,1,1,1,Winter,0,0.0,-1.0199999999999818,0.0
2025-01-01 01:30:00,AWS_VIDP,New Delhi / Indira Gandhi Intl,Delhi,Delhi,28.5667,77.1167,233.0,9.0,1018.96,93.4,NOAA/NWS ASOS via IEM Archive (provided source file),0,NORMAL,,,,,,1,1,1,1,Winter,0,-1.0,0.0,-0.09999999999999432
2025-01-01 02:00:00,AWS_VIDP,New Delhi / Indira Gandhi Intl,Delhi,Delhi,28.5667,77.1167,233.0,9.0,1018.96,93.4,NOAA/NWS ASOS via IEM Archive (provided source file),0,NORMAL,,,,,,2,1,1,1,Winter,0,0.0,0.0,0.0
2025-01-01 02:30:00,AWS_VIDP,New Delhi / Indira Gandhi Intl,Delhi,Delhi,28.5667,77.1167,233.0,9.0,1018.96,93.4,NOAA/NWS ASOS via IEM Archive (provided source file),0,NORMAL,,,,,,2,1,1,1,Winter,0,0.0,0.0,0.0
2025-01-01 03:00:00,AWS_VIDP,New Delhi / Indira Gandhi Intl,Delhi,Delhi,28.5667,77.1167,233.0,9.0,1018.96,93.4,NOAA/NWS ASOS via IEM Archive (provided source file),0,NORMAL,,,,,,3,1,1,1,Winter,0,0.0,0.0,0.0
2025-01-01 03:30:00,AWS_VIDP,New Delhi / Indira Gandhi Intl,Delhi,Delhi,28.5667,77.1167,233.0,9.0,1018.96,93.4,NOAA/NWS ASOS via IEM Archive (provided source file),0,NORMAL,,,,,,3,1,1,1,Winter,0,0.0,0.0,0.0
2025-01-01 04:00:00,AWS_VIDP,New Delhi / Indira Gandhi Intl,Delhi,Delhi,28.5667,77.1167,233.0,9.0,1017.95,93.4,NOAA/NWS ASOS via IEM Archive (provided source file),0,NORMAL,,,,,,4,1,1,1,Winter,0,0.0,-1.009999999999991,0.0
2025-01-01 04:30:00,AWS_VIDP,New Delhi / Indira Gandhi Intl,Delhi,Delhi,28.5667,77.1167,233.0,9.0,1018.96,93.4,NOAA/NWS ASOS via IEM Archive (provided source file),0,NORMAL,,,,,,4,1,1,1,Winter,0,0.0,1.009999999999991,0.0
2025-01-01 05:00:00,AWS_VIDP,New Delhi / Indira Gandhi Intl,Delhi,Delhi,28.5667,77.1167,233.0,8.0,1018.96,100.0,NOAA/NWS ASOS via IEM Archive (provided source file),0,NORMAL,,,,,,5,1,1,1,Winter,0,-1.0,0.0,6.599999999999994
2025-01-01 05:30:00,AWS_VIDP,New Delhi / Indira Gandhi Intl,Delhi,Delhi,28.5667,77.1167,233.0,8.0,1018.96,100.0,NOAA/NWS ASOS via IEM Archive (provided source file),0,NORMAL,,,,,,5,1,1,1,Winter,0,0.0,0.0,0.0
2025-01-01 06:00:00,AWS_VIDP,New Delhi / Indira Gandhi Intl,Delhi,Delhi,28.5667,77.1167,233.0,8.0,1018.96,100.0,NOAA/NWS ASOS via IEM Archive (provided source file),0,NORMAL,,,,,,6,1,1,1,Winter,1,0.0,0.0,0.0
2025-01-01 06:30:00,AWS_VIDP,New Delhi / Indira Gandhi Intl,Delhi,Delhi,28.5667,77.1167,233.0,8.0,1018.96,100.0,NOAA/NWS ASOS via IEM Archive (provided source file),0,NORMAL,,,,,,6,1,1,1,Winter,1,0.0,0.0,0.0
2025-01-01 07:00:00,AWS_VIDP,New Delhi / Indira Gandhi Intl,Delhi,Delhi,28.5667,77.1167,233.0,8.0,1018.96,100.0,NOAA/NWS ASOS via IEM Archive (provided source file),0,NORMAL,,,,,,7,1,1,1,Winter,1,0.0,0.0,0.0
2025-01-01 07:30:00,AWS_VIDP,New Delhi / Indira Gandhi Intl,Delhi,Delhi,28.5667,77.1167,233.0,8.0,1018.96,100.0,NOAA/NWS ASOS via IEM Archive (provided source file),0,NORMAL,,,,,,7,1,1,1,Winter,1,0.0,0.0,0.0
2025-01-01 08:00:00,AWS_VIDP,New Delhi / Indira Gandhi Intl,Delhi,Delhi,28.5667,77.1167,233.0,8.0,1019.98,100.0,NOAA/NWS ASOS via IEM Archive (provided source file),0,NORMAL,,,,,,8,1,1,1,Winter,1,0.0,1.0199999999999818,0.0
2025-01-01 08:30:00,AWS_VIDP,New Delhi / Indira Gandhi Intl,Delhi,Delhi,28.5667,77.1167,233.0,9.0,1019.98,93.4,NOAA/NWS ASOS via IEM Archive (provided source file),0,NORMAL,,,,,,8,1,1,1,Winter,1,1.0,0.0,-6.599999999999994
2025-01-01 09:00:00,AWS_VIDP,New Delhi / Indira Gandhi Intl,Delhi,Delhi,28.5667,77.1167,233.0,9.0,1019.98,93.4,NOAA/NWS ASOS via IEM Archive (provided source file),0,NORMAL,,,,,,9,1,1,1,Winter,1,0.0,0.0,0.0
2025-01-01 09:30:00,AWS_VIDP,New Delhi / Indira Gandhi Intl,Delhi,Delhi,28.5667,77.1167,233.0,9.0,1019.98,93.4,NOAA/NWS ASOS via IEM Archive (provided source file),0,NORMAL,,,,,,9,1,1,1,Winter,1,0.0,0.0,0.0
2025-01-01 10:00:00,AWS_VIDP,New Delhi / Indira Gandhi Intl,Delhi,Delhi,28.5667,77.1167,233.0,9.0,1021.0,93.4,NOAA/NWS ASOS via IEM Archive (provided source file),0,NORMAL,,,,,,10,1,1,1,Winter,1,0.0,1.0199999999999818,0.0
2025-01-01 10:30:00,AWS_VIDP,New Delhi / Indira Gandhi Intl,Delhi,Delhi,28.5667,77.1167,233.0,10.0,1021.0,87.4,NOAA/NWS ASOS via IEM Archive (provided source file),0,NORMAL,,,,,,10,1,1,1,Winter,1,1.0,0.0,-6.0
2025-01-01 11:00:00,AWS_VIDP,New Delhi / Indira Gandhi Intl,Delhi,Delhi,28.5667,77.1167,233.0,11.0,1021.0,81.7,NOAA/NWS ASOS via IEM Archive (provided source file),0,NORMAL,,,,,,11,1,1,1,Winter,1,1.0,0.0,-5.700000000000003
2025-01-01 11:30:00,AWS_VIDP,New Delhi / Indira Gandhi Intl,Delhi,Delhi,28.5667,77.1167,233.0,11.0,1021.0,87.5,NOAA/NWS ASOS via IEM Archive (provided source file),0,NORMAL,,,,,,11,1,1,1,Winter,1,0.0,0.0,5.799999999999997
2025-01-01 12:00:00,AWS_VIDP,New Delhi / Indira Gandhi Intl,Delhi,Delhi,28.5667,77.1167,233.0,12.0,1019.98,93.6,NOAA/NWS ASOS via IEM Archive (provided source file),0,NORMAL,,,,,,12,1,1,1,Winter,1,1.0,-1.0199999999999818,6.099999999999994
2025-01-01 12:30:00,AWS_VIDP,New Delhi / Indira Gandhi Intl,Delhi,Delhi,28.5667,77.1167,233.0,12.0,1019.98,93.6,NOAA/NWS ASOS via IEM Archive (provided source file),0,NORMAL,,,,,,12,1,1,1,Winter,1,0.0,0.0,0.0
2025-01-01 13:00:00,AWS_VIDP,New Delhi / Indira Gandhi Intl,Delhi,Delhi,28.5667,77.1167,233.0,12.0,1018.96,93.6,NOAA/NWS ASOS via IEM Archive (provided source file),0,NORMAL,,,,,,13,1,1,1,Winter,1,0.0,-1.0199999999999818,0.0
2025-01-01 13:30:00,AWS_VIDP,New Delhi / Indira Gandhi Intl,Delhi,Delhi,28.5667,77.1167,233.0,12.0,1017.95,87.6,NOAA/NWS ASOS via IEM Archive (provided source file),0,NORMAL,,,,,,13,1,1,1,Winter,1,0.0,-1.009999999999991,-6.0
2025-01-01 14:00:00,AWS_VIDP,New Delhi / Indira Gandhi Intl,Delhi,Delhi,28.5667,77.1167,233.0,12.0,1017.95,87.6,NOAA/NWS ASOS via IEM Archive (provided source file),0,NORMAL,,,,,,14,1,1,1,Winter,1,0.0,0.0,0.0
2025-01-01 14:30:00,AWS_VIDP,New Delhi / Indira Gandhi Intl,Delhi,Delhi,28.5667,77.1167,233.0,13.0,1017.95,82.0,NOAA/NWS ASOS via IEM Archive (provided source file),0,NORMAL,,,,,,14,1,1,1,Winter,1,1.0,0.0,-5.599999999999994
2025-01-01 15:00:00,AWS_VIDP,New Delhi / Indira Gandhi Intl,Delhi,Delhi,28.5667,77.1167,233.0,13.0,1017.95,82.0,NOAA/NWS ASOS via IEM Archive (provided source file),0,NORMAL,,,,,,15,1,1,1,Winter,1,0.0,0.0,0.0
2025-01-01 15:30:00,AWS_VIDP,New Delhi / Indira Gandhi Intl,Delhi,Delhi,28.5667,77.1167,233.0,13.0,1017.95,82.0,NOAA/NWS ASOS via IEM Archive (provided source file),0,NORMAL,,,,,,15,1,1,1,Winter,1,0.0,0.0,0.0
2025-01-01 16:00:00,AWS_VIDP,New Delhi / Indira Gandhi Intl,Delhi,Delhi,28.5667,77.1167,233.0,13.0,1017.95,76.7,NOAA/NWS ASOS via IEM Archive (provided source file),0,NORMAL,,,,,,16,1,1,1,Winter,1,0.0,0.0,-5.299999999999997
2025-01-01 16:30:00,AWS_VIDP,New Delhi / Indira Gandhi Intl,Delhi,Delhi,28.5667,77.1167,233.0,13.0,1016.93,82.0,NOAA/NWS ASOS via IEM Archive (provided source file),0,NORMAL,,,,,,16,1,1,1,Winter,1,0.0,-1.0200000000000955,5.299999999999997
2025-01-01 17:00:00,AWS_VIDP,New Delhi / Indira Gandhi Intl,Delhi,Delhi,28.5667,77.1167,233.0,13.0,1016.93,76.7,NOAA/NWS ASOS via IEM Archive (provided source file),0,NORMAL,,,,,,17,1,1,1,Winter,1,0.0,0.0,-5.299999999999997
2025-01-01 17:30:00,AWS_VIDP,New Delhi / Indira Gandhi Intl,Delhi,Delhi,28.5667,77.1167,233.0,12.0,1017.95,87.6,NOAA/NWS ASOS via IEM Archive (provided source file),0,NORMAL,,,,,,17,1,1,1,Winter,1,-1.0,1.0200000000000955,10.899999999999991
2025-01-01 18:00:00,AWS_VIDP,New Delhi / Indira Gandhi Intl,Delhi,Delhi,28.5667,77.1167,233.0,11.0,1017.95,87.5,NOAA/NWS ASOS via IEM Archive (provided source file),0,NORMAL,,,,,,18,1,1,1,Winter,0,-1.0,0.0,-0.09999999999999432
2025-01-01 18:30:00,AWS_VIDP,New Delhi / Indira Gandhi Intl,Delhi,Delhi,28.5667,77.1167,233.0,11.0,1017.95,93.6,NOAA/NWS ASOS via IEM Archive (provided source file),0,NORMAL,,,,,,18,1,1,1,Winter,0,0.0,0.0,6.099999999999994
2025-01-01 19:00:00,AWS_VIDP,New Delhi / Indira Gandhi Intl,Delhi,Delhi,28.5667,77.1167,233.0,11.0,1017.95,93.6,NOAA/NWS ASOS via IEM Archive (provided source file),0,NORMAL,,,,,,19,1,1,1,Winter,0,0.0,0.0,0.0
2025-01-01 19:30:00,AWS_VIDP,New Delhi / Indira Gandhi Intl,Delhi,Delhi,28.5667,77.1167,233.0,11.0,1017.95,93.6,NOAA/NWS ASOS via IEM Archive (provided source file),0,NORMAL,,,,,,19,1,1,1,Winter,0,0.0,0.0,0.0
2025-01-01 20:00:00,AWS_VIDP,New Delhi / Indira Gandhi Intl,Delhi,Delhi,28.5667,77.1167,233.0,10.0,1018.96,93.5,NOAA/NWS ASOS via IEM Archive (provided source file),0,NORMAL,,,,,,20,1,1,1,Winter,0,-1.0,1.009999999999991,-0.09999999999999432
2025-01-01 20:30:00,AWS_VIDP,New Delhi / Indira Gandhi Intl,Delhi,Delhi,28.5667,77.1167,233.0,10.0,1018.96,93.5,NOAA/NWS ASOS via IEM Archive (provided source file),0,NORMAL,,,,,,20,1,1,1,Winter,0,0.0,0.0,0.0
2025-01-01 21:00:00,AWS_VIDP,New Delhi / Indira Gandhi Intl,Delhi,Delhi,28.5667,77.1167,233.0,10.0,1018.96,93.5,NOAA/NWS ASOS via IEM Archive (provided source file),0,NORMAL,,,,,,21,1,1,1,Winter,0,0.0,0.0,0.0
2025-01-01 21:30:00,AWS_VIDP,New Delhi / Indira Gandhi Intl,Delhi,Delhi,28.5667,77.1167,233.0,10.0,1018.96,93.5,NOAA/NWS ASOS via IEM Archive (provided source file),0,NORMAL,,,,,,21,1,1,1,Winter,0,0.0,0.0,0.0
2025-01-01 22:00:00,AWS_VIDP,New Delhi / Indira Gandhi Intl,Delhi,Delhi,28.5667,77.1167,233.0,10.0,1018.96,93.5,NOAA/NWS ASOS via IEM Archive (provided source file),0,NORMAL,,,,,,22,1,1,1,Winter,0,0.0,0.0,0.0
2025-01-01 22:30:00,AWS_VIDP,New Delhi / Indira Gandhi Intl,Delhi,Delhi,28.5667,77.1167,233.0,10.0,1018.96,93.5,NOAA/NWS ASOS via IEM Archive (provided source file),0,NORMAL,,,,,,22,1,1,1,Winter,0,0.0,0.0,0.0
2025-01-01 23:00:00,AWS_VIDP,New Delhi / Indira Gandhi Intl,Delhi,Delhi,28.5667,77.1167,233.0,10.0,1018.96,93.5,NOAA/NWS ASOS via IEM Archive (provided source file),0,NORMAL,,,,,,23,1,1,1,Winter,0,0.0,0.0,0.0
2025-01-01 23:30:00,AWS_VIDP,New Delhi / Indira Gandhi Intl,Delhi,Delhi,28.5667,77.1167,233.0,10.0,1018.96,93.5,NOAA/NWS ASOS via IEM Archive (provided source file),0,NORMAL,,,,,,23,1,1,1,Winter,0,0.0,0.0,0.0
2025-01-02 00:00:00,AWS_VIDP,New Delhi / Indira Gandhi Intl,Delhi,Delhi,28.5667,77.1167,233.0,9.0,1017.95,93.4,NOAA/NWS ASOS via IEM Archive (provided source file),0,NORMAL,,,,,,0,2,1,2,Winter,0,-1.0,-1.009999999999991,-0.09999999999999432
2025-01-02 00:30:00,AWS_VIDP,New Delhi / Indira Gandhi Intl,Delhi,Delhi,28.5667,77.1167,233.0,9.0,1017.95,93.4,NOAA/NWS ASOS via IEM Archive (provided source file),0,NORMAL,,,,,,0,2,1,2,Winter,0,0.0,0.0,0.0
2025-01-02 01:00:00,AWS_VIDP,New Delhi / Indira Gandhi Intl,Delhi,Delhi,28.5667,77.1167,233.0,9.0,1017.95,93.4,NOAA/NWS ASOS via IEM Archive (provided source file),0,NORMAL,,,,,,1,2,1,2,Winter,0,0.0,0.0,0.0
2025-01-02 01:30:00,AWS_VIDP,New Delhi / Indira Gandhi Intl,Delhi,Delhi,28.5667,77.1167,233.0,9.0,1017.95,93.4,NOAA/NWS ASOS via IEM Archive (provided source file),0,NORMAL,,,,,,1,2,1,2,Winter,0,0.0,0.0,0.0
2025-01-02 02:00:00,AWS_VIDP,New Delhi / Indira Gandhi Intl,Delhi,Delhi,28.5667,77.1167,233.0,9.0,1017.95,93.4,NOAA/NWS ASOS via IEM Archive (provided source file),0,NORMAL,,,,,,2,2,1,2,Winter,0,0.0,0.0,0.0
2025-01-02 02:30:00,AWS_VIDP,New Delhi / Indira Gandhi Intl,Delhi,Delhi,28.5667,77.1167,233.0,9.0,1016.93,100.0,NOAA/NWS ASOS via IEM Archive (provided source file),0,NORMAL,,,,,,2,2,1,2,Winter,0,0.0,-1.0200000000000955,6.599999999999994
2025-01-02 03:00:00,AWS_VIDP,New Delhi / Indira Gandhi Intl,Delhi,Delhi,28.5667,77.1167,233.0,9.0,1016.93,100.0,NOAA/NWS ASOS via IEM Archive (provided source file),0,NORMAL,,,,,,3,2,1,2,Winter,0,0.0,0.0,0.0
2025-01-02 03:30:00,AWS_VIDP,New Delhi / Indira Gandhi Intl,Delhi,Delhi,28.5667,77.1167,233.0,9.0,1016.93,100.0,NOAA/NWS ASOS via IEM Archive (provided source file),0,NORMAL,,,,,,3,2,1,2,Winter,0,0.0,0.0,0.0
2025-01-02 04:00:00,AWS_VIDP,New Delhi / Indira Gandhi Intl,Delhi,Delhi,28.5667,77.1167,233.0,9.0,1016.93,100.0,NOAA/NWS ASOS via IEM Archive (provided source file),0,NORMAL,,,,,,4,2,1,2,Winter,0,0.0,0.0,0.0
2025-01-02 04:30:00,AWS_VIDP,New Delhi / Indira Gandhi Intl,Delhi,Delhi,28.5667,77.1167,233.0,9.0,1016.93,100.0,NOAA/NWS ASOS via IEM Archive (provided source file),0,NORMAL,,,,,,4,2,1,2,Winter,0,0.0,0.0,0.0
2025-01-02 05:00:00,AWS_VIDP,New Delhi / Indira Gandhi Intl,Delhi,Delhi,28.5667,77.1167,233.0,9.0,1016.93,93.4,NOAA/NWS ASOS via IEM Archive (provided source file),0,NORMAL,,,,,,5,2,1,2,Winter,0,0.0,0.0,-6.599999999999994
2025-01-02 05:30:00,AWS_VIDP,New Delhi / Indira Gandhi Intl,Delhi,Delhi,28.5667,77.1167,233.0,9.0,1016.93,93.4,NOAA/NWS ASOS via IEM Archive (provided source file),0,NORMAL,,,,,,5,2,1,2,Winter,0,0.0,0.0,0.0
2025-01-02 06:00:00,AWS_VIDP,New Delhi / Indira Gandhi Intl,Delhi,Delhi,28.5667,77.1167,233.0,8.0,1016.93,100.0,NOAA/NWS ASOS via IEM Archive (provided source file),0,NORMAL,,,,,,6,2,1,2,Winter,1,-1.0,0.0,6.599999999999994
2025-01-02 06:30:00,AWS_VIDP,New Delhi / Indira Gandhi Intl,Delhi,Delhi,28.5667,77.1167,233.0,8.0,1016.93,100.0,NOAA/NWS ASOS via IEM Archive (provided source file),0,NORMAL,,,,,,6,2,1,2,Winter,1,0.0,0.0,0.0
2025-01-02 07:00:00,AWS_VIDP,New Delhi / Indira Gandhi Intl,Delhi,Delhi,28.5667,77.1167,233.0,8.0,1017.95,100.0,NOAA/NWS ASOS via IEM Archive (provided source file),0,NORMAL,,,,,,7,2,1,2,Winter,1,0.0,1.0200000000000955,0.0
2025-01-02 07:30:00,AWS_VIDP,New Delhi / Indira Gandhi Intl,Delhi,Delhi,28.5667,77.1167,233.0,8.0,1017.95,100.0,NOAA/NWS ASOS via IEM Archive (provided source file),0,NORMAL,,,,,,7,2,1,2,Winter,1,0.0,0.0,0.0
2025-01-02 08:00:00,AWS_VIDP,New Delhi / Indira Gandhi Intl,Delhi,Delhi,28.5667,77.1167,233.0,8.0,1017.95,100.0,NOAA/NWS ASOS via IEM Archive (provided source file),0,NORMAL,,,,,,8,2,1,2,Winter,1,0.0,0.0,0.0
2025-01-02 08:30:00,AWS_VIDP,New Delhi / Indira Gandhi Intl,Delhi,Delhi,28.5667,77.1167,233.0,8.0,1018.96,100.0,NOAA/NWS ASOS via IEM Archive (provided source file),0,NORMAL,,,,,,8,2,1,2,Winter,1,0.0,1.009999999999991,0.0
2025-01-02 09:00:00,AWS_VIDP,New Delhi / Indira Gandhi Intl,Delhi,Delhi,28.5667,77.1167,233.0,9.0,1018.96,93.4,NOAA/NWS ASOS via IEM Archive (provided source file),0,NORMAL,,,,,,9,2,1,2,Winter,1,1.0,0.0,-6.599999999999994
2025-01-02 09:30:00,AWS_VIDP,New Delhi / Indira Gandhi Intl,Delhi,Delhi,28.5667,77.1167,233.0,9.0,1019.98,93.4,NOAA/NWS ASOS via IEM Archive (provided source file),0,NORMAL,,,,,,9,2,1,2,Winter,1,0.0,1.0199999999999818,0.0
2025-01-02 10:00:00,AWS_VIDP,New Delhi / Indira Gandhi Intl,Delhi,Delhi,28.5667,77.1167,233.0,9.0,1019.98,93.4,NOAA/NWS ASOS via IEM Archive (provided source file),0,NORMAL,,,,,,10,2,1,2,Winter,1,0.0,0.0,0.0
2025-01-02 10:30:00,AWS_VIDP,New Delhi / Indira Gandhi Intl,Delhi,Delhi,28.5667,77.1167,233.0,10.0,1019.98,87.4,NOAA/NWS ASOS via IEM Archive (provided source file),0,NORMAL,,,,,,10,2,1,2,Winter,1,1.0,0.0,-6.0
2025-01-02 11:00:00,AWS_VIDP,New Delhi / Indira Gandhi Intl,Delhi,Delhi,28.5667,77.1167,233.0,10.0,1019.98,87.4,NOAA/NWS ASOS via IEM Archive (provided source file),0,NORMAL,,,,,,11,2,1,2,Winter,1,0.0,0.0,0.0
2025-01-02 11:30:00,AWS_VIDP,New Delhi / Indira Gandhi Intl,Delhi,Delhi,28.5667,77.1167,233.0,10.0,1019.98,87.4,NOAA/NWS ASOS via IEM Archive (provided source file),0,NORMAL,,,,,,11,2,1,2,Winter,1,0.0,0.0,0.0
2025-01-02 12:00:00,AWS_VIDP,New Delhi / Indira Gandhi Intl,Delhi,Delhi,28.5667,77.1167,233.0,11.0,1019.98,81.7,NOAA/NWS ASOS via IEM Archive (provided source file),0,NORMAL,,,,,,12,2,1,2,Winter,1,1.0,0.0,-5.700000000000003
2025-01-02 12:30:00,AWS_VIDP,New Delhi / Indira Gandhi Intl,Delhi,Delhi,28.5667,77.1167,233.0,11.0,1019.98,81.7,NOAA/NWS ASOS via IEM Archive (provided source file),0,NORMAL,,,,,,12,2,1,2,Winter,1,0.0,0.0,0.0
2025-01-02 13:00:00,AWS_VIDP,New Delhi / Indira Gandhi Intl,Delhi,Delhi,28.5667,77.1167,233.0,11.0,1018.96,81.7,NOAA/NWS ASOS via IEM Archive (provided source file),0,NORMAL,,,,,,13,2,1,2,Winter,1,0.0,-1.0199999999999818,0.0
2025-01-02 13:30:00,AWS_VIDP,New Delhi / Indira Gandhi Intl,Delhi,Delhi,28.5667,77.1167,233.0,12.0,1018.96,76.5,NOAA/NWS ASOS via IEM Archive (provided source file),0,NORMAL,,,,,,13,2,1,2,Winter,1,1.0,0.0,-5.200000000000003
2025-01-02 14:00:00,AWS_VIDP,New Delhi / Indira Gandhi Intl,Delhi,Delhi,28.5667,77.1167,233.0,12.0,1017.95,76.5,NOAA/NWS ASOS via IEM Archive (provided source file),0,NORMAL,,,,,,14,2,1,2,Winter,1,0.0,-1.009999999999991,0.0
2025-01-02 14:30:00,AWS_VIDP,New Delhi / Indira Gandhi Intl,Delhi,Delhi,28.5667,77.1167,233.0,13.0,1017.95,76.7,NOAA/NWS ASOS via IEM Archive (provided source file),0,NORMAL,,,,,,14,2,1,2,Winter,1,1.0,0.0,0.20000000000000284
2025-01-02 15:00:00,AWS_VIDP,New Delhi / Indira Gandhi Intl,Delhi,Delhi,28.5667,77.1167,233.0,13.0,1017.95,76.7,NOAA/NWS ASOS via IEM Archive (provided source file),0,NORMAL,,,,,,15,2,1,2,Winter,1,0.0,0.0,0.0
2025-01-02 15:30:00,AWS_VIDP,New Delhi / Indira Gandhi Intl,Delhi,Delhi,28.5667,77.1167,233.0,13.0,1017.95,76.7,NOAA/NWS ASOS via IEM Archive (provided source file),0,NORMAL,,,,,,15,2,1,2,Winter,1,0.0,0.0,0.0
2025-01-02 16:00:00,AWS_VIDP,New Delhi / Indira Gandhi Intl,Delhi,Delhi,28.5667,77.1167,233.0,14.0,1016.93,76.8,NOAA/NWS ASOS via IEM Archive (provided source file),0,NORMAL,,,,,,16,2,1,2,Winter,1,1.0,-1.0200000000000955,0.09999999999999432
2025-01-02 16:30:00,AWS_VIDP,New Delhi / Indira Gandhi Intl,Delhi,Delhi,28.5667,77.1167,233.0,14.0,1016.93,76.8,NOAA/NWS ASOS via IEM Archive (provided source file),0,NORMAL,,,,,,16,2,1,2,Winter,1,0.0,0.0,0.0
2025-01-02 17:00:00,AWS_VIDP,New Delhi / Indira Gandhi Intl,Delhi,Delhi,28.5667,77.1167,233.0,14.0,1016.93,82.1,NOAA/NWS ASOS via IEM Archive (provided source file),0,NORMAL,,,,,,17,2,1,2,Winter,1,0.0,0.0,5.299999999999997
2025-01-02 17:30:00,AWS_VIDP,New Delhi / Indira Gandhi Intl,Delhi,Delhi,28.5667,77.1167,233.0,13.0,1016.93,87.6,NOAA/NWS ASOS via IEM Archive (provided source file),0,NORMAL,,,,,,17,2,1,2,Winter,1,-1.0,0.0,5.5
2025-01-02 18:00:00,AWS_VIDP,New Delhi / Indira Gandhi Intl,Delhi,Delhi,28.5667,77.1167,233.0,12.0,1016.93,87.6,NOAA/NWS ASOS via IEM Archive (provided source file),0,NORMAL,,,,,,18,2,1,2,Winter,0,-1.0,0.0,0.0
2025-01-02 18:30:00,AWS_VIDP,New Delhi / Indira Gandhi Intl,Delhi,Delhi,28.5667,77.1167,233.0,11.0,1017.95,93.6,NOAA/NWS ASOS via IEM Archive (provided source file),0,NORMAL,,,,,,18,2,1,2,Winter,0,-1.0,1.0200000000000955,6.0
2025-01-02 19:00:00,AWS_VIDP,New Delhi / Indira Gandhi Intl,Delhi,Delhi,28.5667,77.1167,233.0,11.0,1017.95,93.6,NOAA/NWS ASOS via IEM Archive (provided source file),0,NORMAL,,,,,,19,2,1,2,Winter,0,0.0,0.0,0.0
2025-01-02 19:30:00,AWS_VIDP,New Delhi / Indira Gandhi Intl,Delhi,Delhi,28.5667,77.1167,233.0,11.0,1017.95,93.6,NOAA/NWS ASOS via IEM Archive (provided source file),0,NORMAL,,,,,,19,2,1,2,Winter,0,0.0,0.0,0.0
2025-01-02 20:00:00,AWS_VIDP,New Delhi / Indira Gandhi Intl,Delhi,Delhi,28.5667,77.1167,233.0,11.0,1017.95,93.6,NOAA/NWS ASOS via IEM Archive (provided source file),0,NORMAL,,,,,,20,2,1,2,Winter,0,0.0,0.0,0.0
2025-01-02 20:30:00,AWS_VIDP,New Delhi / Indira Gandhi Intl,Delhi,Delhi,28.5667,77.1167,233.0,11.0,1017.95,93.6,NOAA/NWS ASOS via IEM Archive (provided source file),0,NORMAL,,,,,,20,2,1,2,Winter,0,0.0,0.0,0.0
2025-01-02 21:00:00,AWS_VIDP,New Delhi / Indira Gandhi Intl,Delhi,Delhi,28.5667,77.1167,233.0,10.0,1018.96,100.0,NOAA/NWS ASOS via IEM Archive (provided source file),0,NORMAL,,,,,,21,2,1,2,Winter,0,-1.0,1.009999999999991,6.400000000000006
2025-01-02 21:30:00,AWS_VIDP,New Delhi / Indira Gandhi Intl,Delhi,Delhi,28.5667,77.1167,233.0,10.0,1018.96,100.0,NOAA/NWS ASOS via IEM Archive (provided source file),0,NORMAL,,,,,,21,2,1,2,Winter,0,0.0,0.0,0.0
2025-01-02 22:00:00,AWS_VIDP,New Delhi / Indira Gandhi Intl,Delhi,Delhi,28.5667,77.1167,233.0,9.0,1018.96,100.0,NOAA/NWS ASOS via IEM Archive (provided source file),0,NORMAL,,,,,,22,2,1,2,Winter,0,-1.0,0.0,0.0
2025-01-02 22:30:00,AWS_VIDP,New Delhi / Indira Gandhi Intl,Delhi,Delhi,28.5667,77.1167,233.0,9.0,1018.96,100.0,NOAA/NWS ASOS via IEM Archive (provided source file),0,NORMAL,,,,,,22,2,1,2,Winter,0,0.0,0.0,0.0
2025-01-02 23:00:00,AWS_VIDP,New Delhi / Indira Gandhi Intl,Delhi,Delhi,28.5667,77.1167,233.0,9.0,1018.96,100.0,NOAA/NWS ASOS via IEM Archive (provided source file),0,NORMAL,,,,,,23,2,1,2,Winter,0,0.0,0.0,0.0
2025-01-02 23:30:00,AWS_VIDP,New Delhi / Indira Gandhi Intl,Delhi,Delhi,28.5667,77.1167,233.0,10.0,1018.96,93.5,NOAA/NWS ASOS via IEM Archive (provided source file),0,NORMAL,,,,,,23,2,1,2,Winter,0,1.0,0.0,-6.5
2025-01-03 00:00:00,AWS_VIDP,New Delhi / Indira Gandhi Intl,Delhi,Delhi,28.5667,77.1167,233.0,10.0,1017.95,93.5,NOAA/NWS ASOS via IEM Archive (provided source file),0,NORMAL,,,,,,0,3,1,3,Winter,0,0.0,-1.009999999999991,0.0
2025-01-03 00:30:00,AWS_VIDP,New Delhi / Indira Gandhi Intl,Delhi,Delhi,28.5667,77.1167,233.0,9.0,1017.95,100.0,NOAA/NWS ASOS via IEM Archive (provided source file),0,NORMAL,,,,,,0,3,1,3,Winter,0,-1.0,0.0,6.5
2025-01-03 01:00:00,AWS_VIDP,New Delhi / Indira Gandhi Intl,Delhi,Delhi,28.5667,77.1167,233.0,9.0,1017.95,100.0,NOAA/NWS ASOS via IEM Archive (provided source file),0,NORMAL,,,,,,1,3,1,3,Winter,0,0.0,0.0,0.0
2025-01-03 01:30:00,AWS_VIDP,New Delhi / Indira Gandhi Intl,Delhi,Delhi,28.5667,77.1167,233.0,9.0,1017.95,100.0,NOAA/NWS ASOS via IEM Archive (provided source file),0,NORMAL,,,,,,1,3,1,3,Winter,0,0.0,0.0,0.0
2025-01-03 02:00:00,AWS_VIDP,New Delhi / Indira Gandhi Intl,Delhi,Delhi,28.5667,77.1167,233.0,9.0,1017.95,100.0,NOAA/NWS ASOS via IEM Archive (provided source file),0,NORMAL,,,,,,2,3,1,3,Winter,0,0.0,0.0,0.0
2025-01-03 02:30:00,AWS_VIDP,New Delhi / Indira Gandhi Intl,Delhi,Delhi,28.5667,77.1167,233.0,9.0,1017.95,100.0,NOAA/NWS ASOS via IEM Archive (provided source file),0,NORMAL,,,,,,2,3,1,3,Winter,0,0.0,0.0,0.0
2025-01-03 03:00:00,AWS_VIDP,New Delhi / Indira Gandhi Intl,Delhi,Delhi,28.5667,77.1167,233.0,9.0,1017.95,100.0,NOAA/NWS ASOS via IEM Archive (provided source file),0,NORMAL,,,,,,3,3,1,3,Winter,0,0.0,0.0,0.0
2025-01-03 03:30:00,AWS_VIDP,New Delhi / Indira Gandhi Intl,Delhi,Delhi,28.5667,77.1167,233.0,9.0,1017.95,100.0,NOAA/NWS ASOS via IEM Archive (provided source file),0,NORMAL,,,,,,3,3,1,3,Winter,0,0.0,0.0,0.0
2025-01-03 04:00:00,AWS_VIDP,New Delhi / Indira Gandhi Intl,Delhi,Delhi,28.5667,77.1167,233.0,9.0,1017.95,100.0,NOAA/NWS ASOS via IEM Archive (provided source file),0,NORMAL,,,,,,4,3,1,3,Winter,0,0.0,0.0,0.0
2025-01-03 04:30:00,AWS_VIDP,New Delhi / Indira Gandhi Intl,Delhi,Delhi,28.5667,77.1167,233.0,9.0,1016.93,100.0,NOAA/NWS ASOS via IEM Archive (provided source file),0,NORMAL,,,,,,4,3,1,3,Winter,0,0.0,-1.0200000000000955,0.0
2025-01-03 05:00:00,AWS_VIDP,New Delhi / Indira Gandhi Intl,Delhi,Delhi,28.5667,77.1167,233.0,9.0,1016.93,100.0,NOAA/NWS ASOS via IEM Archive (provided source file),0,NORMAL,,,,,,5,3,1,3,Winter,0,0.0,0.0,0.0
2025-01-03 05:30:00,AWS_VIDP,New Delhi / Indira Gandhi Intl,Delhi,Delhi,28.5667,77.1167,233.0,9.0,1016.93,100.0,NOAA/NWS ASOS via IEM Archive (provided source file),0,NORMAL,,,,,,5,3,1,3,Winter,0,0.0,0.0,0.0
2025-01-03 06:00:00,AWS_VIDP,New Delhi / Indira Gandhi Intl,Delhi,Delhi,28.5667,77.1167,233.0,8.0,1017.95,100.0,NOAA/NWS ASOS via IEM Archive (provided source file),0,NORMAL,,,,,,6,3,1,3,Winter,1,-1.0,1.0200000000000955,0.0
2025-01-03 06:30:00,AWS_VIDP,New Delhi / Indira Gandhi Intl,Delhi,Delhi,28.5667,77.1167,233.0,8.0,1017.95,100.0,NOAA/NWS ASOS via IEM Archive (provided source file),0,NORMAL,,,,,,6,3,1,3,Winter,1,0.0,0.0,0.0
2025-01-03 07:00:00,AWS_VIDP,New Delhi / Indira Gandhi Intl,Delhi,Delhi,28.5667,77.1167,233.0,8.0,1017.95,100.0,NOAA/NWS ASOS via IEM Archive (provided source file),0,NORMAL,,,,,,7,3,1,3,Winter,1,0.0,0.0,0.0
2025-01-03 07:30:00,AWS_VIDP,New Delhi / Indira Gandhi Intl,Delhi,Delhi,28.5667,77.1167,233.0,8.0,1018.96,100.0,NOAA/NWS ASOS via IEM Archive (provided source file),0,NORMAL,,,,,,7,3,1,3,Winter,1,0.0,1.009999999999991,0.0
2025-01-03 08:00:00,AWS_VIDP,New Delhi / Indira Gandhi Intl,Delhi,Delhi,28.5667,77.1167,233.0,8.0,1018.96,100.0,NOAA/NWS ASOS via IEM Archive (provided source file),0,NORMAL,,,,,,8,3,1,3,Winter,1,0.0,0.0,0.0
2025-01-03 08:30:00,AWS_VIDP,New Delhi / Indira Gandhi Intl,Delhi,Delhi,28.5667,77.1167,233.0,8.0,1018.96,100.0,NOAA/NWS ASOS via IEM Archive (provided source file),0,NORMAL,,,,,,8,3,1,3,Winter,1,0.0,0.0,0.0
2025-01-03 09:00:00,AWS_VIDP,New Delhi / Indira Gandhi Intl,Delhi,Delhi,28.5667,77.1167,233.0,9.0,1019.98,100.0,NOAA/NWS ASOS via IEM Archive (provided source file),0,NORMAL,,,,,,9,3,1,3,Winter,1,1.0,1.0199999999999818,0.0
2025-01-03 09:30:00,AWS_VIDP,New Delhi / Indira Gandhi Intl,Delhi,Delhi,28.5667,77.1167,233.0,9.0,1019.98,100.0,NOAA/NWS ASOS via IEM Archive (provided source file),0,NORMAL,,,,,,9,3,1,3,Winter,1,0.0,0.0,0.0
2025-01-03 10:00:00,AWS_VIDP,New Delhi / Indira Gandhi Intl,Delhi,Delhi,28.5667,77.1167,233.0,10.0,1019.98,100.0,NOAA/NWS ASOS via IEM Archive (provided source file),0,NORMAL,,,,,,10,3,1,3,Winter,1,1.0,0.0,0.0
2025-01-03 10:30:00,AWS_VIDP,New Delhi / Indira Gandhi Intl,Delhi,Delhi,28.5667,77.1167,233.0,10.0,1021.0,100.0,NOAA/NWS ASOS via IEM Archive (provided source file),0,NORMAL,,,,,,10,3,1,3,Winter,1,0.0,1.0199999999999818,0.0
2025-01-03 11:00:00,AWS_VIDP,New Delhi / Indira Gandhi Intl,Delhi,Delhi,28.5667,77.1167,233.0,11.0,1021.0,93.6,NOAA/NWS ASOS via IEM Archive (provided source file),0,NORMAL,,,,,,11,3,1,3,Winter,1,1.0,0.0,-6.400000000000006
2025-01-03 11:30:00,AWS_VIDP,New Delhi / Indira Gandhi Intl,Delhi,Delhi,28.5667,77.1167,233.0,13.0,1019.98,82.0,NOAA/NWS ASOS via IEM Archive (provided source file),0,NORMAL,,,,,,11,3,1,3,Winter,1,2.0,-1.0199999999999818,-11.599999999999994
2025-01-03 12:00:00,AWS_VIDP,New Delhi / Indira Gandhi Intl,Delhi,Delhi,28.5667,77.1167,233.0,14.0,1019.98,87.7,NOAA/NWS ASOS via IEM Archive (provided source file),0,NORMAL,,,,,,12,3,1,3,Winter,1,1.0,0.0,5.700000000000003
2025-01-03 12:30:00,AWS_VIDP,New Delhi / Indira Gandhi Intl,Delhi,Delhi,28.5667,77.1167,233.0,16.0,1029.12,82.4,NOAA/NWS ASOS via IEM Archive (provided source file),0,NORMAL,,,,,,12,3,1,3,Winter,1,2.0,9.139999999999873,-5.299999999999997
2025-01-03 13:00:00,AWS_VIDP,New Delhi / Indira Gandhi Intl,Delhi,Delhi,28.5667,77.1167,233.0,16.0,1018.96,82.4,NOAA/NWS ASOS via IEM Archive (provided source file),0,NORMAL,,,,,,13,3,1,3,Winter,1,0.0,-10.159999999999854,0.0
2025-01-03 13:30:00,AWS_VIDP,New Delhi / Indira Gandhi Intl,Delhi,Delhi,28.5667,77.1167,233.0,17.0,1018.96,82.5,NOAA/NWS ASOS via IEM Archive (provided source file),0,NORMAL,,,,,,13,3,1,3,Winter,1,1.0,0.0,0.09999999999999432
2025-01-03 14:00:00,AWS_VIDP,New Delhi / Indira Gandhi Intl,Delhi,Delhi,28.5667,77.1167,233.0,18.0,1017.95,68.0,NOAA/NWS ASOS via IEM Archive (provided source file),0,NORMAL,,,,,,14,3,1,3,Winter,1,1.0,-1.009999999999991,-14.5
2025-01-03 14:30:00,AWS_VIDP,New Delhi / Indira Gandhi Intl,Delhi,Delhi,28.5667,77.1167,233.0,18.0,1017.95,68.0,NOAA/NWS ASOS via IEM Archive (provided source file),0,NORMAL,,,,,,14,3,1,3,Winter,1,0.0,0.0,0.0
2025-01-03 15:00:00,AWS_VIDP,New Delhi / Indira Gandhi Intl,Delhi,Delhi,28.5667,77.1167,233.0,18.0,1016.93,63.6,NOAA/NWS ASOS via IEM Archive (provided source file),0,NORMAL,,,,,,15,3,1,3,Winter,1,0.0,-1.0200000000000955,-4.399999999999999
2025-01-03 15:30:00,AWS_VIDP,New Delhi / Indira Gandhi Intl,Delhi,Delhi,28.5667,77.1167,233.0,18.0,1016.93,63.6,NOAA/NWS ASOS via IEM Archive (provided source file),0,NORMAL,,,,,,15,3,1,3,Winter,1,0.0,0.0,0.0
2025-01-03 16:00:00,AWS_VIDP,New Delhi / Indira Gandhi Intl,Delhi,Delhi,28.5667,77.1167,233.0,18.0,1016.93,63.6,NOAA/NWS ASOS via IEM Archive (provided source file),0,NORMAL,,,,,,16,3,1,3,Winter,1,0.0,0.0,0.0
2025-01-03 16:30:00,AWS_VIDP,New Delhi / Indira Gandhi Intl,Delhi,Delhi,28.5667,77.1167,233.0,18.0,1016.93,63.6,NOAA/NWS ASOS via IEM Archive (provided source file),0,NORMAL,,,,,,16,3,1,3,Winter,1,0.0,0.0,0.0
2025-01-03 17:00:00,AWS_VIDP,New Delhi / Indira Gandhi Intl,Delhi,Delhi,28.5667,77.1167,233.0,18.0,1016.93,63.6,NOAA/NWS ASOS via IEM Archive (provided source file),0,NORMAL,,,,,,17,3,1,3,Winter,1,0.0,0.0,0.0
2025-01-03 17:30:00,AWS_VIDP,New Delhi / Indira Gandhi Intl,Delhi,Delhi,28.5667,77.1167,233.0,17.0,1016.93,72.4,NOAA/NWS ASOS via IEM Archive (provided source file),0,NORMAL,,,,,,17,3,1,3,Winter,1,-1.0,0.0,8.800000000000004
2025-01-03 18:00:00,AWS_VIDP,New Delhi / Indira Gandhi Intl,Delhi,Delhi,28.5667,77.1167,233.0,15.0,1016.93,82.2,NOAA/NWS ASOS via IEM Archive (provided source file),0,NORMAL,,,,,,18,3,1,3,Winter,0,-2.0,0.0,9.799999999999997
2025-01-03 18:30:00,AWS_VIDP,New Delhi / Indira Gandhi Intl,Delhi,Delhi,28.5667,77.1167,233.0,15.0,1016.93,82.2,NOAA/NWS ASOS via IEM Archive (provided source file),0,NORMAL,,,,,,18,3,1,3,Winter,0,0.0,0.0,0.0
2025-01-03 19:00:00,AWS_VIDP,New Delhi / Indira Gandhi Intl,Delhi,Delhi,28.5667,77.1167,233.0,14.0,1016.93,87.7,NOAA/NWS ASOS via IEM Archive (provided source file),0,NORMAL,,,,,,19,3,1,3,Winter,0,-1.0,0.0,5.5
2025-01-03 19:30:00,AWS_VIDP,New Delhi / Indira Gandhi Intl,Delhi,Delhi,28.5667,77.1167,233.0,13.0,1016.93,93.6,NOAA/NWS ASOS via IEM Archive (provided source file),0,NORMAL,,,,,,19,3,1,3,Winter,0,-1.0,0.0,5.8999999999999915
2025-01-03 20:00:00,AWS_VIDP,New Delhi / Indira Gandhi Intl,Delhi,Delhi,28.5667,77.1167,233.0,13.0,1016.93,93.6,NOAA/NWS ASOS via IEM Archive (provided source file),0,NORMAL,,,,,,20,3,1,3,Winter,0,0.0,0.0,0.0
2025-01-03 20:30:00,AWS_VIDP,New Delhi / Indira Gandhi Intl,Delhi,Delhi,28.5667,77.1167,233.0,13.0,1016.93,93.6,NOAA/NWS ASOS via IEM Archive (provided source file),0,NORMAL,,,,,,20,3,1,3,Winter,0,0.0,0.0,0.0
2025-01-03 21:00:00,AWS_VIDP,New Delhi / Indira Gandhi Intl,Delhi,Delhi,28.5667,77.1167,233.0,12.0,1016.93,93.6,NOAA/NWS ASOS via IEM Archive (provided source file),0,NORMAL,,,,,,21,3,1,3,Winter,0,-1.0,0.0,0.0
2025-01-03 21:30:00,AWS_VIDP,New Delhi / Indira Gandhi Intl,Delhi,Delhi,28.5667,77.1167,233.0,10.0,1016.93,,NOAA/NWS ASOS via IEM Archive (provided source file),0,NORMAL,,,,,,21,3,1,3,Winter,0,-2.0,0.0,
2025-01-03 22:00:00,AWS_VIDP,New Delhi / Indira Gandhi Intl,Delhi,Delhi,28.5667,77.1167,233.0,11.0,1016.93,93.6,NOAA/NWS ASOS via IEM Archive (provided source file),0,NORMAL,,,,,,22,3,1,3,Winter,0,1.0,0.0,
2025-01-03 22:30:00,AWS_VIDP,New Delhi / Indira Gandhi Intl,Delhi,Delhi,28.5667,77.1167,233.0,10.0,1016.93,100.0,NOAA/NWS ASOS via IEM Archive (provided source file),0,NORMAL,,,,,,22,3,1,3,Winter,0,-1.0,0.0,6.400000000000006
2025-01-03 23:00:00,AWS_VIDP,New Delhi / Indira Gandhi Intl,Delhi,Delhi,28.5667,77.1167,233.0,10.0,1016.93,100.0,NOAA/NWS ASOS via IEM Archive (provided source file),0,NORMAL,,,,,,23,3,1,3,Winter,0,0.0,0.0,0.0
2025-01-03 23:30:00,AWS_VIDP,New Delhi / Indira Gandhi Intl,Delhi,Delhi,28.5667,77.1167,233.0,10.0,1016.93,100.0,NOAA/NWS ASOS via IEM Archive (provided source file),0,NORMAL,,,,,,23,3,1,3,Winter,0,0.0,0.0,0.0
2025-01-04 00:00:00,AWS_VIDP,New Delhi / Indira Gandhi Intl,Delhi,Delhi,28.5667,77.1167,233.0,10.0,1015.92,100.0,NOAA/NWS ASOS via IEM Archive (provided source file),0,NORMAL,,,,,,0,4,1,4,Winter,0,0.0,-1.009999999999991,0.0
2025-01-04 00:30:00,AWS_VIDP,New Delhi / Indira Gandhi Intl,Delhi,Delhi,28.5667,77.1167,233.0,10.0,1015.92,100.0,NOAA/NWS ASOS via IEM Archive (provided source file),0,NORMAL,,,,,,0,4,1,4,Winter,0,0.0,0.0,0.0
2025-01-04 01:00:00,AWS_VIDP,New Delhi / Indira Gandhi Intl,Delhi,Delhi,28.5667,77.1167,233.0,10.0,1015.92,100.0,NOAA/NWS ASOS via IEM Archive (provided source file),0,NORMAL,,,,,,1,4,1,4,Winter,0,0.0,0.0,0.0
2025-01-04 01:30:00,AWS_VIDP,New Delhi / Indira Gandhi Intl,Delhi,Delhi,28.5667,77.1167,233.0,10.0,1015.92,100.0,NOAA/NWS ASOS via IEM Archive (provided source file),0,NORMAL,,,,,,1,4,1,4,Winter,0,0.0,0.0,0.0
2025-01-04 02:00:00,AWS_VIDP,New Delhi / Indira Gandhi Intl,Delhi,Delhi,28.5667,77.1167,233.0,10.0,1015.92,100.0,NOAA/NWS ASOS via IEM Archive (provided source file),0,NORMAL,,,,,,2,4,1,4,Winter,0,0.0,0.0,0.0
2025-01-04 02:30:00,AWS_VIDP,New Delhi / Indira Gandhi Intl,Delhi,Delhi,28.5667,77.1167,233.0,10.0,1015.92,100.0,NOAA/NWS ASOS via IEM Archive (provided source file),0,NORMAL,,,,,,2,4,1,4,Winter,0,0.0,0.0,0.0
2025-01-04 03:00:00,AWS_VIDP,New Delhi / Indira Gandhi Intl,Delhi,Delhi,28.5667,77.1167,233.0,10.0,1015.92,100.0,NOAA/NWS ASOS via IEM Archive (provided source file),0,NORMAL,,,,,,3,4,1,4,Winter,0,0.0,0.0,0.0
2025-01-04 03:30:00,AWS_VIDP,New Delhi / Indira Gandhi Intl,Delhi,Delhi,28.5667,77.1167,233.0,10.0,1014.9,100.0,NOAA/NWS ASOS via IEM Archive (provided source file),0,NORMAL,,,,,,3,4,1,4,Winter,0,0.0,-1.0199999999999818,0.0
2025-01-04 04:00:00,AWS_VIDP,New Delhi / Indira Gandhi Intl,Delhi,Delhi,28.5667,77.1167,233.0,10.0,1014.9,100.0,NOAA/NWS ASOS via IEM Archive (provided source file),0,NORMAL,,,,,,4,4,1,4,Winter,0,0.0,0.0,0.0
2025-01-04 04:30:00,AWS_VIDP,New Delhi / Indira Gandhi Intl,Delhi,Delhi,28.5667,77.1167,233.0,10.0,1014.9,100.0,NOAA/NWS ASOS via IEM Archive (provided source file),0,NORMAL,,,,,,4,4,1,4,Winter,0,0.0,0.0,0.0
2025-01-04 05:00:00,AWS_VIDP,New Delhi / Indira Gandhi Intl,Delhi,Delhi,28.5667,77.1167,233.0,10.0,1014.9,100.0,NOAA/NWS ASOS via IEM Archive (provided source file),0,NORMAL,,,,,,5,4,1,4,Winter,0,0.0,0.0,0.0
2025-01-04 05:30:00,AWS_VIDP,New Delhi / Indira Gandhi Intl,Delhi,Delhi,28.5667,77.1167,233.0,10.0,1014.9,100.0,NOAA/NWS ASOS via IEM Archive (provided source file),0,NORMAL,,,,,,5,4,1,4,Winter,0,0.0,0.0,0.0
2025-01-04 06:00:00,AWS_VIDP,New Delhi / Indira Gandhi Intl,Delhi,Delhi,28.5667,77.1167,233.0,10.0,1014.9,100.0,NOAA/NWS ASOS via IEM Archive (provided source file),0,NORMAL,,,,,,6,4,1,4,Winter,1,0.0,0.0,0.0
2025-01-04 06:30:00,AWS_VIDP,New Delhi / Indira Gandhi Intl,Delhi,Delhi,28.5667,77.1167,233.0,10.0,1015.92,100.0,NOAA/NWS ASOS via IEM Archive (provided source file),0,NORMAL,,,,,,6,4,1,4,Winter,1,0.0,1.0199999999999818,0.0
2025-01-04 07:00:00,AWS_VIDP,New Delhi / Indira Gandhi Intl,Delhi,Delhi,28.5667,77.1167,233.0,9.0,1015.92,100.0,NOAA/NWS ASOS via IEM Archive (provided source file),0,NORMAL,,,,,,7,4,1,4,Winter,1,-1.0,0.0,0.0
2025-01-04 07:30:00,AWS_VIDP,New Delhi / Indira Gandhi Intl,Delhi,Delhi,28.5667,77.1167,233.0,9.0,1015.92,100.0,NOAA/NWS ASOS via IEM Archive (provided source file),0,NORMAL,,,,,,7,4,1,4,Winter,1,0.0,0.0,0.0
2025-01-04 08:00:00,AWS_VIDP,New Delhi / Indira Gandhi Intl,Delhi,Delhi,28.5667,77.1167,233.0,9.0,1016.93,100.0,NOAA/NWS ASOS via IEM Archive (provided source file),0,NORMAL,,,,,,8,4,1,4,Winter,1,0.0,1.009999999999991,0.0
2025-01-04 08:30:00,AWS_VIDP,New Delhi / Indira Gandhi Intl,Delhi,Delhi,28.5667,77.1167,233.0,9.0,1016.93,100.0,NOAA/NWS ASOS via IEM Archive (provided source file),0,NORMAL,,,,,,8,4,1,4,Winter,1,0.0,0.0,0.0
2025-01-04 09:00:00,AWS_VIDP,New Delhi / Indira Gandhi Intl,Delhi,Delhi,28.5667,77.1167,233.0,9.0,1017.95,100.0,NOAA/NWS ASOS via IEM Archive (provided source file),0,NORMAL,,,,,,9,4,1,4,Winter,1,0.0,1.0200000000000955,0.0
2025-01-04 09:30:00,AWS_VIDP,New Delhi / Indira Gandhi Intl,Delhi,Delhi,28.5667,77.1167,233.0,10.0,1017.95,100.0,NOAA/NWS ASOS via IEM Archive (provided source file),0,NORMAL,,,,,,9,4,1,4,Winter,1,1.0,0.0,0.0
2025-01-04 10:00:00,AWS_VIDP,New Delhi / Indira Gandhi Intl,Delhi,Delhi,28.5667,77.1167,233.0,10.0,1018.96,100.0,NOAA/NWS ASOS via IEM Archive (provided source file),0,NORMAL,,,,,,10,4,1,4,Winter,1,0.0,1.009999999999991,0.0
2025-01-04 10:30:00,AWS_VIDP,New Delhi / Indira Gandhi Intl,Delhi,Delhi,28.5667,77.1167,233.0,11.0,1018.96,100.0,NOAA/NWS ASOS via IEM Archive (provided source file),0,NORMAL,,,,,,10,4,1,4,Winter,1,1.0,0.0,0.0
2025-01-04 11:00:00,AWS_VIDP,New Delhi / Indira Gandhi Intl,Delhi,Delhi,28.5667,77.1167,233.0,12.0,1017.95,93.6,NOAA/NWS ASOS via IEM Archive (provided source file),0,NORMAL,,,,,,11,4,1,4,Winter,1,1.0,-1.009999999999991,-6.400000000000006
2025-01-04 11:30:00,AWS_VIDP,New Delhi / Indira Gandhi Intl,Delhi,Delhi,28.5667,77.1167,233.0,13.0,1017.95,93.6,NOAA/NWS ASOS via IEM Archive (provided source file),0,NORMAL,,,,,,11,4,1,4,Winter,1,1.0,0.0,0.0
2025-01-04 12:00:00,AWS_VIDP,New Delhi / Indira Gandhi Intl,Delhi,Delhi,28.5667,77.1167,233.0,15.0,1017.95,87.8,NOAA/NWS ASOS via IEM Archive (provided source file),0,NORMAL,,,,,,12,4,1,4,Winter,1,2.0,0.0,-5.799999999999997
2025-01-04 12:30:00,AWS_VIDP,New Delhi / Indira Gandhi Intl,Delhi,Delhi,28.5667,77.1167,233.0,17.0,1016.93,88.0,NOAA/NWS ASOS via IEM Archive (provided source file),0,NORMAL,,,,,,12,4,1,4,Winter,1,2.0,-1.0200000000000955,0.20000000000000284
2025-01-04 13:00:00,AWS_VIDP,New Delhi / Indira Gandhi Intl,Delhi,Delhi,28.5667,77.1167,233.0,17.0,1015.92,88.0,NOAA/NWS ASOS via IEM Archive (provided source file),0,NORMAL,,,,,,13,4,1,4,Winter,1,0.0,-1.009999999999991,0.0
2025-01-04 13:30:00,AWS_VIDP,New Delhi / Indira Gandhi Intl,Delhi,Delhi,28.5667,77.1167,233.0,19.0,1015.92,77.6,NOAA/NWS ASOS via IEM Archive (provided source file),0,NORMAL,,,,,,13,4,1,4,Winter,1,2.0,0.0,-10.400000000000006
2025-01-04 14:00:00,AWS_VIDP,New Delhi / Indira Gandhi Intl,Delhi,Delhi,28.5667,77.1167,233.0,20.0,1015.92,77.8,NOAA/NWS ASOS via IEM Archive (provided source file),0,NORMAL,,,,,,14,4,1,4,Winter,1,1.0,0.0,0.20000000000000284
2025-01-04 14:30:00,AWS_VIDP,New Delhi / Indira Gandhi Intl,Delhi,Delhi,28.5667,77.1167,233.0,20.0,1014.9,68.4,NOAA/NWS ASOS via IEM Archive (provided source file),0,NORMAL,,,,,,14,4,1,4,Winter,1,0.0,-1.0199999999999818,-9.399999999999991
2025-01-04 15:00:00,AWS_VIDP,New Delhi / Indira Gandhi Intl,Delhi,Delhi,28.5667,77.1167,233.0,20.0,1014.9,68.4,NOAA/NWS ASOS via IEM Archive (provided source file),0,NORMAL,,,,,,15,4,1,4,Winter,1,0.0,0.0,0.0
2025-01-04 15:30:00,AWS_VIDP,New Delhi / Indira Gandhi Intl,Delhi,Delhi,28.5667,77.1167,233.0,19.0,1014.9,72.7,NOAA/NWS ASOS via IEM Archive (provided source file),0,NORMAL,,,,,,15,4,1,4,Winter,1,-1.0,0.0,4.299999999999997
2025-01-04 16:00:00,AWS_VIDP,New Delhi / Indira Gandhi Intl,Delhi,Delhi,28.5667,77.1167,233.0,19.0,1013.88,72.7,NOAA/NWS ASOS via IEM Archive (provided source file),0,NORMAL,,,,,,16,4,1,4,Winter,1,0.0,-1.0199999999999818,0.0
2025-01-04 16:30:00,AWS_VIDP,New Delhi / Indira Gandhi Intl,Delhi,Delhi,28.5667,77.1167,233.0,18.0,1013.88,72.6,NOAA/NWS ASOS via IEM Archive (provided source file),0,NORMAL,,,,,,16,4,1,4,Winter,1,-1.0,0.0,-0.10000000000000853
2025-01-04 17:00:00,AWS_VIDP,New Delhi / Indira Gandhi Intl,Delhi,Delhi,28.5667,77.1167,233.0,17.0,1013.88,72.4,NOAA/NWS ASOS via IEM Archive (provided source file),0,NORMAL,,,,,,17,4,1,4,Winter,1,-1.0,0.0,-0.19999999999998863
2025-01-04 17:30:00,AWS_VIDP,New Delhi / Indira Gandhi Intl,Delhi,Delhi,28.5667,77.1167,233.0,15.0,1013.88,77.0,NOAA/NWS ASOS via IEM Archive (provided source file),0,NORMAL,,,,,,17,4,1,4,Winter,1,-2.0,0.0,4.599999999999994
2025-01-04 18:00:00,AWS_VIDP,New Delhi / Indira Gandhi Intl,Delhi,Delhi,28.5667,77.1167,233.0,15.0,1014.9,77.0,NOAA/NWS ASOS via IEM Archive (provided source file),0,NORMAL,,,,,,18,4,1,4,Winter,0,0.0,1.0199999999999818,0.0
2025-01-04 18:30:00,AWS_VIDP,New Delhi / Indira Gandhi Intl,Delhi,Delhi,28.5667,77.1167,233.0,14.0,1014.9,87.7,NOAA/NWS ASOS via IEM Archive (provided source file),0,NORMAL,,,,,,18,4,1,4,Winter,0,-1.0,0.0,10.700000000000003
2025-01-04 19:00:00,AWS_VIDP,New Delhi / Indira Gandhi Intl,Delhi,Delhi,28.5667,77.1167,233.0,13.0,1014.9,93.6,NOAA/NWS ASOS via IEM Archive (provided source file),0,NORMAL,,,,,,19,4,1,4,Winter,0,-1.0,0.0,5.8999999999999915
2025-01-04 19:30:00,AWS_VIDP,New Delhi / Indira Gandhi Intl,Delhi,Delhi,28.5667,77.1167,233.0,13.0,1014.9,93.6,NOAA/NWS ASOS via IEM Archive (provided source file),0,NORMAL,,,,,,19,4,1,4,Winter,0,0.0,0.0,0.0
2025-01-04 20:00:00,AWS_VIDP,New Delhi / Indira Gandhi Intl,Delhi,Delhi,28.5667,77.1167,233.0,12.0,1015.92,93.6,NOAA/NWS ASOS via IEM Archive (provided source file),0,NORMAL,,,,,,20,4,1,4,Winter,0,-1.0,1.0199999999999818,0.0
2025-01-04 20:30:00,AWS_VIDP,New Delhi / Indira Gandhi Intl,Delhi,Delhi,28.5667,77.1167,233.0,11.0,1015.92,100.0,NOAA/NWS ASOS via IEM Archive (provided source file),0,NORMAL,,,,,,20,4,1,4,Winter,0,-1.0,0.0,6.400000000000006
2025-01-04 21:00:00,AWS_VIDP,New Delhi / Indira Gandhi Intl,Delhi,Delhi,28.5667,77.1167,233.0,11.0,1015.92,100.0,NOAA/NWS ASOS via IEM Archive (provided source file),0,NORMAL,,,,,,21,4,1,4,Winter,0,0.0,0.0,0.0
2025-01-04 21:30:00,AWS_VIDP,New Delhi / Indira Gandhi Intl,Delhi,Delhi,28.5667,77.1167,233.0,11.0,1015.92,100.0,NOAA/NWS ASOS via IEM Archive (provided source file),0,NORMAL,,,,,,21,4,1,4,Winter,0,0.0,0.0,0.0
2025-01-04 22:00:00,AWS_VIDP,New Delhi / Indira Gandhi Intl,Delhi,Delhi,28.5667,77.1167,233.0,11.0,1015.92,100.0,NOAA/NWS ASOS via IEM Archive (provided source file),0,NORMAL,,,,,,22,4,1,4,Winter,0,0.0,0.0,0.0
2025-01-04 22:30:00,AWS_VIDP,New Delhi / Indira Gandhi Intl,Delhi,Delhi,28.5667,77.1167,233.0,11.0,1015.92,100.0,NOAA/NWS ASOS via IEM Archive (provided source file),0,NORMAL,,,,,,22,4,1,4,Winter,0,0.0,0.0,0.0
2025-01-04 23:00:00,AWS_VIDP,New Delhi / Indira Gandhi Intl,Delhi,Delhi,28.5667,77.1167,233.0,10.0,1015.92,100.0,NOAA/NWS ASOS via IEM Archive (provided source file),0,NORMAL,,,,,,23,4,1,4,Winter,0,-1.0,0.0,0.0
2025-01-04 23:30:00,AWS_VIDP,New Delhi / Indira Gandhi Intl,Delhi,Delhi,28.5667,77.1167,233.0,10.0,1015.92,100.0,NOAA/NWS ASOS via IEM Archive (provided source file),0,NORMAL,,,,,,23,4,1,4,Winter,0,0.0,0.0,0.0
2025-01-05 00:00:00,AWS_VIDP,New Delhi / Indira Gandhi Intl,Delhi,Delhi,28.5667,77.1167,233.0,10.0,1015.92,100.0,NOAA/NWS ASOS via IEM Archive (provided source file),0,NORMAL,,,,,,0,5,1,5,Winter,0,0.0,0.0,0.0
2025-01-05 00:30:00,AWS_VIDP,New Delhi / Indira Gandhi Intl,Delhi,Delhi,28.5667,77.1167,233.0,10.0,1015.92,100.0,NOAA/NWS ASOS via IEM Archive (provided source file),0,NORMAL,,,,,,0,5,1,5,Winter,0,0.0,0.0,0.0
2025-01-05 01:00:00,AWS_VIDP,New Delhi / Indira Gandhi Intl,Delhi,Delhi,28.5667,77.1167,233.0,10.0,1015.92,100.0,NOAA/NWS ASOS via IEM Archive (provided source file),0,NORMAL,,,,,,1,5,1,5,Winter,0,0.0,0.0,0.0
2025-01-05 01:30:00,AWS_VIDP,New Delhi / Indira Gandhi Intl,Delhi,Delhi,28.5667,77.1167,233.0,10.0,1015.92,100.0,NOAA/NWS ASOS via IEM Archive (provided source file),0,NORMAL,,,,,,1,5,1,5,Winter,0,0.0,0.0,0.0
2025-01-05 02:00:00,AWS_VIDP,New Delhi / Indira Gandhi Intl,Delhi,Delhi,28.5667,77.1167,233.0,10.0,1015.92,100.0,NOAA/NWS ASOS via IEM Archive (provided source file),0,NORMAL,,,,,,2,5,1,5,Winter,0,0.0,0.0,0.0
2025-01-05 02:30:00,AWS_VIDP,New Delhi / Indira Gandhi Intl,Delhi,Delhi,28.5667,77.1167,233.0,10.0,1015.92,100.0,NOAA/NWS ASOS via IEM Archive (provided source file),0,NORMAL,,,,,,2,5,1,5,Winter,0,0.0,0.0,0.0
2025-01-05 03:00:00,AWS_VIDP,New Delhi / Indira Gandhi Intl,Delhi,Delhi,28.5667,77.1167,233.0,10.0,1015.92,100.0,NOAA/NWS ASOS via IEM Archive (provided source file),0,NORMAL,,,,,,3,5,1,5,Winter,0,0.0,0.0,0.0
2025-01-05 03:30:00,AWS_VIDP,New Delhi / Indira Gandhi Intl,Delhi,Delhi,28.5667,77.1167,233.0,10.0,1014.9,100.0,NOAA/NWS ASOS via IEM Archive (provided source file),0,NORMAL,,,,,,3,5,1,5,Winter,0,0.0,-1.0199999999999818,0.0
2025-01-05 04:00:00,AWS_VIDP,New Delhi / Indira Gandhi Intl,Delhi,Delhi,28.5667,77.1167,233.0,10.0,1014.9,100.0,NOAA/NWS ASOS via IEM Archive (provided source file),0,NORMAL,,,,,,4,5,1,5,Winter,0,0.0,0.0,0.0
2025-01-05 04:30:00,AWS_VIDP,New Delhi / Indira Gandhi Intl,Delhi,Delhi,28.5667,77.1167,233.0,10.0,1014.9,100.0,NOAA/NWS ASOS via IEM Archive (provided source file),0,NORMAL,,,,,,4,5,1,5,Winter,0,0.0,0.0,0.0
2025-01-05 05:00:00,AWS_VIDP,New Delhi / Indira Gandhi Intl,Delhi,Delhi,28.5667,77.1167,233.0,10.0,1014.9,100.0,NOAA/NWS ASOS via IEM Archive (provided source file),0,NORMAL,,,,,,5,5,1,5,Winter,0,0.0,0.0,0.0
2025-01-05 05:30:00,AWS_VIDP,New Delhi / Indira Gandhi Intl,Delhi,Delhi,28.5667,77.1167,233.0,10.0,1014.9,100.0,NOAA/NWS ASOS via IEM Archive (provided source file),0,NORMAL,,,,,,5,5,1,5,Winter,0,0.0,0.0,0.0
2025-01-05 06:00:00,AWS_VIDP,New Delhi / Indira Gandhi Intl,Delhi,Delhi,28.5667,77.1167,233.0,9.0,1015.92,100.0,NOAA/NWS ASOS via IEM Archive (provided source file),0,NORMAL,,,,,,6,5,1,5,Winter,1,-1.0,1.0199999999999818,0.0
2025-01-05 06:30:00,AWS_VIDP,New Delhi / Indira Gandhi Intl,Delhi,Delhi,28.5667,77.1167,233.0,9.0,1015.92,100.0,NOAA/NWS ASOS via IEM Archive (provided source file),0,NORMAL,,,,,,6,5,1,5,Winter,1,0.0,0.0,0.0
2025-01-05 07:00:00,AWS_VIDP,New Delhi / Indira Gandhi Intl,Delhi,Delhi,28.5667,77.1167,233.0,9.0,1015.92,100.0,NOAA/NWS ASOS via IEM Archive (provided source file),0,NORMAL,,,,,,7,5,1,5,Winter,1,0.0,0.0,0.0
2025-01-05 07:30:00,AWS_VIDP,New Delhi / Indira Gandhi Intl,Delhi,Delhi,28.5667,77.1167,233.0,9.0,1015.92,100.0,NOAA/NWS ASOS via IEM Archive (provided source file),0,NORMAL,,,,,,7,5,1,5,Winter,1,0.0,0.0,0.0
2025-01-05 08:00:00,AWS_VIDP,New Delhi / Indira Gandhi Intl,Delhi,Delhi,28.5667,77.1167,233.0,9.0,1015.92,100.0,NOAA/NWS ASOS via IEM Archive (provided source file),0,NORMAL,,,,,,8,5,1,5,Winter,1,0.0,0.0,0.0
2025-01-05 08:30:00,AWS_VIDP,New Delhi / Indira Gandhi Intl,Delhi,Delhi,28.5667,77.1167,233.0,9.0,1016.93,100.0,NOAA/NWS ASOS via IEM Archive (provided source file),0,NORMAL,,,,,,8,5,1,5,Winter,1,0.0,1.009999999999991,0.0
2025-01-05 09:00:00,AWS_VIDP,New Delhi / Indira Gandhi Intl,Delhi,Delhi,28.5667,77.1167,233.0,9.0,1016.93,100.0,NOAA/NWS ASOS via IEM Archive (provided source file),0,NORMAL,,,,,,9,5,1,5,Winter,1,0.0,0.0,0.0
2025-01-05 09:30:00,AWS_VIDP,New Delhi / Indira Gandhi Intl,Delhi,Delhi,28.5667,77.1167,233.0,9.0,1017.95,93.4,NOAA/NWS ASOS via IEM Archive (provided source file),0,NORMAL,,,,,,9,5,1,5,Winter,1,0.0,1.0200000000000955,-6.599999999999994
2025-01-05 10:00:00,AWS_VIDP,New Delhi / Indira Gandhi Intl,Delhi,Delhi,28.5667,77.1167,233.0,10.0,1017.95,87.4,NOAA/NWS ASOS via IEM Archive (provided source file),0,NORMAL,,,,,,10,5,1,5,Winter,1,1.0,0.0,-6.0
2025-01-05 10:30:00,AWS_VIDP,New Delhi / Indira Gandhi Intl,Delhi,Delhi,28.5667,77.1167,233.0,10.0,1017.95,87.4,NOAA/NWS ASOS via IEM Archive (provided source file),0,NORMAL,,,,,,10,5,1,5,Winter,1,0.0,0.0,0.0
2025-01-05 11:00:00,AWS_VIDP,New Delhi / Indira Gandhi Intl,Delhi,Delhi,28.5667,77.1167,233.0,11.0,1017.95,87.5,NOAA/NWS ASOS via IEM Archive (provided source file),0,NORMAL,,,,,,11,5,1,5,Winter,1,1.0,0.0,0.09999999999999432
2025-01-05 11:30:00,AWS_VIDP,New Delhi / Indira Gandhi Intl,Delhi,Delhi,28.5667,77.1167,233.0,12.0,1017.95,81.9,NOAA/NWS ASOS via IEM Archive (provided source file),0,NORMAL,,,,,,11,5,1,5,Winter,1,1.0,0.0,-5.599999999999994
2025-01-05 12:00:00,AWS_VIDP,New Delhi / Indira Gandhi Intl,Delhi,Delhi,28.5667,77.1167,233.0,13.0,1016.93,76.7,NOAA/NWS ASOS via IEM Archive (provided source file),0,NORMAL,,,,,,12,5,1,5,Winter,1,1.0,-1.0200000000000955,-5.200000000000003
2025-01-05 12:30:00,AWS_VIDP,New Delhi / Indira Gandhi Intl,Delhi,Delhi,28.5667,77.1167,233.0,13.0,1015.92,71.8,NOAA/NWS ASOS via IEM Archive (provided source file),0,NORMAL,,,,,,12,5,1,5,Winter,1,0.0,-1.009999999999991,-4.900000000000006
2025-01-05 13:00:00,AWS_VIDP,New Delhi / Indira Gandhi Intl,Delhi,Delhi,28.5667,77.1167,233.0,15.0,1015.92,67.3,NOAA/NWS ASOS via IEM Archive (provided source file),0,NORMAL,,,,,,13,5,1,5,Winter,1,2.0,0.0,-4.5
2025-01-05 13:30:00,AWS_VIDP,New Delhi / Indira Gandhi Intl,Delhi,Delhi,28.5667,77.1167,233.0,16.0,1015.92,67.5,NOAA/NWS ASOS via IEM Archive (provided source file),0,NORMAL,,,,,,13,5,1,5,Winter,1,1.0,0.0,0.20000000000000284
2025-01-05 14:00:00,AWS_VIDP,New Delhi / Indira Gandhi Intl,Delhi,Delhi,28.5667,77.1167,233.0,17.0,1014.9,63.4,NOAA/NWS ASOS via IEM Archive (provided source file),0,NORMAL,,,,,,14,5,1,5,Winter,1,1.0,-1.0199999999999818,-4.100000000000001
2025-01-05 14:30:00,AWS_VIDP,New Delhi / Indira Gandhi Intl,Delhi,Delhi,28.5667,77.1167,233.0,17.0,1014.9,63.4,NOAA/NWS ASOS via IEM Archive (provided source file),0,NORMAL,,,,,,14,5,1,5,Winter,1,0.0,0.0,0.0
2025-01-05 15:00:00,AWS_VIDP,New Delhi / Indira Gandhi Intl,Delhi,Delhi,28.5667,77.1167,233.0,17.0,1014.9,63.4,NOAA/NWS ASOS via IEM Archive (provided source file),0,NORMAL,,,,,,15,5,1,5,Winter,1,0.0,0.0,0.0
2025-01-05 15:30:00,AWS_VIDP,New Delhi / Indira Gandhi Intl,Delhi,Delhi,28.5667,77.1167,233.0,17.0,1014.9,63.4,NOAA/NWS ASOS via IEM Archive (provided source file),0,NORMAL,,,,,,15,5,1,5,Winter,1,0.0,0.0,0.0
2025-01-05 16:00:00,AWS_VIDP,New Delhi / Indira Gandhi Intl,Delhi,Delhi,28.5667,77.1167,233.0,16.0,1013.88,67.5,NOAA/NWS ASOS via IEM Archive (provided source file),0,NORMAL,,,,,,16,5,1,5,Winter,1,-1.0,-1.0199999999999818,4.100000000000001
2025-01-05 16:30:00,AWS_VIDP,New Delhi / Indira Gandhi Intl,Delhi,Delhi,28.5667,77.1167,233.0,16.0,1013.88,67.5,NOAA/NWS ASOS via IEM Archive (provided source file),0,NORMAL,,,,,,16,5,1,5,Winter,1,0.0,0.0,0.0
2025-01-05 17:00:00,AWS_VIDP,New Delhi / Indira Gandhi Intl,Delhi,Delhi,28.5667,77.1167,233.0,15.0,1013.88,72.0,NOAA/NWS ASOS via IEM Archive (provided source file),0,NORMAL,,,,,,17,5,1,5,Winter,1,-1.0,0.0,4.5
2025-01-05 17:30:00,AWS_VIDP,New Delhi / Indira Gandhi Intl,Delhi,Delhi,28.5667,77.1167,233.0,15.0,1013.88,77.0,NOAA/NWS ASOS via IEM Archive (provided source file),0,NORMAL,,,,,,17,5,1,5,Winter,1,0.0,0.0,5.0
2025-01-05 18:00:00,AWS_VIDP,New Delhi / Indira Gandhi Intl,Delhi,Delhi,28.5667,77.1167,233.0,14.0,1013.88,82.1,NOAA/NWS ASOS via IEM Archive (provided source file),0,NORMAL,,,,,,18,5,1,5,Winter,0,-1.0,0.0,5.099999999999994
2025-01-05 18:30:00,AWS_VIDP,New Delhi / Indira Gandhi Intl,Delhi,Delhi,28.5667,77.1167,233.0,14.0,1014.9,82.1,NOAA/NWS ASOS via IEM Archive (provided source file),0,NORMAL,,,,,,18,5,1,5,Winter,0,0.0,1.0199999999999818,0.0
2025-01-05 19:00:00,AWS_VIDP,New Delhi / Indira Gandhi Intl,Delhi,Delhi,28.5667,77.1167,233.0,13.0,1014.9,93.6,NOAA/NWS ASOS via IEM Archive (provided source file),0,NORMAL,,,,,,19,5,1,5,Winter,0,-1.0,0.0,11.5
2025-01-05 19:30:00,AWS_VIDP,New Delhi / Indira Gandhi Intl,Delhi,Delhi,28.5667,77.1167,233.0,13.0,1014.9,93.6,NOAA/NWS ASOS via IEM Archive (provided source file),0,NORMAL,,,,,,19,5,1,5,Winter,0,0.0,0.0,0.0
2025-01-05 20:00:00,AWS_VIDP,New Delhi / Indira Gandhi Intl,Delhi,Delhi,28.5667,77.1167,233.0,12.0,1015.92,93.6,NOAA/NWS ASOS via IEM Archive (provided source file),0,NORMAL,,,,,,20,5,1,5,Winter,0,-1.0,1.0199999999999818,0.0
2025-01-05 20:30:00,AWS_VIDP,New Delhi / Indira Gandhi Intl,Delhi,Delhi,28.5667,77.1167,233.0,12.0,1015.92,93.6,NOAA/NWS ASOS via IEM Archive (provided source file),0,NORMAL,,,,,,20,5,1,5,Winter,0,0.0,0.0,0.0
2025-01-05 21:00:00,AWS_VIDP,New Delhi / Indira Gandhi Intl,Delhi,Delhi,28.5667,77.1167,233.0,12.0,1015.92,93.6,NOAA/NWS ASOS via IEM Archive (provided source file),0,NORMAL,,,,,,21,5,1,5,Winter,0,0.0,0.0,0.0
2025-01-05 21:30:00,AWS_VIDP,New Delhi / Indira Gandhi Intl,Delhi,Delhi,28.5667,77.1167,233.0,12.0,1015.92,93.6,NOAA/NWS ASOS via IEM Archive (provided source file),0,NORMAL,,,,,,21,5,1,5,Winter,0,0.0,0.0,0.0
2025-01-05 22:00:00,AWS_VIDP,New Delhi / Indira Gandhi Intl,Delhi,Delhi,28.5667,77.1167,233.0,12.0,1016.93,93.6,NOAA/NWS ASOS via IEM Archive (provided source file),0,NORMAL,,,,,,22,5,1,5,Winter,0,0.0,1.009999999999991,0.0
2025-01-05 22:30:00,AWS_VIDP,New Delhi / Indira Gandhi Intl,Delhi,Delhi,28.5667,77.1167,233.0,12.0,1016.93,93.6,NOAA/NWS ASOS via IEM Archive (provided source file),0,NORMAL,,,,,,22,5,1,5,Winter,0,0.0,0.0,0.0
2025-01-05 23:00:00,AWS_VIDP,New Delhi / Indira Gandhi Intl,Delhi,Delhi,28.5667,77.1167,233.0,12.0,1016.93,93.6,NOAA/NWS ASOS via IEM Archive (provided source file),0,NORMAL,,,,,,23,5,1,5,Winter,0,0.0,0.0,0.0
2025-01-05 23:30:00,AWS_VIDP,New Delhi / Indira Gandhi Intl,Delhi,Delhi,28.5667,77.1167,233.0,12.0,1016.93,93.6,NOAA/NWS ASOS via IEM Archive (provided source file),0,NORMAL,,,,,,23,5,1,5,Winter,0,0.0,0.0,0.0
2025-01-06 00:00:00,AWS_VIDP,New Delhi / Indira Gandhi Intl,Delhi,Delhi,28.5667,77.1167,233.0,11.0,1016.93,100.0,NOAA/NWS ASOS via IEM Archive (provided source file),0,NORMAL,,,,,,0,6,1,6,Winter,0,-1.0,0.0,6.400000000000006
2025-01-06 00:30:00,AWS_VIDP,New Delhi / Indira Gandhi Intl,Delhi,Delhi,28.5667,77.1167,233.0,11.0,1015.92,100.0,NOAA/NWS ASOS via IEM Archive (provided source file),0,NORMAL,,,,,,0,6,1,6,Winter,0,0.0,-1.009999999999991,0.0
2025-01-06 01:00:00,AWS_VIDP,New Delhi / Indira Gandhi Intl,Delhi,Delhi,28.5667,77.1167,233.0,11.0,1015.92,100.0,NOAA/NWS ASOS via IEM Archive (provided source file),0,NORMAL,,,,,,1,6,1,6,Winter,0,0.0,0.0,0.0
2025-01-06 01:30:00,AWS_VIDP,New Delhi / Indira Gandhi Intl,Delhi,Delhi,28.5667,77.1167,233.0,11.0,1015.92,100.0,NOAA/NWS ASOS via IEM Archive (provided source file),0,NORMAL,,,,,,1,6,1,6,Winter,0,0.0,0.0,0.0
2025-01-06 02:00:00,AWS_VIDP,New Delhi / Indira Gandhi Intl,Delhi,Delhi,28.5667,77.1167,233.0,11.0,1015.92,100.0,NOAA/NWS ASOS via IEM Archive (provided source file),0,NORMAL,,,,,,2,6,1,6,Winter,0,0.0,0.0,0.0
2025-01-06 02:30:00,AWS_VIDP,New Delhi / Indira Gandhi Intl,Delhi,Delhi,28.5667,77.1167,233.0,11.0,1014.9,100.0,NOAA/NWS ASOS via IEM Archive (provided source file),0,NORMAL,,,,,,2,6,1,6,Winter,0,0.0,-1.0199999999999818,0.0
2025-01-06 03:00:00,AWS_VIDP,New Delhi / Indira Gandhi Intl,Delhi,Delhi,28.5667,77.1167,233.0,11.0,1014.9,100.0,NOAA/NWS ASOS via IEM Archive (provided source file),0,NORMAL,,,,,,3,6,1,6,Winter,0,0.0,0.0,0.0
2025-01-06 03:30:00,AWS_VIDP,New Delhi / Indira Gandhi Intl,Delhi,Delhi,28.5667,77.1167,233.0,11.0,1014.9,100.0,NOAA/NWS ASOS via IEM Archive (provided source file),0,NORMAL,,,,,,3,6,1,6,Winter,0,0.0,0.0,0.0
2025-01-06 04:00:00,AWS_VIDP,New Delhi / Indira Gandhi Intl,Delhi,Delhi,28.5667,77.1167,233.0,11.0,1014.9,100.0,NOAA/NWS ASOS via IEM Archive (provided source file),0,NORMAL,,,,,,4,6,1,6,Winter,0,0.0,0.0,0.0
2025-01-06 04:30:00,AWS_VIDP,New Delhi / Indira Gandhi Intl,Delhi,Delhi,28.5667,77.1167,233.0,11.0,1014.9,100.0,NOAA/NWS ASOS via IEM Archive (provided source file),0,NORMAL,,,,,,4,6,1,6,Winter,0,0.0,0.0,0.0
2025-01-06 05:00:00,AWS_VIDP,New Delhi / Indira Gandhi Intl,Delhi,Delhi,28.5667,77.1167,233.0,11.0,1014.9,93.6,NOAA/NWS ASOS via IEM Archive (provided source file),0,NORMAL,,,,,,5,6,1,6,Winter,0,0.0,0.0,-6.400000000000006
2025-01-06 05:30:00,AWS_VIDP,New Delhi / Indira Gandhi Intl,Delhi,Delhi,28.5667,77.1167,233.0,11.0,1014.9,93.6,NOAA/NWS ASOS via IEM Archive (provided source file),0,NORMAL,,,,,,5,6,1,6,Winter,0,0.0,0.0,0.0
2025-01-06 06:00:00,AWS_VIDP,New Delhi / Indira Gandhi Intl,Delhi,Delhi,28.5667,77.1167,233.0,11.0,1015.92,93.6,NOAA/NWS ASOS via IEM Archive (provided source file),0,NORMAL,,,,,,6,6,1,6,Winter,1,0.0,1.0199999999999818,0.0
2025-01-06 06:30:00,AWS_VIDP,New Delhi / Indira Gandhi Intl,Delhi,Delhi,28.5667,77.1167,233.0,11.0,1016.93,93.6,NOAA/NWS ASOS via IEM Archive (provided source file),0,NORMAL,,,,,,6,6,1,6,Winter,1,0.0,1.009999999999991,0.0
2025-01-06 07:00:00,AWS_VIDP,New Delhi / Indira Gandhi Intl,Delhi,Delhi,28.5667,77.1167,233.0,11.0,1016.93,93.6,NOAA/NWS ASOS via IEM Archive (provided source file),0,NORMAL,,,,,,7,6,1,6,Winter,1,0.0,0.0,0.0
2025-01-06 07:30:00,AWS_VIDP,New Delhi / Indira Gandhi Intl,Delhi,Delhi,28.5667,77.1167,233.0,12.0,1016.93,93.6,NOAA/NWS ASOS via IEM Archive (provided source file),0,NORMAL,,,,,,7,6,1,6,Winter,1,1.0,0.0,0.0
2025-01-06 08:00:00,AWS_VIDP,New Delhi / Indira Gandhi Intl,Delhi,Delhi,28.5667,77.1167,233.0,12.0,1016.93,87.6,NOAA/NWS ASOS via IEM Archive (provided source file),0,NORMAL,,,,,,8,6,1,6,Winter,1,0.0,0.0,-6.0
2025-01-06 08:30:00,AWS_VIDP,New Delhi / Indira Gandhi Intl,Delhi,Delhi,28.5667,77.1167,233.0,12.0,1017.95,87.6,NOAA/NWS ASOS via IEM Archive (provided source file),0,NORMAL,,,,,,8,6,1,6,Winter,1,0.0,1.0200000000000955,0.0
2025-01-06 09:00:00,AWS_VIDP,New Delhi / Indira Gandhi Intl,Delhi,Delhi,28.5667,77.1167,233.0,12.0,1017.95,87.6,NOAA/NWS ASOS via IEM Archive (provided source file),0,NORMAL,,,,,,9,6,1,6,Winter,1,0.0,0.0,0.0
2025-01-06 09:30:00,AWS_VIDP,New Delhi / Indira Gandhi Intl,Delhi,Delhi,28.5667,77.1167,233.0,12.0,1018.96,87.6,NOAA/NWS ASOS via IEM Archive (provided source file),0,NORMAL,,,,,,9,6,1,6,Winter,1,0.0,1.009999999999991,0.0
2025-01-06 10:00:00,AWS_VIDP,New Delhi / Indira Gandhi Intl,Delhi,Delhi,28.5667,77.1167,233.0,13.0,1018.96,82.0,NOAA/NWS ASOS via IEM Archive (provided source file),0,NORMAL,,,,,,10,6,1,6,Winter,1,1.0,0.0,-5.599999999999994
2025-01-06 10:30:00,AWS_VIDP,New Delhi / Indira Gandhi Intl,Delhi,Delhi,28.5667,77.1167,233.0,13.0,1018.96,82.0,NOAA/NWS ASOS via IEM Archive (provided source file),0,NORMAL,,,,,,10,6,1,6,Winter,1,0.0,0.0,0.0
2025-01-06 11:00:00,AWS_VIDP,New Delhi / Indira Gandhi Intl,Delhi,Delhi,28.5667,77.1167,233.0,13.0,1018.96,82.0,NOAA/NWS ASOS via IEM Archive (provided source file),0,NORMAL,,,,,,11,6,1,6,Winter,1,0.0,0.0,0.0
2025-01-06 11:30:00,AWS_VIDP,New Delhi / Indira Gandhi Intl,Delhi,Delhi,28.5667,77.1167,233.0,13.0,1018.96,82.0,NOAA/NWS ASOS via IEM Archive (provided source file),0,NORMAL,,,,,,11,6,1,6,Winter,1,0.0,0.0,0.0
2025-01-06 12:00:00,AWS_VIDP,New Delhi / Indira Gandhi Intl,Delhi,Delhi,28.5667,77.1167,233.0,13.0,1018.96,87.6,NOAA/NWS ASOS via IEM Archive (provided source file),0,NORMAL,,,,,,12,6,1,6,Winter,1,0.0,0.0,5.599999999999994
2025-01-06 12:30:00,AWS_VIDP,New Delhi / Indira Gandhi Intl,Delhi,Delhi,28.5667,77.1167,233.0,14.0,1017.95,82.1,NOAA/NWS ASOS via IEM Archive (provided source file),0,NORMAL,,,,,,12,6,1,6,Winter,1,1.0,-1.009999999999991,-5.5
2025-01-06 13:00:00,AWS_VIDP,New Delhi / Indira Gandhi Intl,Delhi,Delhi,28.5667,77.1167,233.0,14.0,1017.95,76.8,NOAA/NWS ASOS via IEM Archive (provided source file),0,NORMAL,,,,,,13,6,1,6,Winter,1,0.0,0.0,-5.299999999999997
2025-01-06 13:30:00,AWS_VIDP,New Delhi / Indira Gandhi Intl,Delhi,Delhi,28.5667,77.1167,233.0,15.0,1016.93,72.0,NOAA/NWS ASOS via IEM Archive (provided source file),0,NORMAL,,,,,,13,6,1,6,Winter,1,1.0,-1.0200000000000955,-4.799999999999997
2025-01-06 14:00:00,AWS_VIDP,New Delhi / Indira Gandhi Intl,Delhi,Delhi,28.5667,77.1167,233.0,14.0,1016.93,76.8,NOAA/NWS ASOS via IEM Archive (provided source file),0,NORMAL,,,,,,14,6,1,6,Winter,1,-1.0,0.0,4.799999999999997
2025-01-06 14:30:00,AWS_VIDP,New Delhi / Indira Gandhi Intl,Delhi,Delhi,28.5667,77.1167,233.0,14.0,1016.93,82.1,NOAA/NWS ASOS via IEM Archive (provided source file),0,NORMAL,,,,,,14,6,1,6,Winter,1,0.0,0.0,5.299999999999997
2025-01-06 15:00:00,AWS_VIDP,New Delhi / Indira Gandhi Intl,Delhi,Delhi,28.5667,77.1167,233.0,14.0,1016.93,82.1,NOAA/NWS ASOS via IEM Archive (provided source file),0,NORMAL,,,,,,15,6,1,6,Winter,1,0.0,0.0,0.0
2025-01-06 15:30:00,AWS_VIDP,New Delhi / Indira Gandhi Intl,Delhi,Delhi,28.5667,77.1167,233.0,14.0,1016.93,82.1,NOAA/NWS ASOS via IEM Archive (provided source file),0,NORMAL,,,,,,15,6,1,6,Winter,1,0.0,0.0,0.0
2025-01-06 16:00:00,AWS_VIDP,New Delhi / Indira Gandhi Intl,Delhi,Delhi,28.5667,77.1167,233.0,14.0,1016.93,87.7,NOAA/NWS ASOS via IEM Archive (provided source file),0,NORMAL,,,,,,16,6,1,6,Winter,1,0.0,0.0,5.6000000000000085
2025-01-06 16:30:00,AWS_VIDP,New Delhi / Indira Gandhi Intl,Delhi,Delhi,28.5667,77.1167,233.0,14.0,1016.93,87.7,NOAA/NWS ASOS via IEM Archive (provided source file),0,NORMAL,,,,,,16,6,1,6,Winter,1,0.0,0.0,0.0
2025-01-06 17:00:00,AWS_VIDP,New Delhi / Indira Gandhi Intl,Delhi,Delhi,28.5667,77.1167,233.0,13.0,1015.92,87.6,NOAA/NWS ASOS via IEM Archive (provided source file),0,NORMAL,,,,,,17,6,1,6,Winter,1,-1.0,-1.009999999999991,-0.10000000000000853
2025-01-06 17:30:00,AWS_VIDP,New Delhi / Indira Gandhi Intl,Delhi,Delhi,28.5667,77.1167,233.0,13.0,1015.92,87.6,NOAA/NWS ASOS via IEM Archive (provided source file),0,NORMAL,,,,,,17,6,1,6,Winter,1,0.0,0.0,0.0
2025-01-06 18:00:00,AWS_VIDP,New Delhi / Indira Gandhi Intl,Delhi,Delhi,28.5667,77.1167,233.0,13.0,1016.93,87.6,NOAA/NWS ASOS via IEM Archive (provided source file),0,NORMAL,,,,,,18,6,1,6,Winter,0,0.0,1.009999999999991,0.0
2025-01-06 18:30:00,AWS_VIDP,New Delhi / Indira Gandhi Intl,Delhi,Delhi,28.5667,77.1167,233.0,13.0,1016.93,87.6,NOAA/NWS ASOS via IEM Archive (provided source file),0,NORMAL,,,,,,18,6,1,6,Winter,0,0.0,0.0,0.0
2025-01-06 19:00:00,AWS_VIDP,New Delhi / Indira Gandhi Intl,Delhi,Delhi,28.5667,77.1167,233.0,13.0,1016.93,93.6,NOAA/NWS ASOS via IEM Archive (provided source file),0,NORMAL,,,,,,19,6,1,6,Winter,0,0.0,0.0,6.0
2025-01-06 19:30:00,AWS_VIDP,New Delhi / Indira Gandhi Intl,Delhi,Delhi,28.5667,77.1167,233.0,13.0,1016.93,93.6,NOAA/NWS ASOS via IEM Archive (provided source file),0,NORMAL,,,,,,19,6,1,6,Winter,0,0.0,0.0,0.0
2025-01-06 20:00:00,AWS_VIDP,New Delhi / Indira Gandhi Intl,Delhi,Delhi,28.5667,77.1167,233.0,13.0,1017.95,93.6,NOAA/NWS ASOS via IEM Archive (provided source file),0,NORMAL,,,,,,20,6,1,6,Winter,0,0.0,1.0200000000000955,0.0
2025-01-06 20:30:00,AWS_VIDP,New Delhi / Indira Gandhi Intl,Delhi,Delhi,28.5667,77.1167,233.0,13.0,1017.95,93.6,NOAA/NWS ASOS via IEM Archive (provided source file),0,NORMAL,,,,,,20,6,1,6,Winter,0,0.0,0.0,0.0
2025-01-06 21:00:00,AWS_VIDP,New Delhi / Indira Gandhi Intl,Delhi,Delhi,28.5667,77.1167,233.0,13.0,1017.95,93.6,NOAA/NWS ASOS via IEM Archive (provided source file),0,NORMAL,,,,,,21,6,1,6,Winter,0,0.0,0.0,0.0
2025-01-06 21:30:00,AWS_VIDP,New Delhi / Indira Gandhi Intl,Delhi,Delhi,28.5667,77.1167,233.0,12.0,1017.95,100.0,NOAA/NWS ASOS via IEM Archive (provided source file),0,NORMAL,,,,,,21,6,1,6,Winter,0,-1.0,0.0,6.400000000000006
2025-01-06 22:00:00,AWS_VIDP,New Delhi / Indira Gandhi Intl,Delhi,Delhi,28.5667,77.1167,233.0,12.0,1017.95,100.0,NOAA/NWS ASOS via IEM Archive (provided source file),0,NORMAL,,,,,,22,6,1,6,Winter,0,0.0,0.0,0.0
2025-01-06 22:30:00,AWS_VIDP,New Delhi / Indira Gandhi Intl,Delhi,Delhi,28.5667,77.1167,233.0,12.0,1017.95,100.0,NOAA/NWS ASOS via IEM Archive (provided source file),0,NORMAL,,,,,,22,6,1,6,Winter,0,0.0,0.0,0.0
2025-01-06 23:00:00,AWS_VIDP,New Delhi / Indira Gandhi Intl,Delhi,Delhi,28.5667,77.1167,233.0,12.0,1017.95,100.0,NOAA/NWS ASOS via IEM Archive (provided source file),0,NORMAL,,,,,,23,6,1,6,Winter,0,0.0,0.0,0.0
2025-01-06 23:30:00,AWS_VIDP,New Delhi / Indira Gandhi Intl,Delhi,Delhi,28.5667,77.1167,233.0,12.0,1017.95,100.0,NOAA/NWS ASOS via IEM Archive (provided source file),0,NORMAL,,,,,,23,6,1,6,Winter,0,0.0,0.0,0.0
2025-01-01 00:00:00,AWS_VOBL,Bengaluru / Kempegowda Intl,Bengaluru,Karnataka,13.1979,77.7063,915.0,18.0,1019.98,88.1,NOAA/NWS ASOS via IEM Archive (provided source file),0,NORMAL,,,,,,0,1,1,1,Winter,0,,,
2025-01-01 00:30:00,AWS_VOBL,Bengaluru / Kempegowda Intl,Bengaluru,Karnataka,13.1979,77.7063,915.0,18.0,1018.96,88.1,NOAA/NWS ASOS via IEM Archive (provided source file),0,NORMAL,,,,,,0,1,1,1,Winter,0,0.0,-1.0199999999999818,0.0
2025-01-01 01:00:00,AWS_VOBL,Bengaluru / Kempegowda Intl,Bengaluru,Karnataka,13.1979,77.7063,915.0,18.0,1018.96,88.1,NOAA/NWS ASOS via IEM Archive (provided source file),0,NORMAL,,,,,,1,1,1,1,Winter,0,0.0,0.0,0.0
2025-01-01 01:30:00,AWS_VOBL,Bengaluru / Kempegowda Intl,Bengaluru,Karnataka,13.1979,77.7063,915.0,18.0,1018.96,88.1,NOAA/NWS ASOS via IEM Archive (provided source file),0,NORMAL,,,,,,1,1,1,1,Winter,0,0.0,0.0,0.0
2025-01-01 02:00:00,AWS_VOBL,Bengaluru / Kempegowda Intl,Bengaluru,Karnataka,13.1979,77.7063,915.0,17.0,1018.96,93.8,NOAA/NWS ASOS via IEM Archive (provided source file),0,NORMAL,,,,,,2,1,1,1,Winter,0,-1.0,0.0,5.700000000000003
2025-01-01 02:30:00,AWS_VOBL,Bengaluru / Kempegowda Intl,Bengaluru,Karnataka,13.1979,77.7063,915.0,17.0,1017.95,93.8,NOAA/NWS ASOS via IEM Archive (provided source file),0,NORMAL,,,,,,2,1,1,1,Winter,0,0.0,-1.009999999999991,0.0
2025-01-01 03:00:00,AWS_VOBL,Bengaluru / Kempegowda Intl,Bengaluru,Karnataka,13.1979,77.7063,915.0,17.0,1017.95,93.8,NOAA/NWS ASOS via IEM Archive (provided source file),0,NORMAL,,,,,,3,1,1,1,Winter,0,0.0,0.0,0.0
2025-01-01 03:30:00,AWS_VOBL,Bengaluru / Kempegowda Intl,Bengaluru,Karnataka,13.1979,77.7063,915.0,16.0,1016.93,100.0,NOAA/NWS ASOS via IEM Archive (provided source file),0,NORMAL,,,,,,3,1,1,1,Winter,0,-1.0,-1.0200000000000955,6.200000000000003
2025-01-01 04:00:00,AWS_VOBL,Bengaluru / Kempegowda Intl,Bengaluru,Karnataka,13.1979,77.7063,915.0,16.0,1016.93,93.8,NOAA/NWS ASOS via IEM Archive (provided source file),0,NORMAL,,,,,,4,1,1,1,Winter,0,0.0,0.0,-6.200000000000003
2025-01-01 04:30:00,AWS_VOBL,Bengaluru / Kempegowda Intl,Bengaluru,Karnataka,13.1979,77.7063,915.0,15.0,1016.93,100.0,NOAA/NWS ASOS via IEM Archive (provided source file),0,NORMAL,,,,,,4,1,1,1,Winter,0,-1.0,0.0,6.200000000000003
2025-01-01 05:00:00,AWS_VOBL,Bengaluru / Kempegowda Intl,Bengaluru,Karnataka,13.1979,77.7063,915.0,16.0,1017.95,100.0,NOAA/NWS ASOS via IEM Archive (provided source file),0,NORMAL,,,,,,5,1,1,1,Winter,0,1.0,1.0200000000000955,0.0
2025-01-01 05:30:00,AWS_VOBL,Bengaluru / Kempegowda Intl,Bengaluru,Karnataka,13.1979,77.7063,915.0,15.0,1017.95,100.0,NOAA/NWS ASOS via IEM Archive (provided source file),0,NORMAL,,,,,,5,1,1,1,Winter,0,-1.0,0.0,0.0
2025-01-01 06:00:00,AWS_VOBL,Bengaluru / Kempegowda Intl,Bengaluru,Karnataka,13.1979,77.7063,915.0,15.0,1017.95,100.0,NOAA/NWS ASOS via IEM Archive (provided source file),0,NORMAL,,,,,,6,1,1,1,Winter,1,0.0,0.0,0.0
2025-01-01 06:30:00,AWS_VOBL,Bengaluru / Kempegowda Intl,Bengaluru,Karnataka,13.1979,77.7063,915.0,15.0,1017.95,100.0,NOAA/NWS ASOS via IEM Archive (provided source file),0,NORMAL,,,,,,6,1,1,1,Winter,1,0.0,0.0,0.0
2025-01-01 07:00:00,AWS_VOBL,Bengaluru / Kempegowda Intl,Bengaluru,Karnataka,13.1979,77.7063,915.0,15.0,1017.95,100.0,NOAA/NWS ASOS via IEM Archive (provided source file),0,NORMAL,,,,,,7,1,1,1,Winter,1,0.0,0.0,0.0
2025-01-01 07:30:00,AWS_VOBL,Bengaluru / Kempegowda Intl,Bengaluru,Karnataka,13.1979,77.7063,915.0,15.0,1018.96,100.0,NOAA/NWS ASOS via IEM Archive (provided source file),0,NORMAL,,,,,,7,1,1,1,Winter,1,0.0,1.009999999999991,0.0
2025-01-01 08:00:00,AWS_VOBL,Bengaluru / Kempegowda Intl,Bengaluru,Karnataka,13.1979,77.7063,915.0,16.0,1018.96,93.8,NOAA/NWS ASOS via IEM Archive (provided source file),0,NORMAL,,,,,,8,1,1,1,Winter,1,1.0,0.0,-6.200000000000003
2025-01-01 08:30:00,AWS_VOBL,Bengaluru / Kempegowda Intl,Bengaluru,Karnataka,13.1979,77.7063,915.0,16.0,1019.98,100.0,NOAA/NWS ASOS via IEM Archive (provided source file),0,NORMAL,,,,,,8,1,1,1,Winter,1,0.0,1.0199999999999818,6.200000000000003
2025-01-01 09:00:00,AWS_VOBL,Bengaluru / Kempegowda Intl,Bengaluru,Karnataka,13.1979,77.7063,915.0,18.0,1019.98,88.1,NOAA/NWS ASOS via IEM Archive (provided source file),0,NORMAL,,,,,,9,1,1,1,Winter,1,2.0,0.0,-11.900000000000006
2025-01-01 09:30:00,AWS_VOBL,Bengaluru / Kempegowda Intl,Bengaluru,Karnataka,13.1979,77.7063,915.0,20.0,1019.98,77.8,NOAA/NWS ASOS via IEM Archive (provided source file),0,NORMAL,,,,,,9,1,1,1,Winter,1,2.0,0.0,-10.299999999999997
2025-01-01 10:00:00,AWS_VOBL,Bengaluru / Kempegowda Intl,Bengaluru,Karnataka,13.1979,77.7063,915.0,21.0,1019.98,68.6,NOAA/NWS ASOS via IEM Archive (provided source file),0,NORMAL,,,,,,10,1,1,1,Winter,1,1.0,0.0,-9.200000000000003
2025-01-01 10:30:00,AWS_VOBL,Bengaluru / Kempegowda Intl,Bengaluru,Karnataka,13.1979,77.7063,915.0,23.0,1019.98,60.7,NOAA/NWS ASOS via IEM Archive (provided source file),0,NORMAL,,,,,,10,1,1,1,Winter,1,2.0,0.0,-7.8999999999999915
2025-01-01 11:00:00,AWS_VOBL,Bengaluru / Kempegowda Intl,Bengaluru,Karnataka,13.1979,77.7063,915.0,23.0,1019.98,53.3,NOAA/NWS ASOS via IEM Archive (provided source file),0,NORMAL,,,,,,11,1,1,1,Winter,1,0.0,0.0,-7.400000000000006
2025-01-01 11:30:00,AWS_VOBL,Bengaluru / Kempegowda Intl,Bengaluru,Karnataka,13.1979,77.7063,915.0,24.0,1018.96,50.2,NOAA/NWS ASOS via IEM Archive (provided source file),0,NORMAL,,,,,,11,1,1,1,Winter,1,1.0,-1.0199999999999818,-3.0999999999999943
2025-01-01 12:00:00,AWS_VOBL,Bengaluru / Kempegowda Intl,Bengaluru,Karnataka,13.1979,77.7063,915.0,24.0,1018.96,50.2,NOAA/NWS ASOS via IEM Archive (provided source file),0,NORMAL,,,,,,12,1,1,1,Winter,1,0.0,0.0,0.0
2025-01-01 12:30:00,AWS_VOBL,Bengaluru / Kempegowda Intl,Bengaluru,Karnataka,13.1979,77.7063,915.0,24.0,1017.95,50.2,NOAA/NWS ASOS via IEM Archive (provided source file),0,NORMAL,,,,,,12,1,1,1,Winter,1,0.0,-1.009999999999991,0.0
2025-01-01 13:00:00,AWS_VOBL,Bengaluru / Kempegowda Intl,Bengaluru,Karnataka,13.1979,77.7063,915.0,25.0,1017.95,44.2,NOAA/NWS ASOS via IEM Archive (provided source file),0,NORMAL,,,,,,13,1,1,1,Winter,1,1.0,0.0,-6.0
2025-01-01 13:30:00,AWS_VOBL,Bengaluru / Kempegowda Intl,Bengaluru,Karnataka,13.1979,77.7063,915.0,26.0,1016.93,41.7,NOAA/NWS ASOS via IEM Archive (provided source file),0,NORMAL,,,,,,13,1,1,1,Winter,1,1.0,-1.0200000000000955,-2.5
2025-01-01 14:00:00,AWS_VOBL,Bengaluru / Kempegowda Intl,Bengaluru,Karnataka,13.1979,77.7063,915.0,26.0,1015.92,39.0,NOAA/NWS ASOS via IEM Archive (provided source file),0,NORMAL,,,,,,14,1,1,1,Winter,1,0.0,-1.009999999999991,-2.700000000000003
2025-01-01 14:30:00,AWS_VOBL,Bengaluru / Kempegowda Intl,Bengaluru,Karnataka,13.1979,77.7063,915.0,26.0,1015.92,39.0,NOAA/NWS ASOS via IEM Archive (provided source file),0,NORMAL,,,,,,14,1,1,1,Winter,1,0.0,0.0,0.0
2025-01-01 15:00:00,AWS_VOBL,Bengaluru / Kempegowda Intl,Bengaluru,Karnataka,13.1979,77.7063,915.0,26.0,1015.92,39.0,NOAA/NWS ASOS via IEM Archive (provided source file),0,NORMAL,,,,,,15,1,1,1,Winter,1,0.0,0.0,0.0
2025-01-01 15:30:00,AWS_VOBL,Bengaluru / Kempegowda Intl,Bengaluru,Karnataka,13.1979,77.7063,915.0,26.0,1014.9,39.0,NOAA/NWS ASOS via IEM Archive (provided source file),0,NORMAL,,,,,,15,1,1,1,Winter,1,0.0,-1.0199999999999818,0.0
2025-01-01 16:00:00,AWS_VOBL,Bengaluru / Kempegowda Intl,Bengaluru,Karnataka,13.1979,77.7063,915.0,26.0,1014.9,41.7,NOAA/NWS ASOS via IEM Archive (provided source file),0,NORMAL,,,,,,16,1,1,1,Winter,1,0.0,0.0,2.700000000000003
2025-01-01 16:30:00,AWS_VOBL,Bengaluru / Kempegowda Intl,Bengaluru,Karnataka,13.1979,77.7063,915.0,25.0,1014.9,44.2,NOAA/NWS ASOS via IEM Archive (provided source file),0,NORMAL,,,,,,16,1,1,1,Winter,1,-1.0,0.0,2.5
2025-01-01 17:00:00,AWS_VOBL,Bengaluru / Kempegowda Intl,Bengaluru,Karnataka,13.1979,77.7063,915.0,25.0,1014.9,44.2,NOAA/NWS ASOS via IEM Archive (provided source file),0,NORMAL,,,,,,17,1,1,1,Winter,1,0.0,0.0,0.0
2025-01-01 17:30:00,AWS_VOBL,Bengaluru / Kempegowda Intl,Bengaluru,Karnataka,13.1979,77.7063,915.0,24.0,1015.92,50.2,NOAA/NWS ASOS via IEM Archive (provided source file),0,NORMAL,,,,,,17,1,1,1,Winter,1,-1.0,1.0199999999999818,6.0
2025-01-01 18:00:00,AWS_VOBL,Bengaluru / Kempegowda Intl,Bengaluru,Karnataka,13.1979,77.7063,915.0,23.0,1015.92,53.3,NOAA/NWS ASOS via IEM Archive (provided source file),0,NORMAL,,,,,,18,1,1,1,Winter,0,-1.0,0.0,3.0999999999999943
2025-01-01 18:30:00,AWS_VOBL,Bengaluru / Kempegowda Intl,Bengaluru,Karnataka,13.1979,77.7063,915.0,22.0,1016.93,56.6,NOAA/NWS ASOS via IEM Archive (provided source file),0,NORMAL,,,,,,18,1,1,1,Winter,0,-1.0,1.009999999999991,3.3000000000000043
2025-01-01 19:00:00,AWS_VOBL,Bengaluru / Kempegowda Intl,Bengaluru,Karnataka,13.1979,77.7063,915.0,21.0,1016.93,64.3,NOAA/NWS ASOS via IEM Archive (provided source file),0,NORMAL,,,,,,19,1,1,1,Winter,0,-1.0,0.0,7.699999999999996
2025-01-01 19:30:00,AWS_VOBL,Bengaluru / Kempegowda Intl,Bengaluru,Karnataka,13.1979,77.7063,915.0,21.0,1017.95,64.3,NOAA/NWS ASOS via IEM Archive (provided source file),0,NORMAL,,,,,,19,1,1,1,Winter,0,0.0,1.0200000000000955,0.0
2025-01-01 20:00:00,AWS_VOBL,Bengaluru / Kempegowda Intl,Bengaluru,Karnataka,13.1979,77.7063,915.0,20.0,1017.95,68.4,NOAA/NWS ASOS via IEM Archive (provided source file),0,NORMAL,,,,,,20,1,1,1,Winter,0,-1.0,0.0,4.1000000000000085
2025-01-01 20:30:00,AWS_VOBL,Bengaluru / Kempegowda Intl,Bengaluru,Karnataka,13.1979,77.7063,915.0,19.0,1018.96,72.7,NOAA/NWS ASOS via IEM Archive (provided source file),0,NORMAL,,,,,,20,1,1,1,Winter,0,-1.0,1.009999999999991,4.299999999999997
2025-01-01 21:00:00,AWS_VOBL,Bengaluru / Kempegowda Intl,Bengaluru,Karnataka,13.1979,77.7063,915.0,19.0,1018.96,77.6,NOAA/NWS ASOS via IEM Archive (provided source file),0,NORMAL,,,,,,21,1,1,1,Winter,0,0.0,0.0,4.8999999999999915
2025-01-01 21:30:00,AWS_VOBL,Bengaluru / Kempegowda Intl,Bengaluru,Karnataka,13.1979,77.7063,915.0,19.0,1018.96,77.6,NOAA/NWS ASOS via IEM Archive (provided source file),0,NORMAL,,,,,,21,1,1,1,Winter,0,0.0,0.0,0.0
2025-01-01 22:00:00,AWS_VOBL,Bengaluru / Kempegowda Intl,Bengaluru,Karnataka,13.1979,77.7063,915.0,19.0,1018.96,77.6,NOAA/NWS ASOS via IEM Archive (provided source file),0,NORMAL,,,,,,22,1,1,1,Winter,0,0.0,0.0,0.0
2025-01-01 22:30:00,AWS_VOBL,Bengaluru / Kempegowda Intl,Bengaluru,Karnataka,13.1979,77.7063,915.0,18.0,1018.96,82.6,NOAA/NWS ASOS via IEM Archive (provided source file),0,NORMAL,,,,,,22,1,1,1,Winter,0,-1.0,0.0,5.0
2025-01-01 23:00:00,AWS_VOBL,Bengaluru / Kempegowda Intl,Bengaluru,Karnataka,13.1979,77.7063,915.0,18.0,1018.96,82.6,NOAA/NWS ASOS via IEM Archive (provided source file),0,NORMAL,,,,,,23,1,1,1,Winter,0,0.0,0.0,0.0
2025-01-01 23:30:00,AWS_VOBL,Bengaluru / Kempegowda Intl,Bengaluru,Karnataka,13.1979,77.7063,915.0,17.0,1018.96,88.0,NOAA/NWS ASOS via IEM Archive (provided source file),0,NORMAL,,,,,,23,1,1,1,Winter,0,-1.0,0.0,5.400000000000006
2025-01-02 00:00:00,AWS_VOBL,Bengaluru / Kempegowda Intl,Bengaluru,Karnataka,13.1979,77.7063,915.0,17.0,1017.95,88.0,NOAA/NWS ASOS via IEM Archive (provided source file),0,NORMAL,,,,,,0,2,1,2,Winter,0,0.0,-1.009999999999991,0.0
2025-01-02 00:30:00,AWS_VOBL,Bengaluru / Kempegowda Intl,Bengaluru,Karnataka,13.1979,77.7063,915.0,17.0,1017.95,88.0,NOAA/NWS ASOS via IEM Archive (provided source file),0,NORMAL,,,,,,0,2,1,2,Winter,0,0.0,0.0,0.0
2025-01-02 01:00:00,AWS_VOBL,Bengaluru / Kempegowda Intl,Bengaluru,Karnataka,13.1979,77.7063,915.0,16.0,1017.95,93.8,NOAA/NWS ASOS via IEM Archive (provided source file),0,NORMAL,,,,,,1,2,1,2,Winter,0,-1.0,0.0,5.799999999999997
2025-01-02 01:30:00,AWS_VOBL,Bengaluru / Kempegowda Intl,Bengaluru,Karnataka,13.1979,77.7063,915.0,16.0,1016.93,93.8,NOAA/NWS ASOS via IEM Archive (provided source file),0,NORMAL,,,,,,1,2,1,2,Winter,0,0.0,-1.0200000000000955,0.0
2025-01-02 02:00:00,AWS_VOBL,Bengaluru / Kempegowda Intl,Bengaluru,Karnataka,13.1979,77.7063,915.0,16.0,1016.93,93.8,NOAA/NWS ASOS via IEM Archive (provided source file),0,NORMAL,,,,,,2,2,1,2,Winter,0,0.0,0.0,0.0
2025-01-02 02:30:00,AWS_VOBL,Bengaluru / Kempegowda Intl,Bengaluru,Karnataka,13.1979,77.7063,915.0,16.0,1016.93,93.8,NOAA/NWS ASOS via IEM Archive (provided source file),0,NORMAL,,,,,,2,2,1,2,Winter,0,0.0,0.0,0.0
2025-01-02 03:00:00,AWS_VOBL,Bengaluru / Kempegowda Intl,Bengaluru,Karnataka,13.1979,77.7063,915.0,15.0,1015.92,93.7,NOAA/NWS ASOS via IEM Archive (provided source file),0,NORMAL,,,,,,3,2,1,2,Winter,0,-1.0,-1.009999999999991,-0.09999999999999432
2025-01-02 03:30:00,AWS_VOBL,Bengaluru / Kempegowda Intl,Bengaluru,Karnataka,13.1979,77.7063,915.0,14.0,1015.92,100.0,NOAA/NWS ASOS via IEM Archive (provided source file),0,NORMAL,,,,,,3,2,1,2,Winter,0,-1.0,0.0,6.299999999999997
2025-01-02 04:00:00,AWS_VOBL,Bengaluru / Kempegowda Intl,Bengaluru,Karnataka,13.1979,77.7063,915.0,14.0,1015.92,100.0,NOAA/NWS ASOS via IEM Archive (provided source file),0,NORMAL,,,,,,4,2,1,2,Winter,0,0.0,0.0,0.0
2025-01-02 04:30:00,AWS_VOBL,Bengaluru / Kempegowda Intl,Bengaluru,Karnataka,13.1979,77.7063,915.0,15.0,1015.92,93.7,NOAA/NWS ASOS via IEM Archive (provided source file),0,NORMAL,,,,,,4,2,1,2,Winter,0,1.0,0.0,-6.299999999999997
2025-01-02 05:00:00,AWS_VOBL,Bengaluru / Kempegowda Intl,Bengaluru,Karnataka,13.1979,77.7063,915.0,15.0,1016.93,93.7,NOAA/NWS ASOS via IEM Archive (provided source file),0,NORMAL,,,,,,5,2,1,2,Winter,0,0.0,1.009999999999991,0.0
2025-01-02 05:30:00,AWS_VOBL,Bengaluru / Kempegowda Intl,Bengaluru,Karnataka,13.1979,77.7063,915.0,14.0,1016.93,100.0,NOAA/NWS ASOS via IEM Archive (provided source file),0,NORMAL,,,,,,5,2,1,2,Winter,0,-1.0,0.0,6.299999999999997
2025-01-02 06:00:00,AWS_VOBL,Bengaluru / Kempegowda Intl,Bengaluru,Karnataka,13.1979,77.7063,915.0,14.0,1016.93,100.0,NOAA/NWS ASOS via IEM Archive (provided source file),0,NORMAL,,,,,,6,2,1,2,Winter,1,0.0,0.0,0.0
2025-01-02 06:30:00,AWS_VOBL,Bengaluru / Kempegowda Intl,Bengaluru,Karnataka,13.1979,77.7063,915.0,14.0,1016.93,93.7,NOAA/NWS ASOS via IEM Archive (provided source file),0,NORMAL,,,,,,6,2,1,2,Winter,1,0.0,0.0,-6.299999999999997
2025-01-02 07:30:00,AWS_VOBL,Bengaluru / Kempegowda Intl,Bengaluru,Karnataka,13.1979,77.7063,915.0,14.0,1017.95,100.0,NOAA/NWS ASOS via IEM Archive (provided source file),0,NORMAL,,,,,,7,2,1,2,Winter,1,0.0,1.0200000000000955,6.299999999999997
2025-01-02 08:00:00,AWS_VOBL,Bengaluru / Kempegowda Intl,Bengaluru,Karnataka,13.1979,77.7063,915.0,14.0,1018.96,100.0,NOAA/NWS ASOS via IEM Archive (provided source file),0,NORMAL,,,,,,8,2,1,2,Winter,1,0.0,1.009999999999991,0.0
2025-01-02 08:30:00,AWS_VOBL,Bengaluru / Kempegowda Intl,Bengaluru,Karnataka,13.1979,77.7063,915.0,15.0,1018.96,100.0,NOAA/NWS ASOS via IEM Archive (provided source file),0,NORMAL,,,,,,8,2,1,2,Winter,1,1.0,0.0,0.0
2025-01-02 09:00:00,AWS_VOBL,Bengaluru / Kempegowda Intl,Bengaluru,Karnataka,13.1979,77.7063,915.0,16.0,1018.96,100.0,NOAA/NWS ASOS via IEM Archive (provided source file),0,NORMAL,,,,,,9,2,1,2,Winter,1,1.0,0.0,0.0
2025-01-02 09:30:00,AWS_VOBL,Bengaluru / Kempegowda Intl,Bengaluru,Karnataka,13.1979,77.7063,915.0,19.0,1018.96,77.6,NOAA/NWS ASOS via IEM Archive (provided source file),0,NORMAL,,,,,,9,2,1,2,Winter,1,3.0,0.0,-22.400000000000006
2025-01-02 10:00:00,AWS_VOBL,Bengaluru / Kempegowda Intl,Bengaluru,Karnataka,13.1979,77.7063,915.0,21.0,1019.98,64.3,NOAA/NWS ASOS via IEM Archive (provided source file),0,NORMAL,,,,,,10,2,1,2,Winter,1,2.0,1.0199999999999818,-13.299999999999997
2025-01-02 10:30:00,AWS_VOBL,Bengaluru / Kempegowda Intl,Bengaluru,Karnataka,13.1979,77.7063,915.0,22.0,1019.98,56.6,NOAA/NWS ASOS via IEM Archive (provided source file),0,NORMAL,,,,,,10,2,1,2,Winter,1,1.0,0.0,-7.699999999999996
2025-01-02 11:00:00,AWS_VOBL,Bengaluru / Kempegowda Intl,Bengaluru,Karnataka,13.1979,77.7063,915.0,23.0,1018.96,56.9,NOAA/NWS ASOS via IEM Archive (provided source file),0,NORMAL,,,,,,11,2,1,2,Winter,1,1.0,-1.0199999999999818,0.29999999999999716
2025-01-02 11:30:00,AWS_VOBL,Bengaluru / Kempegowda Intl,Bengaluru,Karnataka,13.1979,77.7063,915.0,23.0,1018.96,53.3,NOAA/NWS ASOS via IEM Archive (provided source file),0,NORMAL,,,,,,11,2,1,2,Winter,1,0.0,0.0,-3.6000000000000014
2025-01-02 12:00:00,AWS_VOBL,Bengaluru / Kempegowda Intl,Bengaluru,Karnataka,13.1979,77.7063,915.0,24.0,1018.96,50.2,NOAA/NWS ASOS via IEM Archive (provided source file),0,NORMAL,,,,,,12,2,1,2,Winter,1,1.0,0.0,-3.0999999999999943
2025-01-02 12:30:00,AWS_VOBL,Bengaluru / Kempegowda Intl,Bengaluru,Karnataka,13.1979,77.7063,915.0,25.0,1017.95,47.2,NOAA/NWS ASOS via IEM Archive (provided source file),0,NORMAL,,,,,,12,2,1,2,Winter,1,1.0,-1.009999999999991,-3.0
2025-01-02 13:00:00,AWS_VOBL,Bengaluru / Kempegowda Intl,Bengaluru,Karnataka,13.1979,77.7063,915.0,26.0,1017.95,44.5,NOAA/NWS ASOS via IEM Archive (provided source file),0,NORMAL,,,,,,13,2,1,2,Winter,1,1.0,0.0,-2.700000000000003
2025-01-02 13:30:00,AWS_VOBL,Bengaluru / Kempegowda Intl,Bengaluru,Karnataka,13.1979,77.7063,915.0,26.0,1016.93,41.7,NOAA/NWS ASOS via IEM Archive (provided source file),0,NORMAL,,,,,,13,2,1,2,Winter,1,0.0,-1.0200000000000955,-2.799999999999997
2025-01-02 14:00:00,AWS_VOBL,Bengaluru / Kempegowda Intl,Bengaluru,Karnataka,13.1979,77.7063,915.0,27.0,1015.92,42.0,NOAA/NWS ASOS via IEM Archive (provided source file),0,NORMAL,,,,,,14,2,1,2,Winter,1,1.0,-1.009999999999991,0.29999999999999716
2025-01-02 14:30:00,AWS_VOBL,Bengaluru / Kempegowda Intl,Bengaluru,Karnataka,13.1979,77.7063,915.0,27.0,1015.92,39.3,NOAA/NWS ASOS via IEM Archive (provided source file),0,NORMAL,,,,,,14,2,1,2,Winter,1,0.0,0.0,-2.700000000000003
2025-01-02 15:00:00,AWS_VOBL,Bengaluru / Kempegowda Intl,Bengaluru,Karnataka,13.1979,77.7063,915.0,27.0,1015.92,39.3,NOAA/NWS ASOS via IEM Archive (provided source file),0,NORMAL,,,,,,15,2,1,2,Winter,1,0.0,0.0,0.0
2025-01-02 15:30:00,AWS_VOBL,Bengaluru / Kempegowda Intl,Bengaluru,Karnataka,13.1979,77.7063,915.0,27.0,1014.9,34.4,NOAA/NWS ASOS via IEM Archive (provided source file),0,NORMAL,,,,,,15,2,1,2,Winter,1,0.0,-1.0199999999999818,-4.899999999999999
2025-01-02 16:00:00,AWS_VOBL,Bengaluru / Kempegowda Intl,Bengaluru,Karnataka,13.1979,77.7063,915.0,26.0,1014.9,36.5,NOAA/NWS ASOS via IEM Archive (provided source file),0,NORMAL,,,,,,16,2,1,2,Winter,1,-1.0,0.0,2.1000000000000014
2025-01-02 16:30:00,AWS_VOBL,Bengaluru / Kempegowda Intl,Bengaluru,Karnataka,13.1979,77.7063,915.0,25.0,1015.92,38.7,NOAA/NWS ASOS via IEM Archive (provided source file),0,NORMAL,,,,,,16,2,1,2,Winter,1,-1.0,1.0199999999999818,2.200000000000003
2025-01-02 17:00:00,AWS_VOBL,Bengaluru / Kempegowda Intl,Bengaluru,Karnataka,13.1979,77.7063,915.0,24.0,1015.92,44.0,NOAA/NWS ASOS via IEM Archive (provided source file),0,NORMAL,,,,,,17,2,1,2,Winter,1,-1.0,0.0,5.299999999999997
2025-01-02 17:30:00,AWS_VOBL,Bengaluru / Kempegowda Intl,Bengaluru,Karnataka,13.1979,77.7063,915.0,24.0,1015.92,47.0,NOAA/NWS ASOS via IEM Archive (provided source file),0,NORMAL,,,,,,17,2,1,2,Winter,1,0.0,0.0,3.0
2025-01-02 18:00:00,AWS_VOBL,Bengaluru / Kempegowda Intl,Bengaluru,Karnataka,13.1979,77.7063,915.0,22.0,1015.92,53.0,NOAA/NWS ASOS via IEM Archive (provided source file),0,NORMAL,,,,,,18,2,1,2,Winter,0,-2.0,0.0,6.0
2025-01-02 18:30:00,AWS_VOBL,Bengaluru / Kempegowda Intl,Bengaluru,Karnataka,13.1979,77.7063,915.0,22.0,1016.93,56.6,NOAA/NWS ASOS via IEM Archive (provided source file),0,NORMAL,,,,,,18,2,1,2,Winter,0,0.0,1.009999999999991,3.6000000000000014
2025-01-02 19:00:00,AWS_VOBL,Bengaluru / Kempegowda Intl,Bengaluru,Karnataka,13.1979,77.7063,915.0,21.0,1016.93,64.3,NOAA/NWS ASOS via IEM Archive (provided source file),0,NORMAL,,,,,,19,2,1,2,Winter,0,-1.0,0.0,7.699999999999996
2025-01-02 19:30:00,AWS_VOBL,Bengaluru / Kempegowda Intl,Bengaluru,Karnataka,13.1979,77.7063,915.0,20.0,1017.95,64.0,NOAA/NWS ASOS via IEM Archive (provided source file),0,NORMAL,,,,,,19,2,1,2,Winter,0,-1.0,1.0200000000000955,-0.29999999999999716
2025-01-02 20:00:00,AWS_VOBL,Bengaluru / Kempegowda Intl,Bengaluru,Karnataka,13.1979,77.7063,915.0,20.0,1017.95,64.0,NOAA/NWS ASOS via IEM Archive (provided source file),0,NORMAL,,,,,,20,2,1,2,Winter,0,0.0,0.0,0.0
2025-01-02 20:30:00,AWS_VOBL,Bengaluru / Kempegowda Intl,Bengaluru,Karnataka,13.1979,77.7063,915.0,19.0,1017.95,68.2,NOAA/NWS ASOS via IEM Archive (provided source file),0,NORMAL,,,,,,20,2,1,2,Winter,0,-1.0,0.0,4.200000000000003
2025-01-02 21:00:00,AWS_VOBL,Bengaluru / Kempegowda Intl,Bengaluru,Karnataka,13.1979,77.7063,915.0,19.0,1018.96,72.7,NOAA/NWS ASOS via IEM Archive (provided source file),0,NORMAL,,,,,,21,2,1,2,Winter,0,0.0,1.009999999999991,4.5
2025-01-02 21:30:00,AWS_VOBL,Bengaluru / Kempegowda Intl,Bengaluru,Karnataka,13.1979,77.7063,915.0,18.0,1018.96,77.4,NOAA/NWS ASOS via IEM Archive (provided source file),0,NORMAL,,,,,,21,2,1,2,Winter,0,-1.0,0.0,4.700000000000003
2025-01-02 22:00:00,AWS_VOBL,Bengaluru / Kempegowda Intl,Bengaluru,Karnataka,13.1979,77.7063,915.0,18.0,1018.96,77.4,NOAA/NWS ASOS via IEM Archive (provided source file),0,NORMAL,,,,,,22,2,1,2,Winter,0,0.0,0.0,0.0
2025-01-02 22:30:00,AWS_VOBL,Bengaluru / Kempegowda Intl,Bengaluru,Karnataka,13.1979,77.7063,915.0,18.0,1018.96,77.4,NOAA/NWS ASOS via IEM Archive (provided source file),0,NORMAL,,,,,,22,2,1,2,Winter,0,0.0,0.0,0.0
2025-01-02 23:00:00,AWS_VOBL,Bengaluru / Kempegowda Intl,Bengaluru,Karnataka,13.1979,77.7063,915.0,18.0,1018.96,77.4,NOAA/NWS ASOS via IEM Archive (provided source file),0,NORMAL,,,,,,23,2,1,2,Winter,0,0.0,0.0,0.0
2025-01-02 23:30:00,AWS_VOBL,Bengaluru / Kempegowda Intl,Bengaluru,Karnataka,13.1979,77.7063,915.0,18.0,1018.96,77.4,NOAA/NWS ASOS via IEM Archive (provided source file),0,NORMAL,,,,,,23,2,1,2,Winter,0,0.0,0.0,0.0
2025-01-03 00:00:00,AWS_VOBL,Bengaluru / Kempegowda Intl,Bengaluru,Karnataka,13.1979,77.7063,915.0,18.0,1018.96,77.4,NOAA/NWS ASOS via IEM Archive (provided source file),0,NORMAL,,,,,,0,3,1,3,Winter,0,0.0,0.0,0.0
2025-01-03 00:30:00,AWS_VOBL,Bengaluru / Kempegowda Intl,Bengaluru,Karnataka,13.1979,77.7063,915.0,18.0,1018.96,77.4,NOAA/NWS ASOS via IEM Archive (provided source file),0,NORMAL,,,,,,0,3,1,3,Winter,0,0.0,0.0,0.0
2025-01-03 01:00:00,AWS_VOBL,Bengaluru / Kempegowda Intl,Bengaluru,Karnataka,13.1979,77.7063,915.0,17.0,1017.95,88.0,NOAA/NWS ASOS via IEM Archive (provided source file),0,NORMAL,,,,,,1,3,1,3,Winter,0,-1.0,-1.009999999999991,10.599999999999994
2025-01-03 01:30:00,AWS_VOBL,Bengaluru / Kempegowda Intl,Bengaluru,Karnataka,13.1979,77.7063,915.0,17.0,1017.95,88.0,NOAA/NWS ASOS via IEM Archive (provided source file),0,NORMAL,,,,,,1,3,1,3,Winter,0,0.0,0.0,0.0
2025-01-03 02:00:00,AWS_VOBL,Bengaluru / Kempegowda Intl,Bengaluru,Karnataka,13.1979,77.7063,915.0,17.0,1017.95,88.0,NOAA/NWS ASOS via IEM Archive (provided source file),0,NORMAL,,,,,,2,3,1,3,Winter,0,0.0,0.0,0.0
2025-01-03 02:30:00,AWS_VOBL,Bengaluru / Kempegowda Intl,Bengaluru,Karnataka,13.1979,77.7063,915.0,17.0,1017.95,93.8,NOAA/NWS ASOS via IEM Archive (provided source file),0,NORMAL,,,,,,2,3,1,3,Winter,0,0.0,0.0,5.799999999999997
2025-01-03 03:00:00,AWS_VOBL,Bengaluru / Kempegowda Intl,Bengaluru,Karnataka,13.1979,77.7063,915.0,17.0,1016.93,93.8,NOAA/NWS ASOS via IEM Archive (provided source file),0,NORMAL,,,,,,3,3,1,3,Winter,0,0.0,-1.0200000000000955,0.0
2025-01-03 03:30:00,AWS_VOBL,Bengaluru / Kempegowda Intl,Bengaluru,Karnataka,13.1979,77.7063,915.0,17.0,1016.93,93.8,NOAA/NWS ASOS via IEM Archive (provided source file),0,NORMAL,,,,,,3,3,1,3,Winter,0,0.0,0.0,0.0
2025-01-03 04:00:00,AWS_VOBL,Bengaluru / Kempegowda Intl,Bengaluru,Karnataka,13.1979,77.7063,915.0,17.0,1016.93,93.8,NOAA/NWS ASOS via IEM Archive (provided source file),0,NORMAL,,,,,,4,3,1,3,Winter,0,0.0,0.0,0.0
2025-01-03 04:30:00,AWS_VOBL,Bengaluru / Kempegowda Intl,Bengaluru,Karnataka,13.1979,77.7063,915.0,16.0,1016.93,93.8,NOAA/NWS ASOS via IEM Archive (provided source file),0,NORMAL,,,,,,4,3,1,3,Winter,0,-1.0,0.0,0.0
2025-01-03 05:00:00,AWS_VOBL,Bengaluru / Kempegowda Intl,Bengaluru,Karnataka,13.1979,77.7063,915.0,16.0,1017.95,93.8,NOAA/NWS ASOS via IEM Archive (provided source file),0,NORMAL,,,,,,5,3,1,3,Winter,0,0.0,1.0200000000000955,0.0
2025-01-03 05:30:00,AWS_VOBL,Bengaluru / Kempegowda Intl,Bengaluru,Karnataka,13.1979,77.7063,915.0,16.0,1017.95,93.8,NOAA/NWS ASOS via IEM Archive (provided source file),0,NORMAL,,,,,,5,3,1,3,Winter,0,0.0,0.0,0.0
2025-01-03 06:00:00,AWS_VOBL,Bengaluru / Kempegowda Intl,Bengaluru,Karnataka,13.1979,77.7063,915.0,15.0,1017.95,100.0,NOAA/NWS ASOS via IEM Archive (provided source file),0,NORMAL,,,,,,6,3,1,3,Winter,1,-1.0,0.0,6.200000000000003
2025-01-03 06:30:00,AWS_VOBL,Bengaluru / Kempegowda Intl,Bengaluru,Karnataka,13.1979,77.7063,915.0,15.0,1017.95,100.0,NOAA/NWS ASOS via IEM Archive (provided source file),0,NORMAL,,,,,,6,3,1,3,Winter,1,0.0,0.0,0.0
2025-01-03 07:00:00,AWS_VOBL,Bengaluru / Kempegowda Intl,Bengaluru,Karnataka,13.1979,77.7063,915.0,15.0,1017.95,93.7,NOAA/NWS ASOS via IEM Archive (provided source file),0,NORMAL,,,,,,7,3,1,3,Winter,1,0.0,0.0,-6.299999999999997
2025-01-03 07:30:00,AWS_VOBL,Bengaluru / Kempegowda Intl,Bengaluru,Karnataka,13.1979,77.7063,915.0,15.0,1018.96,93.7,NOAA/NWS ASOS via IEM Archive (provided source file),0,NORMAL,,,,,,7,3,1,3,Winter,1,0.0,1.009999999999991,0.0
2025-01-03 08:00:00,AWS_VOBL,Bengaluru / Kempegowda Intl,Bengaluru,Karnataka,13.1979,77.7063,915.0,15.0,1018.96,100.0,NOAA/NWS ASOS via IEM Archive (provided source file),0,NORMAL,,,,,,8,3,1,3,Winter,1,0.0,0.0,6.299999999999997
2025-01-03 08:30:00,AWS_VOBL,Bengaluru / Kempegowda Intl,Bengaluru,Karnataka,13.1979,77.7063,915.0,17.0,1019.98,88.0,NOAA/NWS ASOS via IEM Archive (provided source file),0,NORMAL,,,,,,8,3,1,3,Winter,1,2.0,1.0199999999999818,-12.0
2025-01-03 09:00:00,AWS_VOBL,Bengaluru / Kempegowda Intl,Bengaluru,Karnataka,13.1979,77.7063,915.0,18.0,1019.98,77.4,NOAA/NWS ASOS via IEM Archive (provided source file),0,NORMAL,,,,,,9,3,1,3,Winter,1,1.0,0.0,-10.599999999999994
2025-01-03 09:30:00,AWS_VOBL,Bengaluru / Kempegowda Intl,Bengaluru,Karnataka,13.1979,77.7063,915.0,20.0,1019.98,64.0,NOAA/NWS ASOS via IEM Archive (provided source file),0,NORMAL,,,,,,9,3,1,3,Winter,1,2.0,0.0,-13.400000000000006
2025-01-03 10:00:00,AWS_VOBL,Bengaluru / Kempegowda Intl,Bengaluru,Karnataka,13.1979,77.7063,915.0,21.0,1019.98,64.3,NOAA/NWS ASOS via IEM Archive (provided source file),0,NORMAL,,,,,,10,3,1,3,Winter,1,1.0,0.0,0.29999999999999716
2025-01-03 10:30:00,AWS_VOBL,Bengaluru / Kempegowda Intl,Bengaluru,Karnataka,13.1979,77.7063,915.0,22.0,1019.98,56.6,NOAA/NWS ASOS via IEM Archive (provided source file),0,NORMAL,,,,,,10,3,1,3,Winter,1,1.0,0.0,-7.699999999999996
2025-01-03 11:00:00,AWS_VOBL,Bengaluru / Kempegowda Intl,Bengaluru,Karnataka,13.1979,77.7063,915.0,22.0,1019.98,53.0,NOAA/NWS ASOS via IEM Archive (provided source file),0,NORMAL,,,,,,11,3,1,3,Winter,1,0.0,0.0,-3.6000000000000014
2025-01-03 11:30:00,AWS_VOBL,Bengaluru / Kempegowda Intl,Bengaluru,Karnataka,13.1979,77.7063,915.0,23.0,1019.98,49.9,NOAA/NWS ASOS via IEM Archive (provided source file),0,NORMAL,,,,,,11,3,1,3,Winter,1,1.0,0.0,-3.1000000000000014
2025-01-03 12:00:00,AWS_VOBL,Bengaluru / Kempegowda Intl,Bengaluru,Karnataka,13.1979,77.7063,915.0,24.0,1018.96,44.0,NOAA/NWS ASOS via IEM Archive (provided source file),0,NORMAL,,,,,,12,3,1,3,Winter,1,1.0,-1.0199999999999818,-5.899999999999999
2025-01-03 12:30:00,AWS_VOBL,Bengaluru / Kempegowda Intl,Bengaluru,Karnataka,13.1979,77.7063,915.0,24.0,1017.95,44.0,NOAA/NWS ASOS via IEM Archive (provided source file),0,NORMAL,,,,,,12,3,1,3,Winter,1,0.0,-1.009999999999991,0.0
2025-01-03 13:00:00,AWS_VOBL,Bengaluru / Kempegowda Intl,Bengaluru,Karnataka,13.1979,77.7063,915.0,25.0,1017.95,41.4,NOAA/NWS ASOS via IEM Archive (provided source file),0,NORMAL,,,,,,13,3,1,3,Winter,1,1.0,0.0,-2.6000000000000014
2025-01-03 13:30:00,AWS_VOBL,Bengaluru / Kempegowda Intl,Bengaluru,Karnataka,13.1979,77.7063,915.0,26.0,1016.93,36.5,NOAA/NWS ASOS via IEM Archive (provided source file),0,NORMAL,,,,,,13,3,1,3,Winter,1,1.0,-1.0200000000000955,-4.899999999999999
2025-01-03 14:00:00,AWS_VOBL,Bengaluru / Kempegowda Intl,Bengaluru,Karnataka,13.1979,77.7063,915.0,26.0,1015.92,31.9,NOAA/NWS ASOS via IEM Archive (provided source file),0,NORMAL,,,,,,14,3,1,3,Winter,1,0.0,-1.009999999999991,-4.600000000000001
2025-01-03 14:30:00,AWS_VOBL,Bengaluru / Kempegowda Intl,Bengaluru,Karnataka,13.1979,77.7063,915.0,26.0,1015.92,31.9,NOAA/NWS ASOS via IEM Archive (provided source file),0,NORMAL,,,,,,14,3,1,3,Winter,1,0.0,0.0,0.0
2025-01-03 15:00:00,AWS_VOBL,Bengaluru / Kempegowda Intl,Bengaluru,Karnataka,13.1979,77.7063,915.0,27.0,1015.92,30.1,NOAA/NWS ASOS via IEM Archive (provided source file),0,NORMAL,,,,,,15,3,1,3,Winter,1,1.0,0.0,-1.7999999999999972
2025-01-03 15:30:00,AWS_VOBL,Bengaluru / Kempegowda Intl,Bengaluru,Karnataka,13.1979,77.7063,915.0,27.0,1014.9,34.4,NOAA/NWS ASOS via IEM Archive (provided source file),0,NORMAL,,,,,,15,3,1,3,Winter,1,0.0,-1.0199999999999818,4.299999999999997
2025-01-03 16:00:00,AWS_VOBL,Bengaluru / Kempegowda Intl,Bengaluru,Karnataka,13.1979,77.7063,915.0,27.0,1014.9,34.4,NOAA/NWS ASOS via IEM Archive (provided source file),0,NORMAL,,,,,,16,3,1,3,Winter,1,0.0,0.0,0.0
2025-01-03 16:30:00,AWS_VOBL,Bengaluru / Kempegowda Intl,Bengaluru,Karnataka,13.1979,77.7063,915.0,26.0,1014.9,34.1,NOAA/NWS ASOS via IEM Archive (provided source file),0,NORMAL,,,,,,16,3,1,3,Winter,1,-1.0,0.0,-0.29999999999999716
2025-01-03 17:00:00,AWS_VOBL,Bengaluru / Kempegowda Intl,Bengaluru,Karnataka,13.1979,77.7063,915.0,25.0,1015.92,36.2,NOAA/NWS ASOS via IEM Archive (provided source file),0,NORMAL,,,,,,17,3,1,3,Winter,1,-1.0,1.0199999999999818,2.1000000000000014
2025-01-03 17:30:00,AWS_VOBL,Bengaluru / Kempegowda Intl,Bengaluru,Karnataka,13.1979,77.7063,915.0,24.0,1015.92,44.0,NOAA/NWS ASOS via IEM Archive (provided source file),0,NORMAL,,,,,,17,3,1,3,Winter,1,-1.0,0.0,7.799999999999997
2025-01-03 18:00:00,AWS_VOBL,Bengaluru / Kempegowda Intl,Bengaluru,Karnataka,13.1979,77.7063,915.0,23.0,1015.92,49.9,NOAA/NWS ASOS via IEM Archive (provided source file),0,NORMAL,,,,,,18,3,1,3,Winter,0,-1.0,0.0,5.899999999999999
2025-01-03 18:30:00,AWS_VOBL,Bengaluru / Kempegowda Intl,Bengaluru,Karnataka,13.1979,77.7063,915.0,22.0,1015.92,49.6,NOAA/NWS ASOS via IEM Archive (provided source file),0,NORMAL,,,,,,18,3,1,3,Winter,0,-1.0,0.0,-0.29999999999999716
2025-01-03 19:00:00,AWS_VOBL,Bengaluru / Kempegowda Intl,Bengaluru,Karnataka,13.1979,77.7063,915.0,21.0,1016.93,56.4,NOAA/NWS ASOS via IEM Archive (provided source file),0,NORMAL,,,,,,19,3,1,3,Winter,0,-1.0,1.009999999999991,6.799999999999997
2025-01-03 19:30:00,AWS_VOBL,Bengaluru / Kempegowda Intl,Bengaluru,Karnataka,13.1979,77.7063,915.0,20.0,1016.93,60.0,NOAA/NWS ASOS via IEM Archive (provided source file),0,NORMAL,,,,,,19,3,1,3,Winter,0,-1.0,0.0,3.6000000000000014
2025-01-03 20:00:00,AWS_VOBL,Bengaluru / Kempegowda Intl,Bengaluru,Karnataka,13.1979,77.7063,915.0,19.0,1016.93,68.2,NOAA/NWS ASOS via IEM Archive (provided source file),0,NORMAL,,,,,,20,3,1,3,Winter,0,-1.0,0.0,8.200000000000003
2025-01-03 20:30:00,AWS_VOBL,Bengaluru / Kempegowda Intl,Bengaluru,Karnataka,13.1979,77.7063,915.0,19.0,1017.95,68.2,NOAA/NWS ASOS via IEM Archive (provided source file),0,NORMAL,,,,,,20,3,1,3,Winter,0,0.0,1.0200000000000955,0.0
2025-01-03 21:00:00,AWS_VOBL,Bengaluru / Kempegowda Intl,Bengaluru,Karnataka,13.1979,77.7063,915.0,18.0,1017.95,72.6,NOAA/NWS ASOS via IEM Archive (provided source file),0,NORMAL,,,,,,21,3,1,3,Winter,0,-1.0,0.0,4.3999999999999915
2025-01-03 21:30:00,AWS_VOBL,Bengaluru / Kempegowda Intl,Bengaluru,Karnataka,13.1979,77.7063,915.0,18.0,1017.95,72.6,NOAA/NWS ASOS via IEM Archive (provided source file),0,NORMAL,,,,,,21,3,1,3,Winter,0,0.0,0.0,0.0
2025-01-03 22:00:00,AWS_VOBL,Bengaluru / Kempegowda Intl,Bengaluru,Karnataka,13.1979,77.7063,915.0,17.0,1017.95,77.3,NOAA/NWS ASOS via IEM Archive (provided source file),0,NORMAL,,,,,,22,3,1,3,Winter,0,-1.0,0.0,4.700000000000003
2025-01-03 22:30:00,AWS_VOBL,Bengaluru / Kempegowda Intl,Bengaluru,Karnataka,13.1979,77.7063,915.0,17.0,1017.95,77.3,NOAA/NWS ASOS via IEM Archive (provided source file),0,NORMAL,,,,,,22,3,1,3,Winter,0,0.0,0.0,0.0
2025-01-03 23:00:00,AWS_VOBL,Bengaluru / Kempegowda Intl,Bengaluru,Karnataka,13.1979,77.7063,915.0,16.0,1017.95,82.4,NOAA/NWS ASOS via IEM Archive (provided source file),0,NORMAL,,,,,,23,3,1,3,Winter,0,-1.0,0.0,5.1000000000000085
2025-01-03 23:30:00,AWS_VOBL,Bengaluru / Kempegowda Intl,Bengaluru,Karnataka,13.1979,77.7063,915.0,16.0,1017.95,82.4,NOAA/NWS ASOS via IEM Archive (provided source file),0,NORMAL,,,,,,23,3,1,3,Winter,0,0.0,0.0,0.0
2025-01-04 00:00:00,AWS_VOBL,Bengaluru / Kempegowda Intl,Bengaluru,Karnataka,13.1979,77.7063,915.0,16.0,1016.93,82.4,NOAA/NWS ASOS via IEM Archive (provided source file),0,NORMAL,,,,,,0,4,1,4,Winter,0,0.0,-1.0200000000000955,0.0
2025-01-04 00:30:00,AWS_VOBL,Bengaluru / Kempegowda Intl,Bengaluru,Karnataka,13.1979,77.7063,915.0,15.0,1016.93,87.8,NOAA/NWS ASOS via IEM Archive (provided source file),0,NORMAL,,,,,,0,4,1,4,Winter,0,-1.0,0.0,5.3999999999999915
2025-01-04 01:00:00,AWS_VOBL,Bengaluru / Kempegowda Intl,Bengaluru,Karnataka,13.1979,77.7063,915.0,15.0,1016.93,87.8,NOAA/NWS ASOS via IEM Archive (provided source file),0,NORMAL,,,,,,1,4,1,4,Winter,0,0.0,0.0,0.0
2025-01-04 01:30:00,AWS_VOBL,Bengaluru / Kempegowda Intl,Bengaluru,Karnataka,13.1979,77.7063,915.0,15.0,1016.93,87.8,NOAA/NWS ASOS via IEM Archive (provided source file),0,NORMAL,,,,,,1,4,1,4,Winter,0,0.0,0.0,0.0
2025-01-04 02:00:00,AWS_VOBL,Bengaluru / Kempegowda Intl,Bengaluru,Karnataka,13.1979,77.7063,915.0,15.0,1015.92,87.8,NOAA/NWS ASOS via IEM Archive (provided source file),0,NORMAL,,,,,,2,4,1,4,Winter,0,0.0,-1.009999999999991,0.0
2025-01-04 02:30:00,AWS_VOBL,Bengaluru / Kempegowda Intl,Bengaluru,Karnataka,13.1979,77.7063,915.0,14.0,1015.92,87.7,NOAA/NWS ASOS via IEM Archive (provided source file),0,NORMAL,,,,,,2,4,1,4,Winter,0,-1.0,0.0,-0.09999999999999432
2025-01-04 03:00:00,AWS_VOBL,Bengaluru / Kempegowda Intl,Bengaluru,Karnataka,13.1979,77.7063,915.0,14.0,1015.92,87.7,NOAA/NWS ASOS via IEM Archive (provided source file),0,NORMAL,,,,,,3,4,1,4,Winter,0,0.0,0.0,0.0
2025-01-04 03:30:00,AWS_VOBL,Bengaluru / Kempegowda Intl,Bengaluru,Karnataka,13.1979,77.7063,915.0,13.0,1015.92,93.6,NOAA/NWS ASOS via IEM Archive (provided source file),0,NORMAL,,,,,,3,4,1,4,Winter,0,-1.0,0.0,5.8999999999999915
2025-01-04 04:00:00,AWS_VOBL,Bengaluru / Kempegowda Intl,Bengaluru,Karnataka,13.1979,77.7063,915.0,13.0,1015.92,93.6,NOAA/NWS ASOS via IEM Archive (provided source file),0,NORMAL,,,,,,4,4,1,4,Winter,0,0.0,0.0,0.0
2025-01-04 04:30:00,AWS_VOBL,Bengaluru / Kempegowda Intl,Bengaluru,Karnataka,13.1979,77.7063,915.0,13.0,1015.92,93.6,NOAA/NWS ASOS via IEM Archive (provided source file),0,NORMAL,,,,,,4,4,1,4,Winter,0,0.0,0.0,0.0
2025-01-04 05:00:00,AWS_VOBL,Bengaluru / Kempegowda Intl,Bengaluru,Karnataka,13.1979,77.7063,915.0,13.0,1015.92,100.0,NOAA/NWS ASOS via IEM Archive (provided source file),0,NORMAL,,,,,,5,4,1,4,Winter,0,0.0,0.0,6.400000000000006
2025-01-04 05:30:00,AWS_VOBL,Bengaluru / Kempegowda Intl,Bengaluru,Karnataka,13.1979,77.7063,915.0,14.0,1015.92,93.7,NOAA/NWS ASOS via IEM Archive (provided source file),0,NORMAL,,,,,,5,4,1,4,Winter,0,1.0,0.0,-6.299999999999997
2025-01-04 06:00:00,AWS_VOBL,Bengaluru / Kempegowda Intl,Bengaluru,Karnataka,13.1979,77.7063,915.0,14.0,1016.93,93.7,NOAA/NWS ASOS via IEM Archive (provided source file),0,NORMAL,,,,,,6,4,1,4,Winter,1,0.0,1.009999999999991,0.0
2025-01-04 06:30:00,AWS_VOBL,Bengaluru / Kempegowda Intl,Bengaluru,Karnataka,13.1979,77.7063,915.0,13.0,1016.93,100.0,NOAA/NWS ASOS via IEM Archive (provided source file),0,NORMAL,,,,,,6,4,1,4,Winter,1,-1.0,0.0,6.299999999999997
2025-01-04 07:00:00,AWS_VOBL,Bengaluru / Kempegowda Intl,Bengaluru,Karnataka,13.1979,77.7063,915.0,13.0,1017.95,93.6,NOAA/NWS ASOS via IEM Archive (provided source file),0,NORMAL,,,,,,7,4,1,4,Winter,1,0.0,1.0200000000000955,-6.400000000000006
2025-01-04 07:30:00,AWS_VOBL,Bengaluru / Kempegowda Intl,Bengaluru,Karnataka,13.1979,77.7063,915.0,13.0,1017.95,93.6,NOAA/NWS ASOS via IEM Archive (provided source file),0,NORMAL,,,,,,7,4,1,4,Winter,1,0.0,0.0,0.0
2025-01-04 08:00:00,AWS_VOBL,Bengaluru / Kempegowda Intl,Bengaluru,Karnataka,13.1979,77.7063,915.0,13.0,1017.95,93.6,NOAA/NWS ASOS via IEM Archive (provided source file),0,NORMAL,,,,,,8,4,1,4,Winter,1,0.0,0.0,0.0
2025-01-04 08:30:00,AWS_VOBL,Bengaluru / Kempegowda Intl,Bengaluru,Karnataka,13.1979,77.7063,915.0,15.0,1018.96,82.2,NOAA/NWS ASOS via IEM Archive (provided source file),0,NORMAL,,,,,,8,4,1,4,Winter,1,2.0,1.009999999999991,-11.399999999999991
2025-01-04 09:00:00,AWS_VOBL,Bengaluru / Kempegowda Intl,Bengaluru,Karnataka,13.1979,77.7063,915.0,15.0,1018.96,82.2,NOAA/NWS ASOS via IEM Archive (provided source file),0,NORMAL,,,,,,9,4,1,4,Winter,1,0.0,0.0,0.0
2025-01-04 09:30:00,AWS_VOBL,Bengaluru / Kempegowda Intl,Bengaluru,Karnataka,13.1979,77.7063,915.0,16.0,1018.96,77.1,NOAA/NWS ASOS via IEM Archive (provided source file),0,NORMAL,,,,,,9,4,1,4,Winter,1,1.0,0.0,-5.1000000000000085
2025-01-04 10:00:00,AWS_VOBL,Bengaluru / Kempegowda Intl,Bengaluru,Karnataka,13.1979,77.7063,915.0,18.0,1018.96,68.0,NOAA/NWS ASOS via IEM Archive (provided source file),0,NORMAL,,,,,,10,4,1,4,Winter,1,2.0,0.0,-9.099999999999994
2025-01-04 10:30:00,AWS_VOBL,Bengaluru / Kempegowda Intl,Bengaluru,Karnataka,13.1979,77.7063,915.0,19.0,1018.96,63.8,NOAA/NWS ASOS via IEM Archive (provided source file),0,NORMAL,,,,,,10,4,1,4,Winter,1,1.0,0.0,-4.200000000000003
2025-01-04 11:00:00,AWS_VOBL,Bengaluru / Kempegowda Intl,Bengaluru,Karnataka,13.1979,77.7063,915.0,20.0,1018.96,60.0,NOAA/NWS ASOS via IEM Archive (provided source file),0,NORMAL,,,,,,11,4,1,4,Winter,1,1.0,0.0,-3.799999999999997
2025-01-04 11:30:00,AWS_VOBL,Bengaluru / Kempegowda Intl,Bengaluru,Karnataka,13.1979,77.7063,915.0,22.0,1018.96,49.6,NOAA/NWS ASOS via IEM Archive (provided source file),0,NORMAL,,,,,,11,4,1,4,Winter,1,2.0,0.0,-10.399999999999999
2025-01-04 12:00:00,AWS_VOBL,Bengaluru / Kempegowda Intl,Bengaluru,Karnataka,13.1979,77.7063,915.0,23.0,1017.95,43.7,NOAA/NWS ASOS via IEM Archive (provided source file),0,NORMAL,,,,,,12,4,1,4,Winter,1,1.0,-1.009999999999991,-5.899999999999999
2025-01-04 12:30:00,AWS_VOBL,Bengaluru / Kempegowda Intl,Bengaluru,Karnataka,13.1979,77.7063,915.0,24.0,1016.93,41.1,NOAA/NWS ASOS via IEM Archive (provided source file),0,NORMAL,,,,,,12,4,1,4,Winter,1,1.0,-1.0200000000000955,-2.6000000000000014
2025-01-04 13:00:00,AWS_VOBL,Bengaluru / Kempegowda Intl,Bengaluru,Karnataka,13.1979,77.7063,915.0,24.0,1016.93,41.1,NOAA/NWS ASOS via IEM Archive (provided source file),0,NORMAL,,,,,,13,4,1,4,Winter,1,0.0,0.0,0.0
2025-01-04 13:30:00,AWS_VOBL,Bengaluru / Kempegowda Intl,Bengaluru,Karnataka,13.1979,77.7063,915.0,25.0,1015.92,38.7,NOAA/NWS ASOS via IEM Archive (provided source file),0,NORMAL,,,,,,13,4,1,4,Winter,1,1.0,-1.009999999999991,-2.3999999999999986
2025-01-04 14:00:00,AWS_VOBL,Bengaluru / Kempegowda Intl,Bengaluru,Karnataka,13.1979,77.7063,915.0,25.0,1014.9,36.2,NOAA/NWS ASOS via IEM Archive (provided source file),0,NORMAL,,,,,,14,4,1,4,Winter,1,0.0,-1.0199999999999818,-2.5
2025-01-04 14:30:00,AWS_VOBL,Bengaluru / Kempegowda Intl,Bengaluru,Karnataka,13.1979,77.7063,915.0,25.0,1014.9,41.4,NOAA/NWS ASOS via IEM Archive (provided source file),0,NORMAL,,,,,,14,4,1,4,Winter,1,0.0,0.0,5.199999999999996
2025-01-04 15:00:00,AWS_VOBL,Bengaluru / Kempegowda Intl,Bengaluru,Karnataka,13.1979,77.7063,915.0,26.0,1014.9,36.5,NOAA/NWS ASOS via IEM Archive (provided source file),0,NORMAL,,,,,,15,4,1,4,Winter,1,1.0,0.0,-4.899999999999999
2025-01-04 15:30:00,AWS_VOBL,Bengaluru / Kempegowda Intl,Bengaluru,Karnataka,13.1979,77.7063,915.0,25.0,1013.88,38.7,NOAA/NWS ASOS via IEM Archive (provided source file),0,NORMAL,,,,,,15,4,1,4,Winter,1,-1.0,-1.0199999999999818,2.200000000000003
2025-01-04 16:00:00,AWS_VOBL,Bengaluru / Kempegowda Intl,Bengaluru,Karnataka,13.1979,77.7063,915.0,25.0,1013.88,41.4,NOAA/NWS ASOS via IEM Archive (provided source file),0,NORMAL,,,,,,16,4,1,4,Winter,1,0.0,0.0,2.6999999999999957
2025-01-04 16:30:00,AWS_VOBL,Bengaluru / Kempegowda Intl,Bengaluru,Karnataka,13.1979,77.7063,915.0,25.0,1013.88,38.7,NOAA/NWS ASOS via IEM Archive (provided source file),0,NORMAL,,,,,,16,4,1,4,Winter,1,0.0,0.0,-2.6999999999999957
2025-01-04 17:00:00,AWS_VOBL,Bengaluru / Kempegowda Intl,Bengaluru,Karnataka,13.1979,77.7063,915.0,25.0,1013.88,38.7,NOAA/NWS ASOS via IEM Archive (provided source file),0,NORMAL,,,,,,17,4,1,4,Winter,1,0.0,0.0,0.0
2025-01-04 17:30:00,AWS_VOBL,Bengaluru / Kempegowda Intl,Bengaluru,Karnataka,13.1979,77.7063,915.0,24.0,1014.9,41.1,NOAA/NWS ASOS via IEM Archive (provided source file),0,NORMAL,,,,,,17,4,1,4,Winter,1,-1.0,1.0199999999999818,2.3999999999999986
2025-01-04 18:00:00,AWS_VOBL,Bengaluru / Kempegowda Intl,Bengaluru,Karnataka,13.1979,77.7063,915.0,23.0,1014.9,46.7,NOAA/NWS ASOS via IEM Archive (provided source file),0,NORMAL,,,,,,18,4,1,4,Winter,0,-1.0,0.0,5.600000000000001
2025-01-04 18:30:00,AWS_VOBL,Bengaluru / Kempegowda Intl,Bengaluru,Karnataka,13.1979,77.7063,915.0,22.0,1015.92,53.0,NOAA/NWS ASOS via IEM Archive (provided source file),0,NORMAL,,,,,,18,4,1,4,Winter,0,-1.0,1.0199999999999818,6.299999999999997
2025-01-04 19:00:00,AWS_VOBL,Bengaluru / Kempegowda Intl,Bengaluru,Karnataka,13.1979,77.7063,915.0,22.0,1015.92,53.0,NOAA/NWS ASOS via IEM Archive (provided source file),0,NORMAL,,,,,,19,4,1,4,Winter,0,0.0,0.0,0.0
2025-01-04 19:30:00,AWS_VOBL,Bengaluru / Kempegowda Intl,Bengaluru,Karnataka,13.1979,77.7063,915.0,21.0,1016.93,56.4,NOAA/NWS ASOS via IEM Archive (provided source file),0,NORMAL,,,,,,19,4,1,4,Winter,0,-1.0,1.009999999999991,3.3999999999999986
2025-01-04 20:00:00,AWS_VOBL,Bengaluru / Kempegowda Intl,Bengaluru,Karnataka,13.1979,77.7063,915.0,21.0,1016.93,60.2,NOAA/NWS ASOS via IEM Archive (provided source file),0,NORMAL,,,,,,20,4,1,4,Winter,0,0.0,0.0,3.8000000000000043
2025-01-04 20:30:00,AWS_VOBL,Bengaluru / Kempegowda Intl,Bengaluru,Karnataka,13.1979,77.7063,915.0,20.0,1016.93,68.4,NOAA/NWS ASOS via IEM Archive (provided source file),0,NORMAL,,,,,,20,4,1,4,Winter,0,-1.0,0.0,8.200000000000003
2025-01-04 21:00:00,AWS_VOBL,Bengaluru / Kempegowda Intl,Bengaluru,Karnataka,13.1979,77.7063,915.0,20.0,1017.95,68.4,NOAA/NWS ASOS via IEM Archive (provided source file),0,NORMAL,,,,,,21,4,1,4,Winter,0,0.0,1.0200000000000955,0.0
2025-01-04 21:30:00,AWS_VOBL,Bengaluru / Kempegowda Intl,Bengaluru,Karnataka,13.1979,77.7063,915.0,19.0,1017.95,72.7,NOAA/NWS ASOS via IEM Archive (provided source file),0,NORMAL,,,,,,21,4,1,4,Winter,0,-1.0,0.0,4.299999999999997
2025-01-04 22:00:00,AWS_VOBL,Bengaluru / Kempegowda Intl,Bengaluru,Karnataka,13.1979,77.7063,915.0,19.0,1017.95,72.7,NOAA/NWS ASOS via IEM Archive (provided source file),0,NORMAL,,,,,,22,4,1,4,Winter,0,0.0,0.0,0.0
2025-01-04 22:30:00,AWS_VOBL,Bengaluru / Kempegowda Intl,Bengaluru,Karnataka,13.1979,77.7063,915.0,18.0,1017.95,77.4,NOAA/NWS ASOS via IEM Archive (provided source file),0,NORMAL,,,,,,22,4,1,4,Winter,0,-1.0,0.0,4.700000000000003
2025-01-04 23:00:00,AWS_VOBL,Bengaluru / Kempegowda Intl,Bengaluru,Karnataka,13.1979,77.7063,915.0,18.0,1017.95,77.4,NOAA/NWS ASOS via IEM Archive (provided source file),0,NORMAL,,,,,,23,4,1,4,Winter,0,0.0,0.0,0.0
2025-01-04 23:30:00,AWS_VOBL,Bengaluru / Kempegowda Intl,Bengaluru,Karnataka,13.1979,77.7063,915.0,17.0,1017.95,82.5,NOAA/NWS ASOS via IEM Archive (provided source file),0,NORMAL,,,,,,23,4,1,4,Winter,0,-1.0,0.0,5.099999999999994
2025-01-05 00:00:00,AWS_VOBL,Bengaluru / Kempegowda Intl,Bengaluru,Karnataka,13.1979,77.7063,915.0,17.0,1017.95,82.5,NOAA/NWS ASOS via IEM Archive (provided source file),0,NORMAL,,,,,,0,5,1,5,Winter,0,0.0,0.0,0.0
2025-01-05 00:30:00,AWS_VOBL,Bengaluru / Kempegowda Intl,Bengaluru,Karnataka,13.1979,77.7063,915.0,17.0,1017.95,82.5,NOAA/NWS ASOS via IEM Archive (provided source file),0,NORMAL,,,,,,0,5,1,5,Winter,0,0.0,0.0,0.0
2025-01-05 01:00:00,AWS_VOBL,Bengaluru / Kempegowda Intl,Bengaluru,Karnataka,13.1979,77.7063,915.0,16.0,1016.93,87.9,NOAA/NWS ASOS via IEM Archive (provided source file),0,NORMAL,,,,,,1,5,1,5,Winter,0,-1.0,-1.0200000000000955,5.400000000000006
2025-01-05 01:30:00,AWS_VOBL,Bengaluru / Kempegowda Intl,Bengaluru,Karnataka,13.1979,77.7063,915.0,16.0,1016.93,87.9,NOAA/NWS ASOS via IEM Archive (provided source file),0,NORMAL,,,,,,1,5,1,5,Winter,0,0.0,0.0,0.0
2025-01-05 02:00:00,AWS_VOBL,Bengaluru / Kempegowda Intl,Bengaluru,Karnataka,13.1979,77.7063,915.0,15.0,1016.93,93.7,NOAA/NWS ASOS via IEM Archive (provided source file),0,NORMAL,,,,,,2,5,1,5,Winter,0,-1.0,0.0,5.799999999999997
2025-01-05 02:30:00,AWS_VOBL,Bengaluru / Kempegowda Intl,Bengaluru,Karnataka,13.1979,77.7063,915.0,15.0,1015.92,87.8,NOAA/NWS ASOS via IEM Archive (provided source file),0,NORMAL,,,,,,2,5,1,5,Winter,0,0.0,-1.009999999999991,-5.900000000000006
2025-01-05 03:00:00,AWS_VOBL,Bengaluru / Kempegowda Intl,Bengaluru,Karnataka,13.1979,77.7063,915.0,14.0,1015.92,93.7,NOAA/NWS ASOS via IEM Archive (provided source file),0,NORMAL,,,,,,3,5,1,5,Winter,0,-1.0,0.0,5.900000000000006
2025-01-05 03:30:00,AWS_VOBL,Bengaluru / Kempegowda Intl,Bengaluru,Karnataka,13.1979,77.7063,915.0,14.0,1015.92,93.7,NOAA/NWS ASOS via IEM Archive (provided source file),0,NORMAL,,,,,,3,5,1,5,Winter,0,0.0,0.0,0.0
2025-01-05 04:00:00,AWS_VOBL,Bengaluru / Kempegowda Intl,Bengaluru,Karnataka,13.1979,77.7063,915.0,14.0,1015.92,93.7,NOAA/NWS ASOS via IEM Archive (provided source file),0,NORMAL,,,,,,4,5,1,5,Winter,0,0.0,0.0,0.0
2025-01-05 04:30:00,AWS_VOBL,Bengaluru / Kempegowda Intl,Bengaluru,Karnataka,13.1979,77.7063,915.0,14.0,1015.92,93.7,NOAA/NWS ASOS via IEM Archive (provided source file),0,NORMAL,,,,,,4,5,1,5,Winter,0,0.0,0.0,0.0
2025-01-05 05:00:00,AWS_VOBL,Bengaluru / Kempegowda Intl,Bengaluru,Karnataka,13.1979,77.7063,915.0,14.0,1015.92,100.0,NOAA/NWS ASOS via IEM Archive (provided source file),0,NORMAL,,,,,,5,5,1,5,Winter,0,0.0,0.0,6.299999999999997
2025-01-05 05:30:00,AWS_VOBL,Bengaluru / Kempegowda Intl,Bengaluru,Karnataka,13.1979,77.7063,915.0,15.0,1016.93,93.7,NOAA/NWS ASOS via IEM Archive (provided source file),0,NORMAL,,,,,,5,5,1,5,Winter,0,1.0,1.009999999999991,-6.299999999999997
2025-01-05 06:00:00,AWS_VOBL,Bengaluru / Kempegowda Intl,Bengaluru,Karnataka,13.1979,77.7063,915.0,15.0,1016.93,100.0,NOAA/NWS ASOS via IEM Archive (provided source file),0,NORMAL,,,,,,6,5,1,5,Winter,1,0.0,0.0,6.299999999999997
2025-01-05 06:30:00,AWS_VOBL,Bengaluru / Kempegowda Intl,Bengaluru,Karnataka,13.1979,77.7063,915.0,15.0,1016.93,100.0,NOAA/NWS ASOS via IEM Archive (provided source file),0,NORMAL,,,,,,6,5,1,5,Winter,1,0.0,0.0,0.0
2025-01-05 07:00:00,AWS_VOBL,Bengaluru / Kempegowda Intl,Bengaluru,Karnataka,13.1979,77.7063,915.0,15.0,1017.95,100.0,NOAA/NWS ASOS via IEM Archive (provided source file),0,NORMAL,,,,,,7,5,1,5,Winter,1,0.0,1.0200000000000955,0.0
2025-01-05 07:30:00,AWS_VOBL,Bengaluru / Kempegowda Intl,Bengaluru,Karnataka,13.1979,77.7063,915.0,15.0,1017.95,100.0,NOAA/NWS ASOS via IEM Archive (provided source file),0,NORMAL,,,,,,7,5,1,5,Winter,1,0.0,0.0,0.0
2025-01-05 08:00:00,AWS_VOBL,Bengaluru / Kempegowda Intl,Bengaluru,Karnataka,13.1979,77.7063,915.0,15.0,1017.95,93.7,NOAA/NWS ASOS via IEM Archive (provided source file),0,NORMAL,,,,,,8,5,1,5,Winter,1,0.0,0.0,-6.299999999999997
2025-01-05 08:30:00,AWS_VOBL,Bengaluru / Kempegowda Intl,Bengaluru,Karnataka,13.1979,77.7063,915.0,15.0,1018.96,93.7,NOAA/NWS ASOS via IEM Archive (provided source file),0,NORMAL,,,,,,8,5,1,5,Winter,1,0.0,1.009999999999991,0.0
2025-01-05 09:00:00,AWS_VOBL,Bengaluru / Kempegowda Intl,Bengaluru,Karnataka,13.1979,77.7063,915.0,16.0,1018.96,87.9,NOAA/NWS ASOS via IEM Archive (provided source file),0,NORMAL,,,,,,9,5,1,5,Winter,1,1.0,0.0,-5.799999999999997
2025-01-05 09:30:00,AWS_VOBL,Bengaluru / Kempegowda Intl,Bengaluru,Karnataka,13.1979,77.7063,915.0,17.0,1018.96,82.5,NOAA/NWS ASOS via IEM Archive (provided source file),0,NORMAL,,,,,,9,5,1,5,Winter,1,1.0,0.0,-5.400000000000006
2025-01-05 10:00:00,AWS_VOBL,Bengaluru / Kempegowda Intl,Bengaluru,Karnataka,13.1979,77.7063,915.0,19.0,1018.96,72.7,NOAA/NWS ASOS via IEM Archive (provided source file),0,NORMAL,,,,,,10,5,1,5,Winter,1,2.0,0.0,-9.799999999999997
2025-01-05 10:30:00,AWS_VOBL,Bengaluru / Kempegowda Intl,Bengaluru,Karnataka,13.1979,77.7063,915.0,20.0,1018.96,68.4,NOAA/NWS ASOS via IEM Archive (provided source file),0,NORMAL,,,,,,10,5,1,5,Winter,1,1.0,0.0,-4.299999999999997
2025-01-05 11:00:00,AWS_VOBL,Bengaluru / Kempegowda Intl,Bengaluru,Karnataka,13.1979,77.7063,915.0,21.0,1018.96,64.3,NOAA/NWS ASOS via IEM Archive (provided source file),0,NORMAL,,,,,,11,5,1,5,Winter,1,1.0,0.0,-4.1000000000000085
2025-01-05 11:30:00,AWS_VOBL,Bengaluru / Kempegowda Intl,Bengaluru,Karnataka,13.1979,77.7063,915.0,22.0,1017.95,60.4,NOAA/NWS ASOS via IEM Archive (provided source file),0,NORMAL,,,,,,11,5,1,5,Winter,1,1.0,-1.009999999999991,-3.8999999999999986
2025-01-05 12:00:00,AWS_VOBL,Bengaluru / Kempegowda Intl,Bengaluru,Karnataka,13.1979,77.7063,915.0,23.0,1017.95,53.3,NOAA/NWS ASOS via IEM Archive (provided source file),0,NORMAL,,,,,,12,5,1,5,Winter,1,1.0,0.0,-7.100000000000001
2025-01-05 12:30:00,AWS_VOBL,Bengaluru / Kempegowda Intl,Bengaluru,Karnataka,13.1979,77.7063,915.0,24.0,1016.93,47.0,NOAA/NWS ASOS via IEM Archive (provided source file),0,NORMAL,,,,,,12,5,1,5,Winter,1,1.0,-1.0200000000000955,-6.299999999999997
2025-01-05 13:00:00,AWS_VOBL,Bengaluru / Kempegowda Intl,Bengaluru,Karnataka,13.1979,77.7063,915.0,25.0,1016.93,38.7,NOAA/NWS ASOS via IEM Archive (provided source file),0,NORMAL,,,,,,13,5,1,5,Winter,1,1.0,0.0,-8.299999999999997
2025-01-05 13:30:00,AWS_VOBL,Bengaluru / Kempegowda Intl,Bengaluru,Karnataka,13.1979,77.7063,915.0,26.0,1015.92,36.5,NOAA/NWS ASOS via IEM Archive (provided source file),0,NORMAL,,,,,,13,5,1,5,Winter,1,1.0,-1.009999999999991,-2.200000000000003
2025-01-05 14:00:00,AWS_VOBL,Bengaluru / Kempegowda Intl,Bengaluru,Karnataka,13.1979,77.7063,915.0,26.0,1015.92,36.5,NOAA/NWS ASOS via IEM Archive (provided source file),0,NORMAL,,,,,,14,5,1,5,Winter,1,0.0,0.0,0.0
2025-01-05 14:30:00,AWS_VOBL,Bengaluru / Kempegowda Intl,Bengaluru,Karnataka,13.1979,77.7063,915.0,27.0,1014.9,32.2,NOAA/NWS ASOS via IEM Archive (provided source file),0,NORMAL,,,,,,14,5,1,5,Winter,1,1.0,-1.0199999999999818,-4.299999999999997
2025-01-05 15:00:00,AWS_VOBL,Bengaluru / Kempegowda Intl,Bengaluru,Karnataka,13.1979,77.7063,915.0,27.0,1014.9,32.2,NOAA/NWS ASOS via IEM Archive (provided source file),0,NORMAL,,,,,,15,5,1,5,Winter,1,0.0,0.0,0.0
2025-01-05 15:30:00,AWS_VOBL,Bengaluru / Kempegowda Intl,Bengaluru,Karnataka,13.1979,77.7063,915.0,27.0,1014.9,32.2,NOAA/NWS ASOS via IEM Archive (provided source file),0,NORMAL,,,,,,15,5,1,5,Winter,1,0.0,0.0,0.0
2025-01-05 16:00:00,AWS_VOBL,Bengaluru / Kempegowda Intl,Bengaluru,Karnataka,13.1979,77.7063,915.0,27.0,1014.9,32.2,NOAA/NWS ASOS via IEM Archive (provided source file),0,NORMAL,,,,,,16,5,1,5,Winter,1,0.0,0.0,0.0
2025-01-05 16:30:00,AWS_VOBL,Bengaluru / Kempegowda Intl,Bengaluru,Karnataka,13.1979,77.7063,915.0,27.0,1014.9,30.1,NOAA/NWS ASOS via IEM Archive (provided source file),0,NORMAL,,,,,,16,5,1,5,Winter,1,0.0,0.0,-2.1000000000000014
2025-01-05 17:00:00,AWS_VOBL,Bengaluru / Kempegowda Intl,Bengaluru,Karnataka,13.1979,77.7063,915.0,26.0,1014.9,34.1,NOAA/NWS ASOS via IEM Archive (provided source file),0,NORMAL,,,,,,17,5,1,5,Winter,1,-1.0,0.0,4.0
2025-01-05 17:30:00,AWS_VOBL,Bengaluru / Kempegowda Intl,Bengaluru,Karnataka,13.1979,77.7063,915.0,25.0,1014.9,36.2,NOAA/NWS ASOS via IEM Archive (provided source file),0,NORMAL,,,,,,17,5,1,5,Winter,1,-1.0,0.0,2.1000000000000014
2025-01-05 18:00:00,AWS_VOBL,Bengaluru / Kempegowda Intl,Bengaluru,Karnataka,13.1979,77.7063,915.0,24.0,1014.9,41.1,NOAA/NWS ASOS via IEM Archive (provided source file),0,NORMAL,,,,,,18,5,1,5,Winter,0,-1.0,0.0,4.899999999999999
2025-01-05 18:30:00,AWS_VOBL,Bengaluru / Kempegowda Intl,Bengaluru,Karnataka,13.1979,77.7063,915.0,23.0,1014.9,43.7,NOAA/NWS ASOS via IEM Archive (provided source file),0,NORMAL,,,,,,18,5,1,5,Winter,0,-1.0,0.0,2.6000000000000014
2025-01-05 19:00:00,AWS_VOBL,Bengaluru / Kempegowda Intl,Bengaluru,Karnataka,13.1979,77.7063,915.0,22.0,1015.92,49.6,NOAA/NWS ASOS via IEM Archive (provided source file),0,NORMAL,,,,,,19,5,1,5,Winter,0,-1.0,1.0199999999999818,5.899999999999999
2025-01-05 19:30:00,AWS_VOBL,Bengaluru / Kempegowda Intl,Bengaluru,Karnataka,13.1979,77.7063,915.0,21.0,1015.92,52.8,NOAA/NWS ASOS via IEM Archive (provided source file),0,NORMAL,,,,,,19,5,1,5,Winter,0,-1.0,0.0,3.1999999999999957
2025-01-05 20:00:00,AWS_VOBL,Bengaluru / Kempegowda Intl,Bengaluru,Karnataka,13.1979,77.7063,915.0,20.0,1016.93,64.0,NOAA/NWS ASOS via IEM Archive (provided source file),0,NORMAL,,,,,,20,5,1,5,Winter,0,-1.0,1.009999999999991,11.200000000000003
2025-01-05 20:30:00,AWS_VOBL,Bengaluru / Kempegowda Intl,Bengaluru,Karnataka,13.1979,77.7063,915.0,19.0,1016.93,68.2,NOAA/NWS ASOS via IEM Archive (provided source file),0,NORMAL,,,,,,20,5,1,5,Winter,0,-1.0,0.0,4.200000000000003
2025-01-05 21:00:00,AWS_VOBL,Bengaluru / Kempegowda Intl,Bengaluru,Karnataka,13.1979,77.7063,915.0,19.0,1017.95,72.7,NOAA/NWS ASOS via IEM Archive (provided source file),0,NORMAL,,,,,,21,5,1,5,Winter,0,0.0,1.0200000000000955,4.5
2025-01-05 21:30:00,AWS_VOBL,Bengaluru / Kempegowda Intl,Bengaluru,Karnataka,13.1979,77.7063,915.0,18.0,1017.95,77.4,NOAA/NWS ASOS via IEM Archive (provided source file),0,NORMAL,,,,,,21,5,1,5,Winter,0,-1.0,0.0,4.700000000000003
2025-01-05 22:00:00,AWS_VOBL,Bengaluru / Kempegowda Intl,Bengaluru,Karnataka,13.1979,77.7063,915.0,18.0,1017.95,77.4,NOAA/NWS ASOS via IEM Archive (provided source file),0,NORMAL,,,,,,22,5,1,5,Winter,0,0.0,0.0,0.0
2025-01-05 22:30:00,AWS_VOBL,Bengaluru / Kempegowda Intl,Bengaluru,Karnataka,13.1979,77.7063,915.0,18.0,1017.95,77.4,NOAA/NWS ASOS via IEM Archive (provided source file),0,NORMAL,,,,,,22,5,1,5,Winter,0,0.0,0.0,0.0
2025-01-05 23:00:00,AWS_VOBL,Bengaluru / Kempegowda Intl,Bengaluru,Karnataka,13.1979,77.7063,915.0,18.0,1017.95,77.4,NOAA/NWS ASOS via IEM Archive (provided source file),0,NORMAL,,,,,,23,5,1,5,Winter,0,0.0,0.0,0.0
2025-01-05 23:30:00,AWS_VOBL,Bengaluru / Kempegowda Intl,Bengaluru,Karnataka,13.1979,77.7063,915.0,17.0,1017.95,82.5,NOAA/NWS ASOS via IEM Archive (provided source file),0,NORMAL,,,,,,23,5,1,5,Winter,0,-1.0,0.0,5.099999999999994
2025-01-06 00:00:00,AWS_VOBL,Bengaluru / Kempegowda Intl,Bengaluru,Karnataka,13.1979,77.7063,915.0,17.0,1016.93,82.5,NOAA/NWS ASOS via IEM Archive (provided source file),0,NORMAL,,,,,,0,6,1,6,Winter,0,0.0,-1.0200000000000955,0.0
2025-01-06 00:30:00,AWS_VOBL,Bengaluru / Kempegowda Intl,Bengaluru,Karnataka,13.1979,77.7063,915.0,17.0,1016.93,88.0,NOAA/NWS ASOS via IEM Archive (provided source file),0,NORMAL,,,,,,0,6,1,6,Winter,0,0.0,0.0,5.5
2025-01-06 01:00:00,AWS_VOBL,Bengaluru / Kempegowda Intl,Bengaluru,Karnataka,13.1979,77.7063,915.0,17.0,1016.93,88.0,NOAA/NWS ASOS via IEM Archive (provided source file),0,NORMAL,,,,,,1,6,1,6,Winter,0,0.0,0.0,0.0
2025-01-06 01:30:00,AWS_VOBL,Bengaluru / Kempegowda Intl,Bengaluru,Karnataka,13.1979,77.7063,915.0,16.0,1016.93,93.8,NOAA/NWS ASOS via IEM Archive (provided source file),0,NORMAL,,,,,,1,6,1,6,Winter,0,-1.0,0.0,5.799999999999997
2025-01-06 02:00:00,AWS_VOBL,Bengaluru / Kempegowda Intl,Bengaluru,Karnataka,13.1979,77.7063,915.0,16.0,1015.92,93.8,NOAA/NWS ASOS via IEM Archive (provided source file),0,NORMAL,,,,,,2,6,1,6,Winter,0,0.0,-1.009999999999991,0.0
2025-01-06 02:30:00,AWS_VOBL,Bengaluru / Kempegowda Intl,Bengaluru,Karnataka,13.1979,77.7063,915.0,16.0,1015.92,93.8,NOAA/NWS ASOS via IEM Archive (provided source file),0,NORMAL,,,,,,2,6,1,6,Winter,0,0.0,0.0,0.0
2025-01-06 03:00:00,AWS_VOBL,Bengaluru / Kempegowda Intl,Bengaluru,Karnataka,13.1979,77.7063,915.0,15.0,1015.92,100.0,NOAA/NWS ASOS via IEM Archive (provided source file),0,NORMAL,,,,,,3,6,1,6,Winter,0,-1.0,0.0,6.200000000000003
2025-01-06 03:30:00,AWS_VOBL,Bengaluru / Kempegowda Intl,Bengaluru,Karnataka,13.1979,77.7063,915.0,16.0,1015.92,93.8,NOAA/NWS ASOS via IEM Archive (provided source file),0,NORMAL,,,,,,3,6,1,6,Winter,0,1.0,0.0,-6.200000000000003
2025-01-06 04:00:00,AWS_VOBL,Bengaluru / Kempegowda Intl,Bengaluru,Karnataka,13.1979,77.7063,915.0,16.0,1015.92,93.8,NOAA/NWS ASOS via IEM Archive (provided source file),0,NORMAL,,,,,,4,6,1,6,Winter,0,0.0,0.0,0.0
2025-01-06 04:30:00,AWS_VOBL,Bengaluru / Kempegowda Intl,Bengaluru,Karnataka,13.1979,77.7063,915.0,16.0,1015.92,93.8,NOAA/NWS ASOS via IEM Archive (provided source file),0,NORMAL,,,,,,4,6,1,6,Winter,0,0.0,0.0,0.0
2025-01-06 05:00:00,AWS_VOBL,Bengaluru / Kempegowda Intl,Bengaluru,Karnataka,13.1979,77.7063,915.0,16.0,1015.92,93.8,NOAA/NWS ASOS via IEM Archive (provided source file),0,NORMAL,,,,,,5,6,1,6,Winter,0,0.0,0.0,0.0
2025-01-06 05:30:00,AWS_VOBL,Bengaluru / Kempegowda Intl,Bengaluru,Karnataka,13.1979,77.7063,915.0,16.0,1015.92,93.8,NOAA/NWS ASOS via IEM Archive (provided source file),0,NORMAL,,,,,,5,6,1,6,Winter,0,0.0,0.0,0.0
2025-01-06 06:00:00,AWS_VOBL,Bengaluru / Kempegowda Intl,Bengaluru,Karnataka,13.1979,77.7063,915.0,16.0,1015.92,87.9,NOAA/NWS ASOS via IEM Archive (provided source file),0,NORMAL,,,,,,6,6,1,6,Winter,1,0.0,0.0,-5.8999999999999915
2025-01-06 06:30:00,AWS_VOBL,Bengaluru / Kempegowda Intl,Bengaluru,Karnataka,13.1979,77.7063,915.0,16.0,1016.93,87.9,NOAA/NWS ASOS via IEM Archive (provided source file),0,NORMAL,,,,,,6,6,1,6,Winter,1,0.0,1.009999999999991,0.0
2025-01-06 07:00:00,AWS_VOBL,Bengaluru / Kempegowda Intl,Bengaluru,Karnataka,13.1979,77.7063,915.0,15.0,1016.93,87.8,NOAA/NWS ASOS via IEM Archive (provided source file),0,NORMAL,,,,,,7,6,1,6,Winter,1,-1.0,0.0,-0.10000000000000853
2025-01-06 07:30:00,AWS_VOBL,Bengaluru / Kempegowda Intl,Bengaluru,Karnataka,13.1979,77.7063,915.0,16.0,1017.95,87.9,NOAA/NWS ASOS via IEM Archive (provided source file),0,NORMAL,,,,,,7,6,1,6,Winter,1,1.0,1.0200000000000955,0.10000000000000853
2025-01-06 08:00:00,AWS_VOBL,Bengaluru / Kempegowda Intl,Bengaluru,Karnataka,13.1979,77.7063,915.0,16.0,1017.95,87.9,NOAA/NWS ASOS via IEM Archive (provided source file),0,NORMAL,,,,,,8,6,1,6,Winter,1,0.0,0.0,0.0
2025-01-06 08:30:00,AWS_VOBL,Bengaluru / Kempegowda Intl,Bengaluru,Karnataka,13.1979,77.7063,915.0,17.0,1018.96,82.5,NOAA/NWS ASOS via IEM Archive (provided source file),0,NORMAL,,,,,,8,6,1,6,Winter,1,1.0,1.009999999999991,-5.400000000000006
2025-01-06 09:00:00,AWS_VOBL,Bengaluru / Kempegowda Intl,Bengaluru,Karnataka,13.1979,77.7063,915.0,18.0,1018.96,77.4,NOAA/NWS ASOS via IEM Archive (provided source file),0,NORMAL,,,,,,9,6,1,6,Winter,1,1.0,0.0,-5.099999999999994
2025-01-06 09:30:00,AWS_VOBL,Bengaluru / Kempegowda Intl,Bengaluru,Karnataka,13.1979,77.7063,915.0,19.0,1018.96,72.7,NOAA/NWS ASOS via IEM Archive (provided source file),0,NORMAL,,,,,,9,6,1,6,Winter,1,1.0,0.0,-4.700000000000003
2025-01-06 10:00:00,AWS_VOBL,Bengaluru / Kempegowda Intl,Bengaluru,Karnataka,13.1979,77.7063,915.0,20.0,1018.96,68.4,NOAA/NWS ASOS via IEM Archive (provided source file),0,NORMAL,,,,,,10,6,1,6,Winter,1,1.0,0.0,-4.299999999999997
2025-01-06 10:30:00,AWS_VOBL,Bengaluru / Kempegowda Intl,Bengaluru,Karnataka,13.1979,77.7063,915.0,21.0,1018.96,60.2,NOAA/NWS ASOS via IEM Archive (provided source file),0,NORMAL,,,,,,10,6,1,6,Winter,1,1.0,0.0,-8.200000000000003
2025-01-06 11:00:00,AWS_VOBL,Bengaluru / Kempegowda Intl,Bengaluru,Karnataka,13.1979,77.7063,915.0,22.0,1017.95,56.6,NOAA/NWS ASOS via IEM Archive (provided source file),0,NORMAL,,,,,,11,6,1,6,Winter,1,1.0,-1.009999999999991,-3.6000000000000014
2025-01-06 11:30:00,AWS_VOBL,Bengaluru / Kempegowda Intl,Bengaluru,Karnataka,13.1979,77.7063,915.0,23.0,1017.95,49.9,NOAA/NWS ASOS via IEM Archive (provided source file),0,NORMAL,,,,,,11,6,1,6,Winter,1,1.0,0.0,-6.700000000000003
2025-01-06 12:00:00,AWS_VOBL,Bengaluru / Kempegowda Intl,Bengaluru,Karnataka,13.1979,77.7063,915.0,23.0,1016.93,49.9,NOAA/NWS ASOS via IEM Archive (provided source file),0,NORMAL,,,,,,12,6,1,6,Winter,1,0.0,-1.0200000000000955,0.0
2025-01-06 12:30:00,AWS_VOBL,Bengaluru / Kempegowda Intl,Bengaluru,Karnataka,13.1979,77.7063,915.0,24.0,1015.92,41.1,NOAA/NWS ASOS via IEM Archive (provided source file),0,NORMAL,,,,,,12,6,1,6,Winter,1,1.0,-1.009999999999991,-8.799999999999997
2025-01-06 13:00:00,AWS_VOBL,Bengaluru / Kempegowda Intl,Bengaluru,Karnataka,13.1979,77.7063,915.0,25.0,1015.92,38.7,NOAA/NWS ASOS via IEM Archive (provided source file),0,NORMAL,,,,,,13,6,1,6,Winter,1,1.0,0.0,-2.3999999999999986
2025-01-06 13:30:00,AWS_VOBL,Bengaluru / Kempegowda Intl,Bengaluru,Karnataka,13.1979,77.7063,915.0,26.0,1014.9,36.5,NOAA/NWS ASOS via IEM Archive (provided source file),0,NORMAL,,,,,,13,6,1,6,Winter,1,1.0,-1.0199999999999818,-2.200000000000003
2025-01-06 14:00:00,AWS_VOBL,Bengaluru / Kempegowda Intl,Bengaluru,Karnataka,13.1979,77.7063,915.0,27.0,1014.9,30.1,NOAA/NWS ASOS via IEM Archive (provided source file),0,NORMAL,,,,,,14,6,1,6,Winter,1,1.0,0.0,-6.399999999999999
2025-01-06 14:30:00,AWS_VOBL,Bengaluru / Kempegowda Intl,Bengaluru,Karnataka,13.1979,77.7063,915.0,27.0,1013.88,30.1,NOAA/NWS ASOS via IEM Archive (provided source file),0,NORMAL,,,,,,14,6,1,6,Winter,1,0.0,-1.0199999999999818,0.0
2025-01-06 15:00:00,AWS_VOBL,Bengaluru / Kempegowda Intl,Bengaluru,Karnataka,13.1979,77.7063,915.0,27.0,1013.88,30.1,NOAA/NWS ASOS via IEM Archive (provided source file),0,NORMAL,,,,,,15,6,1,6,Winter,1,0.0,0.0,0.0
2025-01-06 15:30:00,AWS_VOBL,Bengaluru / Kempegowda Intl,Bengaluru,Karnataka,13.1979,77.7063,915.0,27.0,1013.88,30.1,NOAA/NWS ASOS via IEM Archive (provided source file),0,NORMAL,,,,,,15,6,1,6,Winter,1,0.0,0.0,0.0
2025-01-06 16:00:00,AWS_VOBL,Bengaluru / Kempegowda Intl,Bengaluru,Karnataka,13.1979,77.7063,915.0,27.0,1013.88,28.1,NOAA/NWS ASOS via IEM Archive (provided source file),0,NORMAL,,,,,,16,6,1,6,Winter,1,0.0,0.0,-2.0
2025-01-06 16:30:00,AWS_VOBL,Bengaluru / Kempegowda Intl,Bengaluru,Karnataka,13.1979,77.7063,915.0,27.0,1013.88,30.1,NOAA/NWS ASOS via IEM Archive (provided source file),0,NORMAL,,,,,,16,6,1,6,Winter,1,0.0,0.0,2.0
2025-01-06 17:00:00,AWS_VOBL,Bengaluru / Kempegowda Intl,Bengaluru,Karnataka,13.1979,77.7063,915.0,26.0,1013.88,31.9,NOAA/NWS ASOS via IEM Archive (provided source file),0,NORMAL,,,,,,17,6,1,6,Winter,1,-1.0,0.0,1.7999999999999972
2025-01-06 17:30:00,AWS_VOBL,Bengaluru / Kempegowda Intl,Bengaluru,Karnataka,13.1979,77.7063,915.0,26.0,1013.88,34.1,NOAA/NWS ASOS via IEM Archive (provided source file),0,NORMAL,,,,,,17,6,1,6,Winter,1,0.0,0.0,2.200000000000003
2025-01-06 18:00:00,AWS_VOBL,Bengaluru / Kempegowda Intl,Bengaluru,Karnataka,13.1979,77.7063,915.0,26.0,1013.88,34.1,NOAA/NWS ASOS via IEM Archive (provided source file),0,NORMAL,,,,,,18,6,1,6,Winter,0,0.0,0.0,0.0
2025-01-06 18:30:00,AWS_VOBL,Bengaluru / Kempegowda Intl,Bengaluru,Karnataka,13.1979,77.7063,915.0,23.0,1014.9,46.7,NOAA/NWS ASOS via IEM Archive (provided source file),0,NORMAL,,,,,,18,6,1,6,Winter,0,-3.0,1.0199999999999818,12.600000000000001
2025-01-06 19:00:00,AWS_VOBL,Bengaluru / Kempegowda Intl,Bengaluru,Karnataka,13.1979,77.7063,915.0,23.0,1015.92,43.7,NOAA/NWS ASOS via IEM Archive (provided source file),0,NORMAL,,,,,,19,6,1,6,Winter,0,0.0,1.0199999999999818,-3.0
2025-01-06 19:30:00,AWS_VOBL,Bengaluru / Kempegowda Intl,Bengaluru,Karnataka,13.1979,77.7063,915.0,22.0,1015.92,53.0,NOAA/NWS ASOS via IEM Archive (provided source file),0,NORMAL,,,,,,19,6,1,6,Winter,0,-1.0,0.0,9.299999999999997
2025-01-06 20:00:00,AWS_VOBL,Bengaluru / Kempegowda Intl,Bengaluru,Karnataka,13.1979,77.7063,915.0,22.0,1016.93,56.6,NOAA/NWS ASOS via IEM Archive (provided source file),0,NORMAL,,,,,,20,6,1,6,Winter,0,0.0,1.009999999999991,3.6000000000000014
2025-01-06 20:30:00,AWS_VOBL,Bengaluru / Kempegowda Intl,Bengaluru,Karnataka,13.1979,77.7063,915.0,21.0,1016.93,60.2,NOAA/NWS ASOS via IEM Archive (provided source file),0,NORMAL,,,,,,20,6,1,6,Winter,0,-1.0,0.0,3.6000000000000014
2025-01-06 21:00:00,AWS_VOBL,Bengaluru / Kempegowda Intl,Bengaluru,Karnataka,13.1979,77.7063,915.0,19.0,1017.95,68.2,NOAA/NWS ASOS via IEM Archive (provided source file),0,NORMAL,,,,,,21,6,1,6,Winter,0,-2.0,1.0200000000000955,8.0
2025-01-06 21:30:00,AWS_VOBL,Bengaluru / Kempegowda Intl,Bengaluru,Karnataka,13.1979,77.7063,915.0,19.0,1017.95,68.2,NOAA/NWS ASOS via IEM Archive (provided source file),0,NORMAL,,,,,,21,6,1,6,Winter,0,0.0,0.0,0.0
2025-01-06 22:00:00,AWS_VOBL,Bengaluru / Kempegowda Intl,Bengaluru,Karnataka,13.1979,77.7063,915.0,19.0,1017.95,68.2,NOAA/NWS ASOS via IEM Archive (provided source file),0,NORMAL,,,,,,22,6,1,6,Winter,0,0.0,0.0,0.0
2025-01-06 22:30:00,AWS_VOBL,Bengaluru / Kempegowda Intl,Bengaluru,Karnataka,13.1979,77.7063,915.0,18.0,1017.95,72.6,NOAA/NWS ASOS via IEM Archive (provided source file),0,NORMAL,,,,,,22,6,1,6,Winter,0,-1.0,0.0,4.3999999999999915
2025-01-06 23:00:00,AWS_VOBL,Bengaluru / Kempegowda Intl,Bengaluru,Karnataka,13.1979,77.7063,915.0,18.0,1017.95,72.6,NOAA/NWS ASOS via IEM Archive (provided source file),0,NORMAL,,,,,,23,6,1,6,Winter,0,0.0,0.0,0.0
2025-01-06 23:30:00,AWS_VOBL,Bengaluru / Kempegowda Intl,Bengaluru,Karnataka,13.1979,77.7063,915.0,18.0,1017.95,77.4,NOAA/NWS ASOS via IEM Archive (provided source file),0,NORMAL,,,,,,23,6,1,6,Winter,0,0.0,0.0,4.800000000000011
2025-01-01 00:00:00,AWS_VOMM,Chennai / Chennai Intl,Chennai,Tamil Nadu,12.9944,80.1805,16.0,26.0,1013.88,88.8,NOAA/NWS ASOS via IEM Archive (provided source file),0,NORMAL,,,,,,0,1,1,1,Winter,0,,,
2025-01-01 00:30:00,AWS_VOMM,Chennai / Chennai Intl,Chennai,Tamil Nadu,12.9944,80.1805,16.0,26.0,1013.88,88.8,NOAA/NWS ASOS via IEM Archive (provided source file),0,NORMAL,,,,,,0,1,1,1,Winter,0,0.0,0.0,0.0
2025-01-01 01:00:00,AWS_VOMM,Chennai / Chennai Intl,Chennai,Tamil Nadu,12.9944,80.1805,16.0,26.0,1013.88,88.8,NOAA/NWS ASOS via IEM Archive (provided source file),0,NORMAL,,,,,,1,1,1,1,Winter,0,0.0,0.0,0.0
2025-01-01 01:30:00,AWS_VOMM,Chennai / Chennai Intl,Chennai,Tamil Nadu,12.9944,80.1805,16.0,25.0,1012.87,94.2,NOAA/NWS ASOS via IEM Archive (provided source file),0,NORMAL,,,,,,1,1,1,1,Winter,0,-1.0,-1.009999999999991,5.400000000000006
2025-01-01 02:00:00,AWS_VOMM,Chennai / Chennai Intl,Chennai,Tamil Nadu,12.9944,80.1805,16.0,25.0,1012.87,88.7,NOAA/NWS ASOS via IEM Archive (provided source file),0,NORMAL,,,,,,2,1,1,1,Winter,0,0.0,0.0,-5.5
2025-01-01 02:30:00,AWS_VOMM,Chennai / Chennai Intl,Chennai,Tamil Nadu,12.9944,80.1805,16.0,25.0,1012.87,88.7,NOAA/NWS ASOS via IEM Archive (provided source file),0,NORMAL,,,,,,2,1,1,1,Winter,0,0.0,0.0,0.0
2025-01-01 03:00:00,AWS_VOMM,Chennai / Chennai Intl,Chennai,Tamil Nadu,12.9944,80.1805,16.0,25.0,1012.87,88.7,NOAA/NWS ASOS via IEM Archive (provided source file),0,NORMAL,,,,,,3,1,1,1,Winter,0,0.0,0.0,0.0
2025-01-01 03:30:00,AWS_VOMM,Chennai / Chennai Intl,Chennai,Tamil Nadu,12.9944,80.1805,16.0,25.0,1011.85,88.7,NOAA/NWS ASOS via IEM Archive (provided source file),0,NORMAL,,,,,,3,1,1,1,Winter,0,0.0,-1.0199999999999818,0.0
2025-01-01 04:00:00,AWS_VOMM,Chennai / Chennai Intl,Chennai,Tamil Nadu,12.9944,80.1805,16.0,25.0,1011.85,88.7,NOAA/NWS ASOS via IEM Archive (provided source file),0,NORMAL,,,,,,4,1,1,1,Winter,0,0.0,0.0,0.0
2025-01-01 04:30:00,AWS_VOMM,Chennai / Chennai Intl,Chennai,Tamil Nadu,12.9944,80.1805,16.0,25.0,1011.85,88.7,NOAA/NWS ASOS via IEM Archive (provided source file),0,NORMAL,,,,,,4,1,1,1,Winter,0,0.0,0.0,0.0
2025-01-01 05:00:00,AWS_VOMM,Chennai / Chennai Intl,Chennai,Tamil Nadu,12.9944,80.1805,16.0,24.0,1011.85,94.1,NOAA/NWS ASOS via IEM Archive (provided source file),0,NORMAL,,,,,,5,1,1,1,Winter,0,-1.0,0.0,5.3999999999999915
2025-01-01 05:30:00,AWS_VOMM,Chennai / Chennai Intl,Chennai,Tamil Nadu,12.9944,80.1805,16.0,24.0,1011.85,94.1,NOAA/NWS ASOS via IEM Archive (provided source file),0,NORMAL,,,,,,5,1,1,1,Winter,0,0.0,0.0,0.0
2025-01-01 06:00:00,AWS_VOMM,Chennai / Chennai Intl,Chennai,Tamil Nadu,12.9944,80.1805,16.0,24.0,1012.87,94.1,NOAA/NWS ASOS via IEM Archive (provided source file),0,NORMAL,,,,,,6,1,1,1,Winter,1,0.0,1.0199999999999818,0.0
2025-01-01 06:30:00,AWS_VOMM,Chennai / Chennai Intl,Chennai,Tamil Nadu,12.9944,80.1805,16.0,24.0,1012.87,94.1,NOAA/NWS ASOS via IEM Archive (provided source file),0,NORMAL,,,,,,6,1,1,1,Winter,1,0.0,0.0,0.0
2025-01-01 07:00:00,AWS_VOMM,Chennai / Chennai Intl,Chennai,Tamil Nadu,12.9944,80.1805,16.0,24.0,1012.87,94.1,NOAA/NWS ASOS via IEM Archive (provided source file),0,NORMAL,,,,,,7,1,1,1,Winter,1,0.0,0.0,0.0
2025-01-01 07:30:00,AWS_VOMM,Chennai / Chennai Intl,Chennai,Tamil Nadu,12.9944,80.1805,16.0,24.0,1013.88,94.1,NOAA/NWS ASOS via IEM Archive (provided source file),0,NORMAL,,,,,,7,1,1,1,Winter,1,0.0,1.009999999999991,0.0
2025-01-01 08:00:00,AWS_VOMM,Chennai / Chennai Intl,Chennai,Tamil Nadu,12.9944,80.1805,16.0,25.0,1013.88,88.7,NOAA/NWS ASOS via IEM Archive (provided source file),0,NORMAL,,,,,,8,1,1,1,Winter,1,1.0,0.0,-5.3999999999999915
2025-01-01 08:30:00,AWS_VOMM,Chennai / Chennai Intl,Chennai,Tamil Nadu,12.9944,80.1805,16.0,25.0,1014.9,88.7,NOAA/NWS ASOS via IEM Archive (provided source file),0,NORMAL,,,,,,8,1,1,1,Winter,1,0.0,1.0199999999999818,0.0
2025-01-01 09:00:00,AWS_VOMM,Chennai / Chennai Intl,Chennai,Tamil Nadu,12.9944,80.1805,16.0,26.0,1014.9,88.8,NOAA/NWS ASOS via IEM Archive (provided source file),0,NORMAL,,,,,,9,1,1,1,Winter,1,1.0,0.0,0.09999999999999432
2025-01-01 09:30:00,AWS_VOMM,Chennai / Chennai Intl,Chennai,Tamil Nadu,12.9944,80.1805,16.0,27.0,1014.9,88.8,NOAA/NWS ASOS via IEM Archive (provided source file),0,NORMAL,,,,,,9,1,1,1,Winter,1,1.0,0.0,0.0
2025-01-01 10:00:00,AWS_VOMM,Chennai / Chennai Intl,Chennai,Tamil Nadu,12.9944,80.1805,16.0,28.0,1014.9,78.9,NOAA/NWS ASOS via IEM Archive (provided source file),0,NORMAL,,,,,,10,1,1,1,Winter,1,1.0,0.0,-9.899999999999991
2025-01-01 10:30:00,AWS_VOMM,Chennai / Chennai Intl,Chennai,Tamil Nadu,12.9944,80.1805,16.0,28.0,1014.9,78.9,NOAA/NWS ASOS via IEM Archive (provided source file),0,NORMAL,,,,,,10,1,1,1,Winter,1,0.0,0.0,0.0
2025-01-01 11:00:00,AWS_VOMM,Chennai / Chennai Intl,Chennai,Tamil Nadu,12.9944,80.1805,16.0,29.0,1014.9,74.4,NOAA/NWS ASOS via IEM Archive (provided source file),0,NORMAL,,,,,,11,1,1,1,Winter,1,1.0,0.0,-4.5
2025-01-01 11:30:00,AWS_VOMM,Chennai / Chennai Intl,Chennai,Tamil Nadu,12.9944,80.1805,16.0,29.0,1013.88,74.4,NOAA/NWS ASOS via IEM Archive (provided source file),0,NORMAL,,,,,,11,1,1,1,Winter,1,0.0,-1.0199999999999818,0.0
2025-01-01 12:00:00,AWS_VOMM,Chennai / Chennai Intl,Chennai,Tamil Nadu,12.9944,80.1805,16.0,29.0,1013.88,70.1,NOAA/NWS ASOS via IEM Archive (provided source file),0,NORMAL,,,,,,12,1,1,1,Winter,1,0.0,0.0,-4.300000000000011
2025-01-01 12:30:00,AWS_VOMM,Chennai / Chennai Intl,Chennai,Tamil Nadu,12.9944,80.1805,16.0,30.0,1012.87,66.2,NOAA/NWS ASOS via IEM Archive (provided source file),0,NORMAL,,,,,,12,1,1,1,Winter,1,1.0,-1.009999999999991,-3.8999999999999915
2025-01-01 13:00:00,AWS_VOMM,Chennai / Chennai Intl,Chennai,Tamil Nadu,12.9944,80.1805,16.0,30.0,1012.87,66.2,NOAA/NWS ASOS via IEM Archive (provided source file),0,NORMAL,,,,,,13,1,1,1,Winter,1,0.0,0.0,0.0
2025-01-01 13:30:00,AWS_VOMM,Chennai / Chennai Intl,Chennai,Tamil Nadu,12.9944,80.1805,16.0,30.0,1011.85,62.2,NOAA/NWS ASOS via IEM Archive (provided source file),0,NORMAL,,,,,,13,1,1,1,Winter,1,0.0,-1.0199999999999818,-4.0
2025-01-01 14:00:00,AWS_VOMM,Chennai / Chennai Intl,Chennai,Tamil Nadu,12.9944,80.1805,16.0,30.0,1011.85,62.2,NOAA/NWS ASOS via IEM Archive (provided source file),0,NORMAL,,,,,,14,1,1,1,Winter,1,0.0,0.0,0.0
2025-01-01 14:30:00,AWS_VOMM,Chennai / Chennai Intl,Chennai,Tamil Nadu,12.9944,80.1805,16.0,29.0,1010.84,70.1,NOAA/NWS ASOS via IEM Archive (provided source file),0,NORMAL,,,,,,14,1,1,1,Winter,1,-1.0,-1.009999999999991,7.8999999999999915
2025-01-01 15:00:00,AWS_VOMM,Chennai / Chennai Intl,Chennai,Tamil Nadu,12.9944,80.1805,16.0,30.0,1010.84,66.2,NOAA/NWS ASOS via IEM Archive (provided source file),0,NORMAL,,,,,,15,1,1,1,Winter,1,1.0,0.0,-3.8999999999999915
2025-01-01 15:30:00,AWS_VOMM,Chennai / Chennai Intl,Chennai,Tamil Nadu,12.9944,80.1805,16.0,29.0,1010.84,70.1,NOAA/NWS ASOS via IEM Archive (provided source file),0,NORMAL,,,,,,15,1,1,1,Winter,1,-1.0,0.0,3.8999999999999915
2025-01-01 16:00:00,AWS_VOMM,Chennai / Chennai Intl,Chennai,Tamil Nadu,12.9944,80.1805,16.0,28.0,1010.84,74.3,NOAA/NWS ASOS via IEM Archive (provided source file),0,NORMAL,,,,,,16,1,1,1,Winter,1,-1.0,0.0,4.200000000000003
2025-01-01 16:30:00,AWS_VOMM,Chennai / Chennai Intl,Chennai,Tamil Nadu,12.9944,80.1805,16.0,29.0,1010.84,70.1,NOAA/NWS ASOS via IEM Archive (provided source file),0,NORMAL,,,,,,16,1,1,1,Winter,1,1.0,0.0,-4.200000000000003
2025-01-01 17:00:00,AWS_VOMM,Chennai / Chennai Intl,Chennai,Tamil Nadu,12.9944,80.1805,16.0,28.0,1010.84,74.3,NOAA/NWS ASOS via IEM Archive (provided source file),0,NORMAL,,,,,,17,1,1,1,Winter,1,-1.0,0.0,4.200000000000003
2025-01-01 17:30:00,AWS_VOMM,Chennai / Chennai Intl,Chennai,Tamil Nadu,12.9944,80.1805,16.0,28.0,1010.84,74.3,NOAA/NWS ASOS via IEM Archive (provided source file),0,NORMAL,,,,,,17,1,1,1,Winter,1,0.0,0.0,0.0
2025-01-01 18:00:00,AWS_VOMM,Chennai / Chennai Intl,Chennai,Tamil Nadu,12.9944,80.1805,16.0,28.0,1010.84,74.3,NOAA/NWS ASOS via IEM Archive (provided source file),0,NORMAL,,,,,,18,1,1,1,Winter,0,0.0,0.0,0.0
2025-01-01 18:30:00,AWS_VOMM,Chennai / Chennai Intl,Chennai,Tamil Nadu,12.9944,80.1805,16.0,27.0,1011.85,78.8,NOAA/NWS ASOS via IEM Archive (provided source file),0,NORMAL,,,,,,18,1,1,1,Winter,0,-1.0,1.009999999999991,4.5
2025-01-01 19:00:00,AWS_VOMM,Chennai / Chennai Intl,Chennai,Tamil Nadu,12.9944,80.1805,16.0,27.0,1011.85,78.8,NOAA/NWS ASOS via IEM Archive (provided source file),0,NORMAL,,,,,,19,1,1,1,Winter,0,0.0,0.0,0.0
2025-01-01 19:30:00,AWS_VOMM,Chennai / Chennai Intl,Chennai,Tamil Nadu,12.9944,80.1805,16.0,27.0,1012.87,83.7,NOAA/NWS ASOS via IEM Archive (provided source file),0,NORMAL,,,,,,19,1,1,1,Winter,0,0.0,1.0199999999999818,4.900000000000006
2025-01-01 20:00:00,AWS_VOMM,Chennai / Chennai Intl,Chennai,Tamil Nadu,12.9944,80.1805,16.0,26.0,1012.87,88.8,NOAA/NWS ASOS via IEM Archive (provided source file),0,NORMAL,,,,,,20,1,1,1,Winter,0,-1.0,0.0,5.099999999999994
2025-01-01 20:30:00,AWS_VOMM,Chennai / Chennai Intl,Chennai,Tamil Nadu,12.9944,80.1805,16.0,26.0,1012.87,83.6,NOAA/NWS ASOS via IEM Archive (provided source file),0,NORMAL,,,,,,20,1,1,1,Winter,0,0.0,0.0,-5.200000000000003
2025-01-01 21:00:00,AWS_VOMM,Chennai / Chennai Intl,Chennai,Tamil Nadu,12.9944,80.1805,16.0,26.0,1013.88,88.8,NOAA/NWS ASOS via IEM Archive (provided source file),0,NORMAL,,,,,,21,1,1,1,Winter,0,0.0,1.009999999999991,5.200000000000003
2025-01-01 21:30:00,AWS_VOMM,Chennai / Chennai Intl,Chennai,Tamil Nadu,12.9944,80.1805,16.0,26.0,1013.88,88.8,NOAA/NWS ASOS via IEM Archive (provided source file),0,NORMAL,,,,,,21,1,1,1,Winter,0,0.0,0.0,0.0
2025-01-01 22:00:00,AWS_VOMM,Chennai / Chennai Intl,Chennai,Tamil Nadu,12.9944,80.1805,16.0,26.0,1013.88,88.8,NOAA/NWS ASOS via IEM Archive (provided source file),0,NORMAL,,,,,,22,1,1,1,Winter,0,0.0,0.0,0.0
2025-01-01 22:30:00,AWS_VOMM,Chennai / Chennai Intl,Chennai,Tamil Nadu,12.9944,80.1805,16.0,26.0,1013.88,83.6,NOAA/NWS ASOS via IEM Archive (provided source file),0,NORMAL,,,,,,22,1,1,1,Winter,0,0.0,0.0,-5.200000000000003
2025-01-01 23:00:00,AWS_VOMM,Chennai / Chennai Intl,Chennai,Tamil Nadu,12.9944,80.1805,16.0,26.0,1013.88,83.6,NOAA/NWS ASOS via IEM Archive (provided source file),0,NORMAL,,,,,,23,1,1,1,Winter,0,0.0,0.0,0.0
2025-01-01 23:30:00,AWS_VOMM,Chennai / Chennai Intl,Chennai,Tamil Nadu,12.9944,80.1805,16.0,26.0,1012.87,83.6,NOAA/NWS ASOS via IEM Archive (provided source file),0,NORMAL,,,,,,23,1,1,1,Winter,0,0.0,-1.009999999999991,0.0
2025-01-02 00:00:00,AWS_VOMM,Chennai / Chennai Intl,Chennai,Tamil Nadu,12.9944,80.1805,16.0,26.0,1012.87,83.6,NOAA/NWS ASOS via IEM Archive (provided source file),0,NORMAL,,,,,,0,2,1,2,Winter,0,0.0,0.0,0.0
2025-01-02 00:30:00,AWS_VOMM,Chennai / Chennai Intl,Chennai,Tamil Nadu,12.9944,80.1805,16.0,25.0,1012.87,88.7,NOAA/NWS ASOS via IEM Archive (provided source file),0,NORMAL,,,,,,0,2,1,2,Winter,0,-1.0,0.0,5.1000000000000085
2025-01-02 01:00:00,AWS_VOMM,Chennai / Chennai Intl,Chennai,Tamil Nadu,12.9944,80.1805,16.0,25.0,1011.85,88.7,NOAA/NWS ASOS via IEM Archive (provided source file),0,NORMAL,,,,,,1,2,1,2,Winter,0,0.0,-1.0199999999999818,0.0
2025-01-02 01:30:00,AWS_VOMM,Chennai / Chennai Intl,Chennai,Tamil Nadu,12.9944,80.1805,16.0,25.0,1011.85,88.7,NOAA/NWS ASOS via IEM Archive (provided source file),0,NORMAL,,,,,,1,2,1,2,Winter,0,0.0,0.0,0.0
2025-01-02 02:00:00,AWS_VOMM,Chennai / Chennai Intl,Chennai,Tamil Nadu,12.9944,80.1805,16.0,25.0,1011.85,88.7,NOAA/NWS ASOS via IEM Archive (provided source file),0,NORMAL,,,,,,2,2,1,2,Winter,0,0.0,0.0,0.0
2025-01-02 02:30:00,AWS_VOMM,Chennai / Chennai Intl,Chennai,Tamil Nadu,12.9944,80.1805,16.0,25.0,1010.84,88.7,NOAA/NWS ASOS via IEM Archive (provided source file),0,NORMAL,,,,,,2,2,1,2,Winter,0,0.0,-1.009999999999991,0.0
2025-01-02 03:00:00,AWS_VOMM,Chennai / Chennai Intl,Chennai,Tamil Nadu,12.9944,80.1805,16.0,25.0,1010.84,88.7,NOAA/NWS ASOS via IEM Archive (provided source file),0,NORMAL,,,,,,3,2,1,2,Winter,0,0.0,0.0,0.0
2025-01-02 03:30:00,AWS_VOMM,Chennai / Chennai Intl,Chennai,Tamil Nadu,12.9944,80.1805,16.0,25.0,1010.84,88.7,NOAA/NWS ASOS via IEM Archive (provided source file),0,NORMAL,,,,,,3,2,1,2,Winter,0,0.0,0.0,0.0
2025-01-02 04:00:00,AWS_VOMM,Chennai / Chennai Intl,Chennai,Tamil Nadu,12.9944,80.1805,16.0,25.0,1010.84,88.7,NOAA/NWS ASOS via IEM Archive (provided source file),0,NORMAL,,,,,,4,2,1,2,Winter,0,0.0,0.0,0.0
2025-01-02 04:30:00,AWS_VOMM,Chennai / Chennai Intl,Chennai,Tamil Nadu,12.9944,80.1805,16.0,25.0,1010.84,88.7,NOAA/NWS ASOS via IEM Archive (provided source file),0,NORMAL,,,,,,4,2,1,2,Winter,0,0.0,0.0,0.0
2025-01-02 05:00:00,AWS_VOMM,Chennai / Chennai Intl,Chennai,Tamil Nadu,12.9944,80.1805,16.0,25.0,1010.84,88.7,NOAA/NWS ASOS via IEM Archive (provided source file),0,NORMAL,,,,,,5,2,1,2,Winter,0,0.0,0.0,0.0
2025-01-02 05:30:00,AWS_VOMM,Chennai / Chennai Intl,Chennai,Tamil Nadu,12.9944,80.1805,16.0,25.0,1011.85,88.7,NOAA/NWS ASOS via IEM Archive (provided source file),0,NORMAL,,,,,,5,2,1,2,Winter,0,0.0,1.009999999999991,0.0
2025-01-02 06:00:00,AWS_VOMM,Chennai / Chennai Intl,Chennai,Tamil Nadu,12.9944,80.1805,16.0,24.0,1011.85,88.6,NOAA/NWS ASOS via IEM Archive (provided source file),0,NORMAL,,,,,,6,2,1,2,Winter,1,-1.0,0.0,-0.10000000000000853
2025-01-02 06:30:00,AWS_VOMM,Chennai / Chennai Intl,Chennai,Tamil Nadu,12.9944,80.1805,16.0,24.0,1012.87,88.6,NOAA/NWS ASOS via IEM Archive (provided source file),0,NORMAL,,,,,,6,2,1,2,Winter,1,0.0,1.0199999999999818,0.0
2025-01-02 07:00:00,AWS_VOMM,Chennai / Chennai Intl,Chennai,Tamil Nadu,12.9944,80.1805,16.0,24.0,1012.87,88.6,NOAA/NWS ASOS via IEM Archive (provided source file),0,NORMAL,,,,,,7,2,1,2,Winter,1,0.0,0.0,0.0
2025-01-02 07:30:00,AWS_VOMM,Chennai / Chennai Intl,Chennai,Tamil Nadu,12.9944,80.1805,16.0,24.0,1013.88,94.1,NOAA/NWS ASOS via IEM Archive (provided source file),0,NORMAL,,,,,,7,2,1,2,Winter,1,0.0,1.009999999999991,5.5
2025-01-02 08:00:00,AWS_VOMM,Chennai / Chennai Intl,Chennai,Tamil Nadu,12.9944,80.1805,16.0,25.0,1013.88,88.7,NOAA/NWS ASOS via IEM Archive (provided source file),0,NORMAL,,,,,,8,2,1,2,Winter,1,1.0,0.0,-5.3999999999999915
2025-01-02 08:30:00,AWS_VOMM,Chennai / Chennai Intl,Chennai,Tamil Nadu,12.9944,80.1805,16.0,26.0,1014.9,88.8,NOAA/NWS ASOS via IEM Archive (provided source file),0,NORMAL,,,,,,8,2,1,2,Winter,1,1.0,1.0199999999999818,0.09999999999999432
2025-01-02 09:00:00,AWS_VOMM,Chennai / Chennai Intl,Chennai,Tamil Nadu,12.9944,80.1805,16.0,26.0,1014.9,83.6,NOAA/NWS ASOS via IEM Archive (provided source file),0,NORMAL,,,,,,9,2,1,2,Winter,1,0.0,0.0,-5.200000000000003
2025-01-02 09:30:00,AWS_VOMM,Chennai / Chennai Intl,Chennai,Tamil Nadu,12.9944,80.1805,16.0,27.0,1014.9,78.8,NOAA/NWS ASOS via IEM Archive (provided source file),0,NORMAL,,,,,,9,2,1,2,Winter,1,1.0,0.0,-4.799999999999997
2025-01-02 10:00:00,AWS_VOMM,Chennai / Chennai Intl,Chennai,Tamil Nadu,12.9944,80.1805,16.0,28.0,1014.9,69.9,NOAA/NWS ASOS via IEM Archive (provided source file),0,NORMAL,,,,,,10,2,1,2,Winter,1,1.0,0.0,-8.899999999999991
2025-01-02 10:30:00,AWS_VOMM,Chennai / Chennai Intl,Chennai,Tamil Nadu,12.9944,80.1805,16.0,29.0,1014.9,62.0,NOAA/NWS ASOS via IEM Archive (provided source file),0,NORMAL,,,,,,10,2,1,2,Winter,1,1.0,0.0,-7.900000000000006
2025-01-02 11:00:00,AWS_VOMM,Chennai / Chennai Intl,Chennai,Tamil Nadu,12.9944,80.1805,16.0,29.0,1014.9,58.3,NOAA/NWS ASOS via IEM Archive (provided source file),0,NORMAL,,,,,,11,2,1,2,Winter,1,0.0,0.0,-3.700000000000003
2025-01-02 11:30:00,AWS_VOMM,Chennai / Chennai Intl,Chennai,Tamil Nadu,12.9944,80.1805,16.0,30.0,1013.88,55.0,NOAA/NWS ASOS via IEM Archive (provided source file),0,NORMAL,,,,,,11,2,1,2,Winter,1,1.0,-1.0199999999999818,-3.299999999999997
2025-01-02 12:00:00,AWS_VOMM,Chennai / Chennai Intl,Chennai,Tamil Nadu,12.9944,80.1805,16.0,30.0,1013.88,55.0,NOAA/NWS ASOS via IEM Archive (provided source file),0,NORMAL,,,,,,12,2,1,2,Winter,1,0.0,0.0,0.0
2025-01-02 12:30:00,AWS_VOMM,Chennai / Chennai Intl,Chennai,Tamil Nadu,12.9944,80.1805,16.0,30.0,1013.88,55.0,NOAA/NWS ASOS via IEM Archive (provided source file),0,NORMAL,,,,,,12,2,1,2,Winter,1,0.0,0.0,0.0
2025-01-02 13:00:00,AWS_VOMM,Chennai / Chennai Intl,Chennai,Tamil Nadu,12.9944,80.1805,16.0,30.0,1012.87,55.0,NOAA/NWS ASOS via IEM Archive (provided source file),0,NORMAL,,,,,,13,2,1,2,Winter,1,0.0,-1.009999999999991,0.0
2025-01-02 13:30:00,AWS_VOMM,Chennai / Chennai Intl,Chennai,Tamil Nadu,12.9944,80.1805,16.0,29.0,1012.87,58.3,NOAA/NWS ASOS via IEM Archive (provided source file),0,NORMAL,,,,,,13,2,1,2,Winter,1,-1.0,0.0,3.299999999999997
2025-01-02 14:00:00,AWS_VOMM,Chennai / Chennai Intl,Chennai,Tamil Nadu,12.9944,80.1805,16.0,29.0,1011.85,58.3,NOAA/NWS ASOS via IEM Archive (provided source file),0,NORMAL,,,,,,14,2,1,2,Winter,1,0.0,-1.0199999999999818,0.0
2025-01-02 14:30:00,AWS_VOMM,Chennai / Chennai Intl,Chennai,Tamil Nadu,12.9944,80.1805,16.0,29.0,1011.85,58.3,NOAA/NWS ASOS via IEM Archive (provided source file),0,NORMAL,,,,,,14,2,1,2,Winter,1,0.0,0.0,0.0
2025-01-02 15:00:00,AWS_VOMM,Chennai / Chennai Intl,Chennai,Tamil Nadu,12.9944,80.1805,16.0,29.0,1010.84,58.3,NOAA/NWS ASOS via IEM Archive (provided source file),0,NORMAL,,,,,,15,2,1,2,Winter,1,0.0,-1.009999999999991,0.0
2025-01-02 15:30:00,AWS_VOMM,Chennai / Chennai Intl,Chennai,Tamil Nadu,12.9944,80.1805,16.0,29.0,1010.84,58.3,NOAA/NWS ASOS via IEM Archive (provided source file),0,NORMAL,,,,,,15,2,1,2,Winter,1,0.0,0.0,0.0
2025-01-02 16:00:00,AWS_VOMM,Chennai / Chennai Intl,Chennai,Tamil Nadu,12.9944,80.1805,16.0,29.0,1010.84,62.0,NOAA/NWS ASOS via IEM Archive (provided source file),0,NORMAL,,,,,,16,2,1,2,Winter,1,0.0,0.0,3.700000000000003
2025-01-02 16:30:00,AWS_VOMM,Chennai / Chennai Intl,Chennai,Tamil Nadu,12.9944,80.1805,16.0,28.0,1010.84,65.7,NOAA/NWS ASOS via IEM Archive (provided source file),0,NORMAL,,,,,,16,2,1,2,Winter,1,-1.0,0.0,3.700000000000003
2025-01-02 17:00:00,AWS_VOMM,Chennai / Chennai Intl,Chennai,Tamil Nadu,12.9944,80.1805,16.0,28.0,1010.84,61.8,NOAA/NWS ASOS via IEM Archive (provided source file),0,NORMAL,,,,,,17,2,1,2,Winter,1,0.0,0.0,-3.9000000000000057
2025-01-02 17:30:00,AWS_VOMM,Chennai / Chennai Intl,Chennai,Tamil Nadu,12.9944,80.1805,16.0,27.0,1011.85,69.7,NOAA/NWS ASOS via IEM Archive (provided source file),0,NORMAL,,,,,,17,2,1,2,Winter,1,-1.0,1.009999999999991,7.900000000000006
2025-01-02 18:00:00,AWS_VOMM,Chennai / Chennai Intl,Chennai,Tamil Nadu,12.9944,80.1805,16.0,27.0,1011.85,69.7,NOAA/NWS ASOS via IEM Archive (provided source file),0,NORMAL,,,,,,18,2,1,2,Winter,0,0.0,0.0,0.0
2025-01-02 18:30:00,AWS_VOMM,Chennai / Chennai Intl,Chennai,Tamil Nadu,12.9944,80.1805,16.0,27.0,1011.85,74.1,NOAA/NWS ASOS via IEM Archive (provided source file),0,NORMAL,,,,,,18,2,1,2,Winter,0,0.0,0.0,4.3999999999999915
2025-01-02 19:00:00,AWS_VOMM,Chennai / Chennai Intl,Chennai,Tamil Nadu,12.9944,80.1805,16.0,26.0,1012.87,78.6,NOAA/NWS ASOS via IEM Archive (provided source file),0,NORMAL,,,,,,19,2,1,2,Winter,0,-1.0,1.0199999999999818,4.5
2025-01-02 19:30:00,AWS_VOMM,Chennai / Chennai Intl,Chennai,Tamil Nadu,12.9944,80.1805,16.0,26.0,1012.87,78.6,NOAA/NWS ASOS via IEM Archive (provided source file),0,NORMAL,,,,,,19,2,1,2,Winter,0,0.0,0.0,0.0
2025-01-02 20:00:00,AWS_VOMM,Chennai / Chennai Intl,Chennai,Tamil Nadu,12.9944,80.1805,16.0,26.0,1013.88,78.6,NOAA/NWS ASOS via IEM Archive (provided source file),0,NORMAL,,,,,,20,2,1,2,Winter,0,0.0,1.009999999999991,0.0
2025-01-02 20:30:00,AWS_VOMM,Chennai / Chennai Intl,Chennai,Tamil Nadu,12.9944,80.1805,16.0,26.0,1013.88,78.6,NOAA/NWS ASOS via IEM Archive (provided source file),0,NORMAL,,,,,,20,2,1,2,Winter,0,0.0,0.0,0.0
2025-01-02 21:00:00,AWS_VOMM,Chennai / Chennai Intl,Chennai,Tamil Nadu,12.9944,80.1805,16.0,26.0,1013.88,78.6,NOAA/NWS ASOS via IEM Archive (provided source file),0,NORMAL,,,,,,21,2,1,2,Winter,0,0.0,0.0,0.0
2025-01-02 21:30:00,AWS_VOMM,Chennai / Chennai Intl,Chennai,Tamil Nadu,12.9944,80.1805,16.0,26.0,1014.9,78.6,NOAA/NWS ASOS via IEM Archive (provided source file),0,NORMAL,,,,,,21,2,1,2,Winter,0,0.0,1.0199999999999818,0.0
2025-01-02 22:00:00,AWS_VOMM,Chennai / Chennai Intl,Chennai,Tamil Nadu,12.9944,80.1805,16.0,26.0,1014.9,78.6,NOAA/NWS ASOS via IEM Archive (provided source file),0,NORMAL,,,,,,22,2,1,2,Winter,0,0.0,0.0,0.0
2025-01-02 22:30:00,AWS_VOMM,Chennai / Chennai Intl,Chennai,Tamil Nadu,12.9944,80.1805,16.0,26.0,1013.88,78.6,NOAA/NWS ASOS via IEM Archive (provided source file),0,NORMAL,,,,,,22,2,1,2,Winter,0,0.0,-1.0199999999999818,0.0
2025-01-02 23:00:00,AWS_VOMM,Chennai / Chennai Intl,Chennai,Tamil Nadu,12.9944,80.1805,16.0,26.0,1013.88,78.6,NOAA/NWS ASOS via IEM Archive (provided source file),0,NORMAL,,,,,,23,2,1,2,Winter,0,0.0,0.0,0.0
2025-01-02 23:30:00,AWS_VOMM,Chennai / Chennai Intl,Chennai,Tamil Nadu,12.9944,80.1805,16.0,26.0,1013.88,78.6,NOAA/NWS ASOS via IEM Archive (provided source file),0,NORMAL,,,,,,23,2,1,2,Winter,0,0.0,0.0,0.0
2025-01-03 00:00:00,AWS_VOMM,Chennai / Chennai Intl,Chennai,Tamil Nadu,12.9944,80.1805,16.0,26.0,1013.88,83.6,NOAA/NWS ASOS via IEM Archive (provided source file),0,NORMAL,,,,,,0,3,1,3,Winter,0,0.0,0.0,5.0
2025-01-03 00:30:00,AWS_VOMM,Chennai / Chennai Intl,Chennai,Tamil Nadu,12.9944,80.1805,16.0,26.0,1013.88,83.6,NOAA/NWS ASOS via IEM Archive (provided source file),0,NORMAL,,,,,,0,3,1,3,Winter,0,0.0,0.0,0.0
2025-01-03 01:00:00,AWS_VOMM,Chennai / Chennai Intl,Chennai,Tamil Nadu,12.9944,80.1805,16.0,25.0,1012.87,83.4,NOAA/NWS ASOS via IEM Archive (provided source file),0,NORMAL,,,,,,1,3,1,3,Winter,0,-1.0,-1.009999999999991,-0.19999999999998863
2025-01-03 01:30:00,AWS_VOMM,Chennai / Chennai Intl,Chennai,Tamil Nadu,12.9944,80.1805,16.0,25.0,1012.87,83.4,NOAA/NWS ASOS via IEM Archive (provided source file),0,NORMAL,,,,,,1,3,1,3,Winter,0,0.0,0.0,0.0
2025-01-03 02:00:00,AWS_VOMM,Chennai / Chennai Intl,Chennai,Tamil Nadu,12.9944,80.1805,16.0,25.0,1012.87,83.4,NOAA/NWS ASOS via IEM Archive (provided source file),0,NORMAL,,,,,,2,3,1,3,Winter,0,0.0,0.0,0.0
2025-01-03 02:30:00,AWS_VOMM,Chennai / Chennai Intl,Chennai,Tamil Nadu,12.9944,80.1805,16.0,25.0,1011.85,83.4,NOAA/NWS ASOS via IEM Archive (provided source file),0,NORMAL,,,,,,2,3,1,3,Winter,0,0.0,-1.0199999999999818,0.0
2025-01-03 03:00:00,AWS_VOMM,Chennai / Chennai Intl,Chennai,Tamil Nadu,12.9944,80.1805,16.0,25.0,1011.85,83.4,NOAA/NWS ASOS via IEM Archive (provided source file),0,NORMAL,,,,,,3,3,1,3,Winter,0,0.0,0.0,0.0
2025-01-03 03:30:00,AWS_VOMM,Chennai / Chennai Intl,Chennai,Tamil Nadu,12.9944,80.1805,16.0,24.0,1011.85,88.6,NOAA/NWS ASOS via IEM Archive (provided source file),0,NORMAL,,,,,,3,3,1,3,Winter,0,-1.0,0.0,5.199999999999989
2025-01-03 04:00:00,AWS_VOMM,Chennai / Chennai Intl,Chennai,Tamil Nadu,12.9944,80.1805,16.0,24.0,1011.85,88.6,NOAA/NWS ASOS via IEM Archive (provided source file),0,NORMAL,,,,,,4,3,1,3,Winter,0,0.0,0.0,0.0
2025-01-03 04:30:00,AWS_VOMM,Chennai / Chennai Intl,Chennai,Tamil Nadu,12.9944,80.1805,16.0,24.0,1011.85,88.6,NOAA/NWS ASOS via IEM Archive (provided source file),0,NORMAL,,,,,,4,3,1,3,Winter,0,0.0,0.0,0.0
2025-01-03 05:00:00,AWS_VOMM,Chennai / Chennai Intl,Chennai,Tamil Nadu,12.9944,80.1805,16.0,24.0,1012.87,83.3,NOAA/NWS ASOS via IEM Archive (provided source file),0,NORMAL,,,,,,5,3,1,3,Winter,0,0.0,1.0199999999999818,-5.299999999999997
2025-01-03 05:30:00,AWS_VOMM,Chennai / Chennai Intl,Chennai,Tamil Nadu,12.9944,80.1805,16.0,24.0,1012.87,83.3,NOAA/NWS ASOS via IEM Archive (provided source file),0,NORMAL,,,,,,5,3,1,3,Winter,0,0.0,0.0,0.0
2025-01-03 06:00:00,AWS_VOMM,Chennai / Chennai Intl,Chennai,Tamil Nadu,12.9944,80.1805,16.0,24.0,1012.87,83.3,NOAA/NWS ASOS via IEM Archive (provided source file),0,NORMAL,,,,,,6,3,1,3,Winter,1,0.0,0.0,0.0
2025-01-03 06:30:00,AWS_VOMM,Chennai / Chennai Intl,Chennai,Tamil Nadu,12.9944,80.1805,16.0,24.0,1013.88,83.3,NOAA/NWS ASOS via IEM Archive (provided source file),0,NORMAL,,,,,,6,3,1,3,Winter,1,0.0,1.009999999999991,0.0
2025-01-03 07:00:00,AWS_VOMM,Chennai / Chennai Intl,Chennai,Tamil Nadu,12.9944,80.1805,16.0,24.0,1013.88,83.3,NOAA/NWS ASOS via IEM Archive (provided source file),0,NORMAL,,,,,,7,3,1,3,Winter,1,0.0,0.0,0.0
2025-01-03 07:30:00,AWS_VOMM,Chennai / Chennai Intl,Chennai,Tamil Nadu,12.9944,80.1805,16.0,24.0,1013.88,83.3,NOAA/NWS ASOS via IEM Archive (provided source file),0,NORMAL,,,,,,7,3,1,3,Winter,1,0.0,0.0,0.0
2025-01-03 08:00:00,AWS_VOMM,Chennai / Chennai Intl,Chennai,Tamil Nadu,12.9944,80.1805,16.0,24.0,1014.9,88.6,NOAA/NWS ASOS via IEM Archive (provided source file),0,NORMAL,,,,,,8,3,1,3,Winter,1,0.0,1.0199999999999818,5.299999999999997
2025-01-03 08:30:00,AWS_VOMM,Chennai / Chennai Intl,Chennai,Tamil Nadu,12.9944,80.1805,16.0,25.0,1014.9,83.4,NOAA/NWS ASOS via IEM Archive (provided source file),0,NORMAL,,,,,,8,3,1,3,Winter,1,1.0,0.0,-5.199999999999989
2025-01-03 09:00:00,AWS_VOMM,Chennai / Chennai Intl,Chennai,Tamil Nadu,12.9944,80.1805,16.0,26.0,1014.9,78.6,NOAA/NWS ASOS via IEM Archive (provided source file),0,NORMAL,,,,,,9,3,1,3,Winter,1,1.0,0.0,-4.800000000000011
2025-01-03 09:30:00,AWS_VOMM,Chennai / Chennai Intl,Chennai,Tamil Nadu,12.9944,80.1805,16.0,26.0,1015.92,78.6,NOAA/NWS ASOS via IEM Archive (provided source file),0,NORMAL,,,,,,9,3,1,3,Winter,1,0.0,1.0199999999999818,0.0
2025-01-03 10:00:00,AWS_VOMM,Chennai / Chennai Intl,Chennai,Tamil Nadu,12.9944,80.1805,16.0,27.0,1015.92,74.1,NOAA/NWS ASOS via IEM Archive (provided source file),0,NORMAL,,,,,,10,3,1,3,Winter,1,1.0,0.0,-4.5
2025-01-03 10:30:00,AWS_VOMM,Chennai / Chennai Intl,Chennai,Tamil Nadu,12.9944,80.1805,16.0,27.0,1014.9,74.1,NOAA/NWS ASOS via IEM Archive (provided source file),0,NORMAL,,,,,,10,3,1,3,Winter,1,0.0,-1.0199999999999818,0.0
2025-01-03 11:00:00,AWS_VOMM,Chennai / Chennai Intl,Chennai,Tamil Nadu,12.9944,80.1805,16.0,27.0,1014.9,74.1,NOAA/NWS ASOS via IEM Archive (provided source file),0,NORMAL,,,,,,11,3,1,3,Winter,1,0.0,0.0,0.0
2025-01-03 11:30:00,AWS_VOMM,Chennai / Chennai Intl,Chennai,Tamil Nadu,12.9944,80.1805,16.0,27.0,1014.9,74.1,NOAA/NWS ASOS via IEM Archive (provided source file),0,NORMAL,,,,,,11,3,1,3,Winter,1,0.0,0.0,0.0
2025-01-03 12:00:00,AWS_VOMM,Chennai / Chennai Intl,Chennai,Tamil Nadu,12.9944,80.1805,16.0,28.0,1014.9,69.9,NOAA/NWS ASOS via IEM Archive (provided source file),0,NORMAL,,,,,,12,3,1,3,Winter,1,1.0,0.0,-4.199999999999989
2025-01-03 12:30:00,AWS_VOMM,Chennai / Chennai Intl,Chennai,Tamil Nadu,12.9944,80.1805,16.0,29.0,1013.88,66.0,NOAA/NWS ASOS via IEM Archive (provided source file),0,NORMAL,,,,,,12,3,1,3,Winter,1,1.0,-1.0199999999999818,-3.9000000000000057
2025-01-03 13:00:00,AWS_VOMM,Chennai / Chennai Intl,Chennai,Tamil Nadu,12.9944,80.1805,16.0,29.0,1012.87,66.0,NOAA/NWS ASOS via IEM Archive (provided source file),0,NORMAL,,,,,,13,3,1,3,Winter,1,0.0,-1.009999999999991,0.0
2025-01-03 13:30:00,AWS_VOMM,Chennai / Chennai Intl,Chennai,Tamil Nadu,12.9944,80.1805,16.0,29.0,1012.87,66.0,NOAA/NWS ASOS via IEM Archive (provided source file),0,NORMAL,,,,,,13,3,1,3,Winter,1,0.0,0.0,0.0
2025-01-03 14:00:00,AWS_VOMM,Chennai / Chennai Intl,Chennai,Tamil Nadu,12.9944,80.1805,16.0,29.0,1011.85,62.0,NOAA/NWS ASOS via IEM Archive (provided source file),0,NORMAL,,,,,,14,3,1,3,Winter,1,0.0,-1.0199999999999818,-4.0
2025-01-03 14:30:00,AWS_VOMM,Chennai / Chennai Intl,Chennai,Tamil Nadu,12.9944,80.1805,16.0,29.0,1011.85,62.0,NOAA/NWS ASOS via IEM Archive (provided source file),0,NORMAL,,,,,,14,3,1,3,Winter,1,0.0,0.0,0.0
2025-01-03 15:00:00,AWS_VOMM,Chennai / Chennai Intl,Chennai,Tamil Nadu,12.9944,80.1805,16.0,28.0,1011.85,65.7,NOAA/NWS ASOS via IEM Archive (provided source file),0,NORMAL,,,,,,15,3,1,3,Winter,1,-1.0,0.0,3.700000000000003
2025-01-03 15:30:00,AWS_VOMM,Chennai / Chennai Intl,Chennai,Tamil Nadu,12.9944,80.1805,16.0,29.0,1011.85,54.8,NOAA/NWS ASOS via IEM Archive (provided source file),0,NORMAL,,,,,,15,3,1,3,Winter,1,1.0,0.0,-10.900000000000006
2025-01-03 16:00:00,AWS_VOMM,Chennai / Chennai Intl,Chennai,Tamil Nadu,12.9944,80.1805,16.0,28.0,1011.85,61.8,NOAA/NWS ASOS via IEM Archive (provided source file),0,NORMAL,,,,,,16,3,1,3,Winter,1,-1.0,0.0,7.0
2025-01-03 16:30:00,AWS_VOMM,Chennai / Chennai Intl,Chennai,Tamil Nadu,12.9944,80.1805,16.0,28.0,1011.85,61.8,NOAA/NWS ASOS via IEM Archive (provided source file),0,NORMAL,,,,,,16,3,1,3,Winter,1,0.0,0.0,0.0
2025-01-03 17:00:00,AWS_VOMM,Chennai / Chennai Intl,Chennai,Tamil Nadu,12.9944,80.1805,16.0,27.0,1011.85,65.5,NOAA/NWS ASOS via IEM Archive (provided source file),0,NORMAL,,,,,,17,3,1,3,Winter,1,-1.0,0.0,3.700000000000003
2025-01-03 17:30:00,AWS_VOMM,Chennai / Chennai Intl,Chennai,Tamil Nadu,12.9944,80.1805,16.0,27.0,1011.85,65.5,NOAA/NWS ASOS via IEM Archive (provided source file),0,NORMAL,,,,,,17,3,1,3,Winter,1,0.0,0.0,0.0
2025-01-03 18:00:00,AWS_VOMM,Chennai / Chennai Intl,Chennai,Tamil Nadu,12.9944,80.1805,16.0,26.0,1011.85,74.0,NOAA/NWS ASOS via IEM Archive (provided source file),0,NORMAL,,,,,,18,3,1,3,Winter,0,-1.0,0.0,8.5
2025-01-03 18:30:00,AWS_VOMM,Chennai / Chennai Intl,Chennai,Tamil Nadu,12.9944,80.1805,16.0,26.0,1011.85,74.0,NOAA/NWS ASOS via IEM Archive (provided source file),0,NORMAL,,,,,,18,3,1,3,Winter,0,0.0,0.0,0.0
2025-01-03 19:00:00,AWS_VOMM,Chennai / Chennai Intl,Chennai,Tamil Nadu,12.9944,80.1805,16.0,26.0,1011.85,74.0,NOAA/NWS ASOS via IEM Archive (provided source file),0,NORMAL,,,,,,19,3,1,3,Winter,0,0.0,0.0,0.0
2025-01-03 19:30:00,AWS_VOMM,Chennai / Chennai Intl,Chennai,Tamil Nadu,12.9944,80.1805,16.0,26.0,1012.87,74.0,NOAA/NWS ASOS via IEM Archive (provided source file),0,NORMAL,,,,,,19,3,1,3,Winter,0,0.0,1.0199999999999818,0.0
2025-01-03 20:00:00,AWS_VOMM,Chennai / Chennai Intl,Chennai,Tamil Nadu,12.9944,80.1805,16.0,26.0,1012.87,74.0,NOAA/NWS ASOS via IEM Archive (provided source file),0,NORMAL,,,,,,20,3,1,3,Winter,0,0.0,0.0,0.0
2025-01-03 20:30:00,AWS_VOMM,Chennai / Chennai Intl,Chennai,Tamil Nadu,12.9944,80.1805,16.0,25.0,1012.87,78.5,NOAA/NWS ASOS via IEM Archive (provided source file),0,NORMAL,,,,,,20,3,1,3,Winter,0,-1.0,0.0,4.5
2025-01-03 21:00:00,AWS_VOMM,Chennai / Chennai Intl,Chennai,Tamil Nadu,12.9944,80.1805,16.0,25.0,1012.87,78.5,NOAA/NWS ASOS via IEM Archive (provided source file),0,NORMAL,,,,,,21,3,1,3,Winter,0,0.0,0.0,0.0
2025-01-03 21:30:00,AWS_VOMM,Chennai / Chennai Intl,Chennai,Tamil Nadu,12.9944,80.1805,16.0,25.0,1012.87,78.5,NOAA/NWS ASOS via IEM Archive (provided source file),0,NORMAL,,,,,,21,3,1,3,Winter,0,0.0,0.0,0.0
2025-01-03 22:00:00,AWS_VOMM,Chennai / Chennai Intl,Chennai,Tamil Nadu,12.9944,80.1805,16.0,25.0,1012.87,78.5,NOAA/NWS ASOS via IEM Archive (provided source file),0,NORMAL,,,,,,22,3,1,3,Winter,0,0.0,0.0,0.0
2025-01-03 22:30:00,AWS_VOMM,Chennai / Chennai Intl,Chennai,Tamil Nadu,12.9944,80.1805,16.0,24.0,1012.87,83.3,NOAA/NWS ASOS via IEM Archive (provided source file),0,NORMAL,,,,,,22,3,1,3,Winter,0,-1.0,0.0,4.799999999999997
2025-01-03 23:00:00,AWS_VOMM,Chennai / Chennai Intl,Chennai,Tamil Nadu,12.9944,80.1805,16.0,24.0,1012.87,83.3,NOAA/NWS ASOS via IEM Archive (provided source file),0,NORMAL,,,,,,23,3,1,3,Winter,0,0.0,0.0,0.0
2025-01-03 23:30:00,AWS_VOMM,Chennai / Chennai Intl,Chennai,Tamil Nadu,12.9944,80.1805,16.0,24.0,1012.87,78.3,NOAA/NWS ASOS via IEM Archive (provided source file),0,NORMAL,,,,,,23,3,1,3,Winter,0,0.0,0.0,-5.0
2025-01-04 00:00:00,AWS_VOMM,Chennai / Chennai Intl,Chennai,Tamil Nadu,12.9944,80.1805,16.0,24.0,1012.87,78.3,NOAA/NWS ASOS via IEM Archive (provided source file),0,NORMAL,,,,,,0,4,1,4,Winter,0,0.0,0.0,0.0
2025-01-04 00:30:00,AWS_VOMM,Chennai / Chennai Intl,Chennai,Tamil Nadu,12.9944,80.1805,16.0,24.0,1012.87,78.3,NOAA/NWS ASOS via IEM Archive (provided source file),0,NORMAL,,,,,,0,4,1,4,Winter,0,0.0,0.0,0.0
2025-01-04 01:00:00,AWS_VOMM,Chennai / Chennai Intl,Chennai,Tamil Nadu,12.9944,80.1805,16.0,24.0,1011.85,83.3,NOAA/NWS ASOS via IEM Archive (provided source file),0,NORMAL,,,,,,1,4,1,4,Winter,0,0.0,-1.0199999999999818,5.0
2025-01-04 01:30:00,AWS_VOMM,Chennai / Chennai Intl,Chennai,Tamil Nadu,12.9944,80.1805,16.0,23.0,1011.85,83.2,NOAA/NWS ASOS via IEM Archive (provided source file),0,NORMAL,,,,,,1,4,1,4,Winter,0,-1.0,0.0,-0.09999999999999432
2025-01-04 02:00:00,AWS_VOMM,Chennai / Chennai Intl,Chennai,Tamil Nadu,12.9944,80.1805,16.0,23.0,1011.85,83.2,NOAA/NWS ASOS via IEM Archive (provided source file),0,NORMAL,,,,,,2,4,1,4,Winter,0,0.0,0.0,0.0
2025-01-04 02:30:00,AWS_VOMM,Chennai / Chennai Intl,Chennai,Tamil Nadu,12.9944,80.1805,16.0,23.0,1011.85,83.2,NOAA/NWS ASOS via IEM Archive (provided source file),0,NORMAL,,,,,,2,4,1,4,Winter,0,0.0,0.0,0.0
2025-01-04 03:00:00,AWS_VOMM,Chennai / Chennai Intl,Chennai,Tamil Nadu,12.9944,80.1805,16.0,23.0,1010.84,83.2,NOAA/NWS ASOS via IEM Archive (provided source file),0,NORMAL,,,,,,3,4,1,4,Winter,0,0.0,-1.009999999999991,0.0
2025-01-04 03:30:00,AWS_VOMM,Chennai / Chennai Intl,Chennai,Tamil Nadu,12.9944,80.1805,16.0,23.0,1010.84,83.2,NOAA/NWS ASOS via IEM Archive (provided source file),0,NORMAL,,,,,,3,4,1,4,Winter,0,0.0,0.0,0.0
2025-01-04 04:00:00,AWS_VOMM,Chennai / Chennai Intl,Chennai,Tamil Nadu,12.9944,80.1805,16.0,23.0,1010.84,83.2,NOAA/NWS ASOS via IEM Archive (provided source file),0,NORMAL,,,,,,4,4,1,4,Winter,0,0.0,0.0,0.0
2025-01-04 04:30:00,AWS_VOMM,Chennai / Chennai Intl,Chennai,Tamil Nadu,12.9944,80.1805,16.0,23.0,1010.84,83.2,NOAA/NWS ASOS via IEM Archive (provided source file),0,NORMAL,,,,,,4,4,1,4,Winter,0,0.0,0.0,0.0
2025-01-04 05:00:00,AWS_VOMM,Chennai / Chennai Intl,Chennai,Tamil Nadu,12.9944,80.1805,16.0,23.0,1010.84,83.2,NOAA/NWS ASOS via IEM Archive (provided source file),0,NORMAL,,,,,,5,4,1,4,Winter,0,0.0,0.0,0.0
2025-01-04 05:30:00,AWS_VOMM,Chennai / Chennai Intl,Chennai,Tamil Nadu,12.9944,80.1805,16.0,23.0,1011.85,83.2,NOAA/NWS ASOS via IEM Archive (provided source file),0,NORMAL,,,,,,5,4,1,4,Winter,0,0.0,1.009999999999991,0.0
2025-01-04 06:00:00,AWS_VOMM,Chennai / Chennai Intl,Chennai,Tamil Nadu,12.9944,80.1805,16.0,23.0,1011.85,83.2,NOAA/NWS ASOS via IEM Archive (provided source file),0,NORMAL,,,,,,6,4,1,4,Winter,1,0.0,0.0,0.0
2025-01-04 06:30:00,AWS_VOMM,Chennai / Chennai Intl,Chennai,Tamil Nadu,12.9944,80.1805,16.0,23.0,1012.87,83.2,NOAA/NWS ASOS via IEM Archive (provided source file),0,NORMAL,,,,,,6,4,1,4,Winter,1,0.0,1.0199999999999818,0.0
2025-01-04 07:00:00,AWS_VOMM,Chennai / Chennai Intl,Chennai,Tamil Nadu,12.9944,80.1805,16.0,22.0,1012.87,88.4,NOAA/NWS ASOS via IEM Archive (provided source file),0,NORMAL,,,,,,7,4,1,4,Winter,1,-1.0,0.0,5.200000000000003
2025-01-04 07:30:00,AWS_VOMM,Chennai / Chennai Intl,Chennai,Tamil Nadu,12.9944,80.1805,16.0,23.0,1012.87,83.2,NOAA/NWS ASOS via IEM Archive (provided source file),0,NORMAL,,,,,,7,4,1,4,Winter,1,1.0,0.0,-5.200000000000003
2025-01-04 08:00:00,AWS_VOMM,Chennai / Chennai Intl,Chennai,Tamil Nadu,12.9944,80.1805,16.0,23.0,1013.88,88.5,NOAA/NWS ASOS via IEM Archive (provided source file),0,NORMAL,,,,,,8,4,1,4,Winter,1,0.0,1.009999999999991,5.299999999999997
2025-01-04 08:30:00,AWS_VOMM,Chennai / Chennai Intl,Chennai,Tamil Nadu,12.9944,80.1805,16.0,24.0,1013.88,83.3,NOAA/NWS ASOS via IEM Archive (provided source file),0,NORMAL,,,,,,8,4,1,4,Winter,1,1.0,0.0,-5.200000000000003
2025-01-04 09:00:00,AWS_VOMM,Chennai / Chennai Intl,Chennai,Tamil Nadu,12.9944,80.1805,16.0,25.0,1014.9,78.5,NOAA/NWS ASOS via IEM Archive (provided source file),0,NORMAL,,,,,,9,4,1,4,Winter,1,1.0,1.0199999999999818,-4.799999999999997
2025-01-04 09:30:00,AWS_VOMM,Chennai / Chennai Intl,Chennai,Tamil Nadu,12.9944,80.1805,16.0,26.0,1014.9,78.6,NOAA/NWS ASOS via IEM Archive (provided source file),0,NORMAL,,,,,,9,4,1,4,Winter,1,1.0,0.0,0.09999999999999432
2025-01-04 10:00:00,AWS_VOMM,Chennai / Chennai Intl,Chennai,Tamil Nadu,12.9944,80.1805,16.0,27.0,1014.9,74.1,NOAA/NWS ASOS via IEM Archive (provided source file),0,NORMAL,,,,,,10,4,1,4,Winter,1,1.0,0.0,-4.5
2025-01-04 10:30:00,AWS_VOMM,Chennai / Chennai Intl,Chennai,Tamil Nadu,12.9944,80.1805,16.0,27.0,1014.9,74.1,NOAA/NWS ASOS via IEM Archive (provided source file),0,NORMAL,,,,,,10,4,1,4,Winter,1,0.0,0.0,0.0
2025-01-04 11:00:00,AWS_VOMM,Chennai / Chennai Intl,Chennai,Tamil Nadu,12.9944,80.1805,16.0,28.0,1013.88,69.9,NOAA/NWS ASOS via IEM Archive (provided source file),0,NORMAL,,,,,,11,4,1,4,Winter,1,1.0,-1.0199999999999818,-4.199999999999989
2025-01-04 11:30:00,AWS_VOMM,Chennai / Chennai Intl,Chennai,Tamil Nadu,12.9944,80.1805,16.0,28.0,1013.88,69.9,NOAA/NWS ASOS via IEM Archive (provided source file),0,NORMAL,,,,,,11,4,1,4,Winter,1,0.0,0.0,0.0
2025-01-04 12:00:00,AWS_VOMM,Chennai / Chennai Intl,Chennai,Tamil Nadu,12.9944,80.1805,16.0,28.0,1012.87,65.7,NOAA/NWS ASOS via IEM Archive (provided source file),0,NORMAL,,,,,,12,4,1,4,Winter,1,0.0,-1.009999999999991,-4.200000000000003
2025-01-04 12:30:00,AWS_VOMM,Chennai / Chennai Intl,Chennai,Tamil Nadu,12.9944,80.1805,16.0,29.0,1012.87,58.3,NOAA/NWS ASOS via IEM Archive (provided source file),0,NORMAL,,,,,,12,4,1,4,Winter,1,1.0,0.0,-7.400000000000006
2025-01-04 13:00:00,AWS_VOMM,Chennai / Chennai Intl,Chennai,Tamil Nadu,12.9944,80.1805,16.0,29.0,1011.85,62.0,NOAA/NWS ASOS via IEM Archive (provided source file),0,NORMAL,,,,,,13,4,1,4,Winter,1,0.0,-1.0199999999999818,3.700000000000003
2025-01-04 13:30:00,AWS_VOMM,Chennai / Chennai Intl,Chennai,Tamil Nadu,12.9944,80.1805,16.0,29.0,1011.85,58.3,NOAA/NWS ASOS via IEM Archive (provided source file),0,NORMAL,,,,,,13,4,1,4,Winter,1,0.0,0.0,-3.700000000000003
2025-01-04 14:00:00,AWS_VOMM,Chennai / Chennai Intl,Chennai,Tamil Nadu,12.9944,80.1805,16.0,29.0,1010.84,58.3,NOAA/NWS ASOS via IEM Archive (provided source file),0,NORMAL,,,,,,14,4,1,4,Winter,1,0.0,-1.009999999999991,0.0
2025-01-04 14:30:00,AWS_VOMM,Chennai / Chennai Intl,Chennai,Tamil Nadu,12.9944,80.1805,16.0,29.0,1010.84,62.0,NOAA/NWS ASOS via IEM Archive (provided source file),0,NORMAL,,,,,,14,4,1,4,Winter,1,0.0,0.0,3.700000000000003
2025-01-04 15:00:00,AWS_VOMM,Chennai / Chennai Intl,Chennai,Tamil Nadu,12.9944,80.1805,16.0,29.0,1010.84,58.3,NOAA/NWS ASOS via IEM Archive (provided source file),0,NORMAL,,,,,,15,4,1,4,Winter,1,0.0,0.0,-3.700000000000003
2025-01-04 15:30:00,AWS_VOMM,Chennai / Chennai Intl,Chennai,Tamil Nadu,12.9944,80.1805,16.0,28.0,1010.16,61.8,NOAA/NWS ASOS via IEM Archive (provided source file),0,NORMAL,,,,,,15,4,1,4,Winter,1,-1.0,-0.6800000000000637,3.5
2025-01-04 16:00:00,AWS_VOMM,Chennai / Chennai Intl,Chennai,Tamil Nadu,12.9944,80.1805,16.0,28.0,1010.16,61.8,NOAA/NWS ASOS via IEM Archive (provided source file),0,NORMAL,,,,,,16,4,1,4,Winter,1,0.0,0.0,0.0
2025-01-04 16:30:00,AWS_VOMM,Chennai / Chennai Intl,Chennai,Tamil Nadu,12.9944,80.1805,16.0,28.0,1010.16,61.8,NOAA/NWS ASOS via IEM Archive (provided source file),0,NORMAL,,,,,,16,4,1,4,Winter,1,0.0,0.0,0.0
2025-01-04 17:00:00,AWS_VOMM,Chennai / Chennai Intl,Chennai,Tamil Nadu,12.9944,80.1805,16.0,27.0,1010.16,65.5,NOAA/NWS ASOS via IEM Archive (provided source file),0,NORMAL,,,,,,17,4,1,4,Winter,1,-1.0,0.0,3.700000000000003
2025-01-04 17:30:00,AWS_VOMM,Chennai / Chennai Intl,Chennai,Tamil Nadu,12.9944,80.1805,16.0,27.0,1010.16,65.5,NOAA/NWS ASOS via IEM Archive (provided source file),0,NORMAL,,,,,,17,4,1,4,Winter,1,0.0,0.0,0.0
2025-01-04 18:00:00,AWS_VOMM,Chennai / Chennai Intl,Chennai,Tamil Nadu,12.9944,80.1805,16.0,26.0,1010.84,69.5,NOAA/NWS ASOS via IEM Archive (provided source file),0,NORMAL,,,,,,18,4,1,4,Winter,0,-1.0,0.6800000000000637,4.0
2025-01-04 18:30:00,AWS_VOMM,Chennai / Chennai Intl,Chennai,Tamil Nadu,12.9944,80.1805,16.0,26.0,1010.84,74.0,NOAA/NWS ASOS via IEM Archive (provided source file),0,NORMAL,,,,,,18,4,1,4,Winter,0,0.0,0.0,4.5
2025-01-04 19:00:00,AWS_VOMM,Chennai / Chennai Intl,Chennai,Tamil Nadu,12.9944,80.1805,16.0,26.0,1011.85,74.0,NOAA/NWS ASOS via IEM Archive (provided source file),0,NORMAL,,,,,,19,4,1,4,Winter,0,0.0,1.009999999999991,0.0
2025-01-04 19:30:00,AWS_VOMM,Chennai / Chennai Intl,Chennai,Tamil Nadu,12.9944,80.1805,16.0,26.0,1011.85,78.6,NOAA/NWS ASOS via IEM Archive (provided source file),0,NORMAL,,,,,,19,4,1,4,Winter,0,0.0,0.0,4.599999999999994
2025-01-04 20:00:00,AWS_VOMM,Chennai / Chennai Intl,Chennai,Tamil Nadu,12.9944,80.1805,16.0,25.0,1012.87,78.5,NOAA/NWS ASOS via IEM Archive (provided source file),0,NORMAL,,,,,,20,4,1,4,Winter,0,-1.0,1.0199999999999818,-0.09999999999999432
2025-01-04 20:30:00,AWS_VOMM,Chennai / Chennai Intl,Chennai,Tamil Nadu,12.9944,80.1805,16.0,25.0,1012.87,83.4,NOAA/NWS ASOS via IEM Archive (provided source file),0,NORMAL,,,,,,20,4,1,4,Winter,0,0.0,0.0,4.900000000000006
2025-01-04 21:00:00,AWS_VOMM,Chennai / Chennai Intl,Chennai,Tamil Nadu,12.9944,80.1805,16.0,25.0,1012.87,78.5,NOAA/NWS ASOS via IEM Archive (provided source file),0,NORMAL,,,,,,21,4,1,4,Winter,0,0.0,0.0,-4.900000000000006
2025-01-04 21:30:00,AWS_VOMM,Chennai / Chennai Intl,Chennai,Tamil Nadu,12.9944,80.1805,16.0,25.0,1013.88,78.5,NOAA/NWS ASOS via IEM Archive (provided source file),0,NORMAL,,,,,,21,4,1,4,Winter,0,0.0,1.009999999999991,0.0
2025-01-04 22:00:00,AWS_VOMM,Chennai / Chennai Intl,Chennai,Tamil Nadu,12.9944,80.1805,16.0,24.0,1013.88,83.3,NOAA/NWS ASOS via IEM Archive (provided source file),0,NORMAL,,,,,,22,4,1,4,Winter,0,-1.0,0.0,4.799999999999997
2025-01-04 22:30:00,AWS_VOMM,Chennai / Chennai Intl,Chennai,Tamil Nadu,12.9944,80.1805,16.0,24.0,1013.88,83.3,NOAA/NWS ASOS via IEM Archive (provided source file),0,NORMAL,,,,,,22,4,1,4,Winter,0,0.0,0.0,0.0
2025-01-04 23:00:00,AWS_VOMM,Chennai / Chennai Intl,Chennai,Tamil Nadu,12.9944,80.1805,16.0,24.0,1012.87,83.3,NOAA/NWS ASOS via IEM Archive (provided source file),0,NORMAL,,,,,,23,4,1,4,Winter,0,0.0,-1.009999999999991,0.0
2025-01-04 23:30:00,AWS_VOMM,Chennai / Chennai Intl,Chennai,Tamil Nadu,12.9944,80.1805,16.0,24.0,1012.87,83.3,NOAA/NWS ASOS via IEM Archive (provided source file),0,NORMAL,,,,,,23,4,1,4,Winter,0,0.0,0.0,0.0
2025-01-05 00:00:00,AWS_VOMM,Chennai / Chennai Intl,Chennai,Tamil Nadu,12.9944,80.1805,16.0,24.0,1012.87,83.3,NOAA/NWS ASOS via IEM Archive (provided source file),0,NORMAL,,,,,,0,5,1,5,Winter,0,0.0,0.0,0.0
2025-01-05 00:30:00,AWS_VOMM,Chennai / Chennai Intl,Chennai,Tamil Nadu,12.9944,80.1805,16.0,24.0,1012.87,83.3,NOAA/NWS ASOS via IEM Archive (provided source file),0,NORMAL,,,,,,0,5,1,5,Winter,0,0.0,0.0,0.0
2025-01-05 01:00:00,AWS_VOMM,Chennai / Chennai Intl,Chennai,Tamil Nadu,12.9944,80.1805,16.0,24.0,1011.85,83.3,NOAA/NWS ASOS via IEM Archive (provided source file),0,NORMAL,,,,,,1,5,1,5,Winter,0,0.0,-1.0199999999999818,0.0
2025-01-05 01:30:00,AWS_VOMM,Chennai / Chennai Intl,Chennai,Tamil Nadu,12.9944,80.1805,16.0,24.0,1011.85,83.3,NOAA/NWS ASOS via IEM Archive (provided source file),0,NORMAL,,,,,,1,5,1,5,Winter,0,0.0,0.0,0.0
2025-01-05 02:00:00,AWS_VOMM,Chennai / Chennai Intl,Chennai,Tamil Nadu,12.9944,80.1805,16.0,24.0,1011.85,83.3,NOAA/NWS ASOS via IEM Archive (provided source file),0,NORMAL,,,,,,2,5,1,5,Winter,0,0.0,0.0,0.0
2025-01-05 02:30:00,AWS_VOMM,Chennai / Chennai Intl,Chennai,Tamil Nadu,12.9944,80.1805,16.0,24.0,1011.85,83.3,NOAA/NWS ASOS via IEM Archive (provided source file),0,NORMAL,,,,,,2,5,1,5,Winter,0,0.0,0.0,0.0
2025-01-05 03:00:00,AWS_VOMM,Chennai / Chennai Intl,Chennai,Tamil Nadu,12.9944,80.1805,16.0,24.0,1011.85,88.6,NOAA/NWS ASOS via IEM Archive (provided source file),0,NORMAL,,,,,,3,5,1,5,Winter,0,0.0,0.0,5.299999999999997
2025-01-05 03:30:00,AWS_VOMM,Chennai / Chennai Intl,Chennai,Tamil Nadu,12.9944,80.1805,16.0,24.0,1011.85,83.3,NOAA/NWS ASOS via IEM Archive (provided source file),0,NORMAL,,,,,,3,5,1,5,Winter,0,0.0,0.0,-5.299999999999997
2025-01-05 04:00:00,AWS_VOMM,Chennai / Chennai Intl,Chennai,Tamil Nadu,12.9944,80.1805,16.0,24.0,1011.85,83.3,NOAA/NWS ASOS via IEM Archive (provided source file),0,NORMAL,,,,,,4,5,1,5,Winter,0,0.0,0.0,0.0
2025-01-05 04:30:00,AWS_VOMM,Chennai / Chennai Intl,Chennai,Tamil Nadu,12.9944,80.1805,16.0,24.0,1011.85,83.3,NOAA/NWS ASOS via IEM Archive (provided source file),0,NORMAL,,,,,,4,5,1,5,Winter,0,0.0,0.0,0.0
2025-01-05 05:00:00,AWS_VOMM,Chennai / Chennai Intl,Chennai,Tamil Nadu,12.9944,80.1805,16.0,24.0,1011.85,83.3,NOAA/NWS ASOS via IEM Archive (provided source file),0,NORMAL,,,,,,5,5,1,5,Winter,0,0.0,0.0,0.0
2025-01-05 05:30:00,AWS_VOMM,Chennai / Chennai Intl,Chennai,Tamil Nadu,12.9944,80.1805,16.0,24.0,1011.85,83.3,NOAA/NWS ASOS via IEM Archive (provided source file),0,NORMAL,,,,,,5,5,1,5,Winter,0,0.0,0.0,0.0
2025-01-05 06:00:00,AWS_VOMM,Chennai / Chennai Intl,Chennai,Tamil Nadu,12.9944,80.1805,16.0,24.0,1011.85,83.3,NOAA/NWS ASOS via IEM Archive (provided source file),0,NORMAL,,,,,,6,5,1,5,Winter,1,0.0,0.0,0.0
2025-01-05 06:30:00,AWS_VOMM,Chennai / Chennai Intl,Chennai,Tamil Nadu,12.9944,80.1805,16.0,23.0,1012.87,88.5,NOAA/NWS ASOS via IEM Archive (provided source file),0,NORMAL,,,,,,6,5,1,5,Winter,1,-1.0,1.0199999999999818,5.200000000000003
2025-01-05 07:00:00,AWS_VOMM,Chennai / Chennai Intl,Chennai,Tamil Nadu,12.9944,80.1805,16.0,23.0,1012.87,88.5,NOAA/NWS ASOS via IEM Archive (provided source file),0,NORMAL,,,,,,7,5,1,5,Winter,1,0.0,0.0,0.0
2025-01-05 07:30:00,AWS_VOMM,Chennai / Chennai Intl,Chennai,Tamil Nadu,12.9944,80.1805,16.0,24.0,1013.88,83.3,NOAA/NWS ASOS via IEM Archive (provided source file),0,NORMAL,,,,,,7,5,1,5,Winter,1,1.0,1.009999999999991,-5.200000000000003
2025-01-05 08:00:00,AWS_VOMM,Chennai / Chennai Intl,Chennai,Tamil Nadu,12.9944,80.1805,16.0,24.0,1013.88,88.6,NOAA/NWS ASOS via IEM Archive (provided source file),0,NORMAL,,,,,,8,5,1,5,Winter,1,0.0,0.0,5.299999999999997
2025-01-05 08:30:00,AWS_VOMM,Chennai / Chennai Intl,Chennai,Tamil Nadu,12.9944,80.1805,16.0,25.0,1013.88,83.4,NOAA/NWS ASOS via IEM Archive (provided source file),0,NORMAL,,,,,,8,5,1,5,Winter,1,1.0,0.0,-5.199999999999989
2025-01-05 09:00:00,AWS_VOMM,Chennai / Chennai Intl,Chennai,Tamil Nadu,12.9944,80.1805,16.0,26.0,1014.9,78.6,NOAA/NWS ASOS via IEM Archive (provided source file),0,NORMAL,,,,,,9,5,1,5,Winter,1,1.0,1.0199999999999818,-4.800000000000011
2025-01-05 09:30:00,AWS_VOMM,Chennai / Chennai Intl,Chennai,Tamil Nadu,12.9944,80.1805,16.0,27.0,1014.9,74.1,NOAA/NWS ASOS via IEM Archive (provided source file),0,NORMAL,,,,,,9,5,1,5,Winter,1,1.0,0.0,-4.5
2025-01-05 10:00:00,AWS_VOMM,Chennai / Chennai Intl,Chennai,Tamil Nadu,12.9944,80.1805,16.0,27.0,1014.9,74.1,NOAA/NWS ASOS via IEM Archive (provided source file),0,NORMAL,,,,,,10,5,1,5,Winter,1,0.0,0.0,0.0
2025-01-05 10:30:00,AWS_VOMM,Chennai / Chennai Intl,Chennai,Tamil Nadu,12.9944,80.1805,16.0,27.0,1014.9,74.1,NOAA/NWS ASOS via IEM Archive (provided source file),0,NORMAL,,,,,,10,5,1,5,Winter,1,0.0,0.0,0.0
2025-01-05 11:00:00,AWS_VOMM,Chennai / Chennai Intl,Chennai,Tamil Nadu,12.9944,80.1805,16.0,28.0,1013.88,69.9,NOAA/NWS ASOS via IEM Archive (provided source file),0,NORMAL,,,,,,11,5,1,5,Winter,1,1.0,-1.0199999999999818,-4.199999999999989
2025-01-05 11:30:00,AWS_VOMM,Chennai / Chennai Intl,Chennai,Tamil Nadu,12.9944,80.1805,16.0,28.0,1013.88,69.9,NOAA/NWS ASOS via IEM Archive (provided source file),0,NORMAL,,,,,,11,5,1,5,Winter,1,0.0,0.0,0.0
2025-01-05 12:00:00,AWS_VOMM,Chennai / Chennai Intl,Chennai,Tamil Nadu,12.9944,80.1805,16.0,29.0,1012.87,66.0,NOAA/NWS ASOS via IEM Archive (provided source file),0,NORMAL,,,,,,12,5,1,5,Winter,1,1.0,-1.009999999999991,-3.9000000000000057
2025-01-05 12:30:00,AWS_VOMM,Chennai / Chennai Intl,Chennai,Tamil Nadu,12.9944,80.1805,16.0,29.0,1012.87,62.0,NOAA/NWS ASOS via IEM Archive (provided source file),0,NORMAL,,,,,,12,5,1,5,Winter,1,0.0,0.0,-4.0
2025-01-05 13:00:00,AWS_VOMM,Chennai / Chennai Intl,Chennai,Tamil Nadu,12.9944,80.1805,16.0,29.0,1011.85,58.3,NOAA/NWS ASOS via IEM Archive (provided source file),0,NORMAL,,,,,,13,5,1,5,Winter,1,0.0,-1.0199999999999818,-3.700000000000003
2025-01-05 13:30:00,AWS_VOMM,Chennai / Chennai Intl,Chennai,Tamil Nadu,12.9944,80.1805,16.0,29.0,1011.85,62.0,NOAA/NWS ASOS via IEM Archive (provided source file),0,NORMAL,,,,,,13,5,1,5,Winter,1,0.0,0.0,3.700000000000003
2025-01-05 14:00:00,AWS_VOMM,Chennai / Chennai Intl,Chennai,Tamil Nadu,12.9944,80.1805,16.0,29.0,1010.84,62.0,NOAA/NWS ASOS via IEM Archive (provided source file),0,NORMAL,,,,,,14,5,1,5,Winter,1,0.0,-1.009999999999991,0.0
2025-01-05 14:30:00,AWS_VOMM,Chennai / Chennai Intl,Chennai,Tamil Nadu,12.9944,80.1805,16.0,29.0,1010.84,58.3,NOAA/NWS ASOS via IEM Archive (provided source file),0,NORMAL,,,,,,14,5,1,5,Winter,1,0.0,0.0,-3.700000000000003
2025-01-05 15:00:00,AWS_VOMM,Chennai / Chennai Intl,Chennai,Tamil Nadu,12.9944,80.1805,16.0,29.0,1010.16,58.3,NOAA/NWS ASOS via IEM Archive (provided source file),0,NORMAL,,,,,,15,5,1,5,Winter,1,0.0,-0.6800000000000637,0.0
2025-01-05 15:30:00,AWS_VOMM,Chennai / Chennai Intl,Chennai,Tamil Nadu,12.9944,80.1805,16.0,29.0,1010.16,58.3,NOAA/NWS ASOS via IEM Archive (provided source file),0,NORMAL,,,,,,15,5,1,5,Winter,1,0.0,0.0,0.0
2025-01-05 16:00:00,AWS_VOMM,Chennai / Chennai Intl,Chennai,Tamil Nadu,12.9944,80.1805,16.0,28.0,1010.16,61.8,NOAA/NWS ASOS via IEM Archive (provided source file),0,NORMAL,,,,,,16,5,1,5,Winter,1,-1.0,0.0,3.5
2025-01-05 16:30:00,AWS_VOMM,Chennai / Chennai Intl,Chennai,Tamil Nadu,12.9944,80.1805,16.0,28.0,1010.16,61.8,NOAA/NWS ASOS via IEM Archive (provided source file),0,NORMAL,,,,,,16,5,1,5,Winter,1,0.0,0.0,0.0
2025-01-05 17:00:00,AWS_VOMM,Chennai / Chennai Intl,Chennai,Tamil Nadu,12.9944,80.1805,16.0,28.0,1010.16,65.7,NOAA/NWS ASOS via IEM Archive (provided source file),0,NORMAL,,,,,,17,5,1,5,Winter,1,0.0,0.0,3.9000000000000057
2025-01-05 17:30:00,AWS_VOMM,Chennai / Chennai Intl,Chennai,Tamil Nadu,12.9944,80.1805,16.0,27.0,1010.84,74.1,NOAA/NWS ASOS via IEM Archive (provided source file),0,NORMAL,,,,,,17,5,1,5,Winter,1,-1.0,0.6800000000000637,8.399999999999991
2025-01-05 18:00:00,AWS_VOMM,Chennai / Chennai Intl,Chennai,Tamil Nadu,12.9944,80.1805,16.0,27.0,1010.84,74.1,NOAA/NWS ASOS via IEM Archive (provided source file),0,NORMAL,,,,,,18,5,1,5,Winter,0,0.0,0.0,0.0
2025-01-05 18:30:00,AWS_VOMM,Chennai / Chennai Intl,Chennai,Tamil Nadu,12.9944,80.1805,16.0,26.0,1010.84,74.0,NOAA/NWS ASOS via IEM Archive (provided source file),0,NORMAL,,,,,,18,5,1,5,Winter,0,-1.0,0.0,-0.09999999999999432
2025-01-05 19:00:00,AWS_VOMM,Chennai / Chennai Intl,Chennai,Tamil Nadu,12.9944,80.1805,16.0,26.0,1011.85,74.0,NOAA/NWS ASOS via IEM Archive (provided source file),0,NORMAL,,,,,,19,5,1,5,Winter,0,0.0,1.009999999999991,0.0
2025-01-05 19:30:00,AWS_VOMM,Chennai / Chennai Intl,Chennai,Tamil Nadu,12.9944,80.1805,16.0,25.0,1011.85,78.5,NOAA/NWS ASOS via IEM Archive (provided source file),0,NORMAL,,,,,,19,5,1,5,Winter,0,-1.0,0.0,4.5
2025-01-05 20:00:00,AWS_VOMM,Chennai / Chennai Intl,Chennai,Tamil Nadu,12.9944,80.1805,16.0,25.0,1012.87,78.5,NOAA/NWS ASOS via IEM Archive (provided source file),0,NORMAL,,,,,,20,5,1,5,Winter,0,0.0,1.0199999999999818,0.0
2025-01-05 20:30:00,AWS_VOMM,Chennai / Chennai Intl,Chennai,Tamil Nadu,12.9944,80.1805,16.0,25.0,1012.87,78.5,NOAA/NWS ASOS via IEM Archive (provided source file),0,NORMAL,,,,,,20,5,1,5,Winter,0,0.0,0.0,0.0
2025-01-05 21:00:00,AWS_VOMM,Chennai / Chennai Intl,Chennai,Tamil Nadu,12.9944,80.1805,16.0,25.0,1013.88,78.5,NOAA/NWS ASOS via IEM Archive (provided source file),0,NORMAL,,,,,,21,5,1,5,Winter,0,0.0,1.009999999999991,0.0
2025-01-05 21:30:00,AWS_VOMM,Chennai / Chennai Intl,Chennai,Tamil Nadu,12.9944,80.1805,16.0,25.0,1013.88,78.5,NOAA/NWS ASOS via IEM Archive (provided source file),0,NORMAL,,,,,,21,5,1,5,Winter,0,0.0,0.0,0.0
2025-01-05 22:00:00,AWS_VOMM,Chennai / Chennai Intl,Chennai,Tamil Nadu,12.9944,80.1805,16.0,25.0,1013.88,78.5,NOAA/NWS ASOS via IEM Archive (provided source file),0,NORMAL,,,,,,22,5,1,5,Winter,0,0.0,0.0,0.0
2025-01-05 22:30:00,AWS_VOMM,Chennai / Chennai Intl,Chennai,Tamil Nadu,12.9944,80.1805,16.0,24.0,1013.88,83.3,NOAA/NWS ASOS via IEM Archive (provided source file),0,NORMAL,,,,,,22,5,1,5,Winter,0,-1.0,0.0,4.799999999999997
2025-01-05 23:00:00,AWS_VOMM,Chennai / Chennai Intl,Chennai,Tamil Nadu,12.9944,80.1805,16.0,24.0,1012.87,83.3,NOAA/NWS ASOS via IEM Archive (provided source file),0,NORMAL,,,,,,23,5,1,5,Winter,0,0.0,-1.009999999999991,0.0
2025-01-05 23:30:00,AWS_VOMM,Chennai / Chennai Intl,Chennai,Tamil Nadu,12.9944,80.1805,16.0,24.0,1012.87,83.3,NOAA/NWS ASOS via IEM Archive (provided source file),0,NORMAL,,,,,,23,5,1,5,Winter,0,0.0,0.0,0.0
2025-01-06 00:00:00,AWS_VOMM,Chennai / Chennai Intl,Chennai,Tamil Nadu,12.9944,80.1805,16.0,24.0,1012.87,83.3,NOAA/NWS ASOS via IEM Archive (provided source file),0,NORMAL,,,,,,0,6,1,6,Winter,0,0.0,0.0,0.0
2025-01-06 00:30:00,AWS_VOMM,Chennai / Chennai Intl,Chennai,Tamil Nadu,12.9944,80.1805,16.0,24.0,1011.85,83.3,NOAA/NWS ASOS via IEM Archive (provided source file),0,NORMAL,,,,,,0,6,1,6,Winter,0,0.0,-1.0199999999999818,0.0
2025-01-06 01:00:00,AWS_VOMM,Chennai / Chennai Intl,Chennai,Tamil Nadu,12.9944,80.1805,16.0,24.0,1011.85,83.3,NOAA/NWS ASOS via IEM Archive (provided source file),0,NORMAL,,,,,,1,6,1,6,Winter,0,0.0,0.0,0.0
2025-01-06 01:30:00,AWS_VOMM,Chennai / Chennai Intl,Chennai,Tamil Nadu,12.9944,80.1805,16.0,24.0,1011.85,83.3,NOAA/NWS ASOS via IEM Archive (provided source file),0,NORMAL,,,,,,1,6,1,6,Winter,0,0.0,0.0,0.0
2025-01-06 02:00:00,AWS_VOMM,Chennai / Chennai Intl,Chennai,Tamil Nadu,12.9944,80.1805,16.0,24.0,1010.84,83.3,NOAA/NWS ASOS via IEM Archive (provided source file),0,NORMAL,,,,,,2,6,1,6,Winter,0,0.0,-1.009999999999991,0.0
2025-01-06 02:30:00,AWS_VOMM,Chennai / Chennai Intl,Chennai,Tamil Nadu,12.9944,80.1805,16.0,24.0,1010.84,83.3,NOAA/NWS ASOS via IEM Archive (provided source file),0,NORMAL,,,,,,2,6,1,6,Winter,0,0.0,0.0,0.0
2025-01-06 03:00:00,AWS_VOMM,Chennai / Chennai Intl,Chennai,Tamil Nadu,12.9944,80.1805,16.0,23.0,1010.84,88.5,NOAA/NWS ASOS via IEM Archive (provided source file),0,NORMAL,,,,,,3,6,1,6,Winter,0,-1.0,0.0,5.200000000000003
2025-01-06 03:30:00,AWS_VOMM,Chennai / Chennai Intl,Chennai,Tamil Nadu,12.9944,80.1805,16.0,23.0,1010.84,83.2,NOAA/NWS ASOS via IEM Archive (provided source file),0,NORMAL,,,,,,3,6,1,6,Winter,0,0.0,0.0,-5.299999999999997
2025-01-06 04:00:00,AWS_VOMM,Chennai / Chennai Intl,Chennai,Tamil Nadu,12.9944,80.1805,16.0,23.0,1010.84,83.2,NOAA/NWS ASOS via IEM Archive (provided source file),0,NORMAL,,,,,,4,6,1,6,Winter,0,0.0,0.0,0.0
2025-01-06 04:30:00,AWS_VOMM,Chennai / Chennai Intl,Chennai,Tamil Nadu,12.9944,80.1805,16.0,23.0,1010.84,83.2,NOAA/NWS ASOS via IEM Archive (provided source file),0,NORMAL,,,,,,4,6,1,6,Winter,0,0.0,0.0,0.0
2025-01-06 05:00:00,AWS_VOMM,Chennai / Chennai Intl,Chennai,Tamil Nadu,12.9944,80.1805,16.0,23.0,1010.84,83.2,NOAA/NWS ASOS via IEM Archive (provided source file),0,NORMAL,,,,,,5,6,1,6,Winter,0,0.0,0.0,0.0
2025-01-06 05:30:00,AWS_VOMM,Chennai / Chennai Intl,Chennai,Tamil Nadu,12.9944,80.1805,16.0,23.0,1010.84,83.2,NOAA/NWS ASOS via IEM Archive (provided source file),0,NORMAL,,,,,,5,6,1,6,Winter,0,0.0,0.0,0.0
2025-01-06 06:00:00,AWS_VOMM,Chennai / Chennai Intl,Chennai,Tamil Nadu,12.9944,80.1805,16.0,22.0,1011.85,88.4,NOAA/NWS ASOS via IEM Archive (provided source file),0,NORMAL,,,,,,6,6,1,6,Winter,1,-1.0,1.009999999999991,5.200000000000003
2025-01-06 06:30:00,AWS_VOMM,Chennai / Chennai Intl,Chennai,Tamil Nadu,12.9944,80.1805,16.0,22.0,1011.85,88.4,NOAA/NWS ASOS via IEM Archive (provided source file),0,NORMAL,,,,,,6,6,1,6,Winter,1,0.0,0.0,0.0
2025-01-06 07:00:00,AWS_VOMM,Chennai / Chennai Intl,Chennai,Tamil Nadu,12.9944,80.1805,16.0,22.0,1012.87,88.4,NOAA/NWS ASOS via IEM Archive (provided source file),0,NORMAL,,,,,,7,6,1,6,Winter,1,0.0,1.0199999999999818,0.0
2025-01-06 07:30:00,AWS_VOMM,Chennai / Chennai Intl,Chennai,Tamil Nadu,12.9944,80.1805,16.0,23.0,1012.87,83.2,NOAA/NWS ASOS via IEM Archive (provided source file),0,NORMAL,,,,,,7,6,1,6,Winter,1,1.0,0.0,-5.200000000000003
2025-01-06 08:00:00,AWS_VOMM,Chennai / Chennai Intl,Chennai,Tamil Nadu,12.9944,80.1805,16.0,23.0,1013.88,88.5,NOAA/NWS ASOS via IEM Archive (provided source file),0,NORMAL,,,,,,8,6,1,6,Winter,1,0.0,1.009999999999991,5.299999999999997
2025-01-06 08:30:00,AWS_VOMM,Chennai / Chennai Intl,Chennai,Tamil Nadu,12.9944,80.1805,16.0,24.0,1013.88,83.3,NOAA/NWS ASOS via IEM Archive (provided source file),0,NORMAL,,,,,,8,6,1,6,Winter,1,1.0,0.0,-5.200000000000003
2025-01-06 09:00:00,AWS_VOMM,Chennai / Chennai Intl,Chennai,Tamil Nadu,12.9944,80.1805,16.0,24.0,1013.88,83.3,NOAA/NWS ASOS via IEM Archive (provided source file),0,NORMAL,,,,,,9,6,1,6,Winter,1,0.0,0.0,0.0
2025-01-06 09:30:00,AWS_VOMM,Chennai / Chennai Intl,Chennai,Tamil Nadu,12.9944,80.1805,16.0,25.0,1013.88,83.4,NOAA/NWS ASOS via IEM Archive (provided source file),0,NORMAL,,,,,,9,6,1,6,Winter,1,1.0,0.0,0.10000000000000853
2025-01-06 10:00:00,AWS_VOMM,Chennai / Chennai Intl,Chennai,Tamil Nadu,12.9944,80.1805,16.0,26.0,1013.88,78.6,NOAA/NWS ASOS via IEM Archive (provided source file),0,NORMAL,,,,,,10,6,1,6,Winter,1,1.0,0.0,-4.800000000000011
2025-01-06 10:30:00,AWS_VOMM,Chennai / Chennai Intl,Chennai,Tamil Nadu,12.9944,80.1805,16.0,27.0,1013.88,74.1,NOAA/NWS ASOS via IEM Archive (provided source file),0,NORMAL,,,,,,10,6,1,6,Winter,1,1.0,0.0,-4.5
2025-01-06 11:00:00,AWS_VOMM,Chennai / Chennai Intl,Chennai,Tamil Nadu,12.9944,80.1805,16.0,28.0,1013.88,69.9,NOAA/NWS ASOS via IEM Archive (provided source file),0,NORMAL,,,,,,11,6,1,6,Winter,1,1.0,0.0,-4.199999999999989
2025-01-06 11:30:00,AWS_VOMM,Chennai / Chennai Intl,Chennai,Tamil Nadu,12.9944,80.1805,16.0,28.0,1012.87,69.9,NOAA/NWS ASOS via IEM Archive (provided source file),0,NORMAL,,,,,,11,6,1,6,Winter,1,0.0,-1.009999999999991,0.0
2025-01-06 12:00:00,AWS_VOMM,Chennai / Chennai Intl,Chennai,Tamil Nadu,12.9944,80.1805,16.0,28.0,1012.87,69.9,NOAA/NWS ASOS via IEM Archive (provided source file),0,NORMAL,,,,,,12,6,1,6,Winter,1,0.0,0.0,0.0
2025-01-06 12:30:00,AWS_VOMM,Chennai / Chennai Intl,Chennai,Tamil Nadu,12.9944,80.1805,16.0,28.0,1011.85,69.9,NOAA/NWS ASOS via IEM Archive (provided source file),0,NORMAL,,,,,,12,6,1,6,Winter,1,0.0,-1.0199999999999818,0.0
2025-01-06 13:00:00,AWS_VOMM,Chennai / Chennai Intl,Chennai,Tamil Nadu,12.9944,80.1805,16.0,28.0,1010.84,69.9,NOAA/NWS ASOS via IEM Archive (provided source file),0,NORMAL,,,,,,13,6,1,6,Winter,1,0.0,-1.009999999999991,0.0
2025-01-06 13:30:00,AWS_VOMM,Chennai / Chennai Intl,Chennai,Tamil Nadu,12.9944,80.1805,16.0,29.0,1010.84,66.0,NOAA/NWS ASOS via IEM Archive (provided source file),0,NORMAL,,,,,,13,6,1,6,Winter,1,1.0,0.0,-3.9000000000000057
2025-01-06 14:00:00,AWS_VOMM,Chennai / Chennai Intl,Chennai,Tamil Nadu,12.9944,80.1805,16.0,29.0,1010.16,66.0,NOAA/NWS ASOS via IEM Archive (provided source file),0,NORMAL,,,,,,14,6,1,6,Winter,1,0.0,-0.6800000000000637,0.0
2025-01-06 14:30:00,AWS_VOMM,Chennai / Chennai Intl,Chennai,Tamil Nadu,12.9944,80.1805,16.0,29.0,1010.16,66.0,NOAA/NWS ASOS via IEM Archive (provided source file),0,NORMAL,,,,,,14,6,1,6,Winter,1,0.0,0.0,0.0
2025-01-06 15:00:00,AWS_VOMM,Chennai / Chennai Intl,Chennai,Tamil Nadu,12.9944,80.1805,16.0,29.0,1010.16,66.0,NOAA/NWS ASOS via IEM Archive (provided source file),0,NORMAL,,,,,,15,6,1,6,Winter,1,0.0,0.0,0.0
2025-01-06 15:30:00,AWS_VOMM,Chennai / Chennai Intl,Chennai,Tamil Nadu,12.9944,80.1805,16.0,28.0,1010.16,69.9,NOAA/NWS ASOS via IEM Archive (provided source file),0,NORMAL,,,,,,15,6,1,6,Winter,1,-1.0,0.0,3.9000000000000057
2025-01-06 16:00:00,AWS_VOMM,Chennai / Chennai Intl,Chennai,Tamil Nadu,12.9944,80.1805,16.0,28.0,1010.16,69.9,NOAA/NWS ASOS via IEM Archive (provided source file),0,NORMAL,,,,,,16,6,1,6,Winter,1,0.0,0.0,0.0
2025-01-06 16:30:00,AWS_VOMM,Chennai / Chennai Intl,Chennai,Tamil Nadu,12.9944,80.1805,16.0,28.0,1010.16,69.9,NOAA/NWS ASOS via IEM Archive (provided source file),0,NORMAL,,,,,,16,6,1,6,Winter,1,0.0,0.0,0.0
2025-01-06 17:00:00,AWS_VOMM,Chennai / Chennai Intl,Chennai,Tamil Nadu,12.9944,80.1805,16.0,28.0,1010.16,69.9,NOAA/NWS ASOS via IEM Archive (provided source file),0,NORMAL,,,,,,17,6,1,6,Winter,1,0.0,0.0,0.0
2025-01-06 17:30:00,AWS_VOMM,Chennai / Chennai Intl,Chennai,Tamil Nadu,12.9944,80.1805,16.0,27.0,1010.16,74.1,NOAA/NWS ASOS via IEM Archive (provided source file),0,NORMAL,,,,,,17,6,1,6,Winter,1,-1.0,0.0,4.199999999999989
2025-01-06 18:00:00,AWS_VOMM,Chennai / Chennai Intl,Chennai,Tamil Nadu,12.9944,80.1805,16.0,26.0,1010.16,78.6,NOAA/NWS ASOS via IEM Archive (provided source file),0,NORMAL,,,,,,18,6,1,6,Winter,0,-1.0,0.0,4.5
2025-01-06 18:30:00,AWS_VOMM,Chennai / Chennai Intl,Chennai,Tamil Nadu,12.9944,80.1805,16.0,26.0,1010.84,78.6,NOAA/NWS ASOS via IEM Archive (provided source file),0,NORMAL,,,,,,18,6,1,6,Winter,0,0.0,0.6800000000000637,0.0
2025-01-06 19:00:00,AWS_VOMM,Chennai / Chennai Intl,Chennai,Tamil Nadu,12.9944,80.1805,16.0,26.0,1010.84,78.6,NOAA/NWS ASOS via IEM Archive (provided source file),0,NORMAL,,,,,,19,6,1,6,Winter,0,0.0,0.0,0.0
2025-01-06 19:30:00,AWS_VOMM,Chennai / Chennai Intl,Chennai,Tamil Nadu,12.9944,80.1805,16.0,25.0,1011.85,83.4,NOAA/NWS ASOS via IEM Archive (provided source file),0,NORMAL,,,,,,19,6,1,6,Winter,0,-1.0,1.009999999999991,4.800000000000011
2025-01-06 20:00:00,AWS_VOMM,Chennai / Chennai Intl,Chennai,Tamil Nadu,12.9944,80.1805,16.0,25.0,1011.85,83.4,NOAA/NWS ASOS via IEM Archive (provided source file),0,NORMAL,,,,,,20,6,1,6,Winter,0,0.0,0.0,0.0
2025-01-06 20:30:00,AWS_VOMM,Chennai / Chennai Intl,Chennai,Tamil Nadu,12.9944,80.1805,16.0,25.0,1012.87,83.4,NOAA/NWS ASOS via IEM Archive (provided source file),0,NORMAL,,,,,,20,6,1,6,Winter,0,0.0,1.0199999999999818,0.0
2025-01-06 21:00:00,AWS_VOMM,Chennai / Chennai Intl,Chennai,Tamil Nadu,12.9944,80.1805,16.0,25.0,1012.87,83.4,NOAA/NWS ASOS via IEM Archive (provided source file),0,NORMAL,,,,,,21,6,1,6,Winter,0,0.0,0.0,0.0
2025-01-06 21:30:00,AWS_VOMM,Chennai / Chennai Intl,Chennai,Tamil Nadu,12.9944,80.1805,16.0,25.0,1012.87,83.4,NOAA/NWS ASOS via IEM Archive (provided source file),0,NORMAL,,,,,,21,6,1,6,Winter,0,0.0,0.0,0.0
2025-01-06 22:00:00,AWS_VOMM,Chennai / Chennai Intl,Chennai,Tamil Nadu,12.9944,80.1805,16.0,25.0,1012.87,83.4,NOAA/NWS ASOS via IEM Archive (provided source file),0,NORMAL,,,,,,22,6,1,6,Winter,0,0.0,0.0,0.0
2025-01-06 22:30:00,AWS_VOMM,Chennai / Chennai Intl,Chennai,Tamil Nadu,12.9944,80.1805,16.0,24.0,1012.87,88.6,NOAA/NWS ASOS via IEM Archive (provided source file),0,NORMAL,,,,,,22,6,1,6,Winter,0,-1.0,0.0,5.199999999999989
2025-01-06 23:00:00,AWS_VOMM,Chennai / Chennai Intl,Chennai,Tamil Nadu,12.9944,80.1805,16.0,24.0,1012.87,88.6,NOAA/NWS ASOS via IEM Archive (provided source file),0,NORMAL,,,,,,23,6,1,6,Winter,0,0.0,0.0,0.0
2025-01-06 23:30:00,AWS_VOMM,Chennai / Chennai Intl,Chennai,Tamil Nadu,12.9944,80.1805,16.0,24.0,1012.87,88.6,NOAA/NWS ASOS via IEM Archive (provided source file),0,NORMAL,,,,,,23,6,1,6,Winter,0,0.0,0.0,0.0
