timestamp,station_id,station_name,city,state,latitude,longitude,altitude_m,temperature_c,pressure_hpa,relative_humidity_pct,source,is_anomaly,anomaly_type,anomaly_subtype,anomaly_severity,fault_parameter,fault_source,ground_truth_reason,hour,day,month,day_of_year,season,is_daytime,temperature_rate_change,pressure_rate_change,humidity_rate_change,nearest_station_id,distance_to_nearest_station_km,neighbor_temperature_difference,neighbor_pressure_difference,neighbor_humidity_difference,sensor_health_score,maintenance_required,predicted_failure_risk
2025-01-01 00:00:00,AWS_VAAH,Ahmedabad / Sardar Vallabhbhai Patel Intl,Ahmedabad,Gujarat,23.0772,72.6346,55.0,20.0,1016.93,72.9,NOAA/NWS ASOS via IEM Archive (provided source file),0,NORMAL,,,,,,0,1,1,1,Winter,0,,,,AWS_VABO,105.10134325016924,,,,100.0,0,0.02
2025-01-01 00:30:00,AWS_VAAH,Ahmedabad / Sardar Vallabhbhai Patel Intl,Ahmedabad,Gujarat,23.0772,72.6346,55.0,19.0,1016.93,77.6,NOAA/NWS ASOS via IEM Archive (provided source file),0,NORMAL,,,,,,0,1,1,1,Winter,0,-1.0,0.0,4.699999999999989,AWS_VABO,105.10134325016924,,,,100.0,0,0.02
2025-01-01 01:00:00,AWS_VAAH,Ahmedabad / Sardar Vallabhbhai Patel Intl,Ahmedabad,Gujarat,23.0772,72.6346,55.0,18.0,1015.92,77.4,NOAA/NWS ASOS via IEM Archive (provided source file),0,NORMAL,,,,,,1,1,1,1,Winter,0,-1.0,-1.009999999999991,-0.19999999999998863,AWS_VABO,105.10134325016924,,,,100.0,0,0.02
2025-01-01 01:30:00,AWS_VAAH,Ahmedabad / Sardar Vallabhbhai Patel Intl,Ahmedabad,Gujarat,23.0772,72.6346,55.0,18.0,1015.92,82.6,NOAA/NWS ASOS via IEM Archive (provided source file),0,NORMAL,,,,,,1,1,1,1,Winter,0,0.0,0.0,5.199999999999989,AWS_VABO,105.10134325016924,,,,100.0,0,0.02
2025-01-01 02:00:00,AWS_VAAH,Ahmedabad / Sardar Vallabhbhai Patel Intl,Ahmedabad,Gujarat,23.0772,72.6346,55.0,17.0,1015.92,82.5,NOAA/NWS ASOS via IEM Archive (provided source file),0,NORMAL,,,,,,2,1,1,1,Winter,0,-1.0,0.0,-0.09999999999999432,AWS_VABO,105.10134325016924,,,,100.0,0,0.02
2025-01-01 02:30:00,AWS_VAAH,Ahmedabad / Sardar Vallabhbhai Patel Intl,Ahmedabad,Gujarat,23.0772,72.6346,55.0,17.0,1015.92,82.5,NOAA/NWS ASOS via IEM Archive (provided source file),0,NORMAL,,,,,,2,1,1,1,Winter,0,0.0,0.0,0.0,AWS_VABO,105.10134325016924,,,,100.0,0,0.02
2025-01-01 03:00:00,AWS_VAAH,Ahmedabad / Sardar Vallabhbhai Patel Intl,Ahmedabad,Gujarat,23.0772,72.6346,55.0,17.0,1015.92,82.5,NOAA/NWS ASOS via IEM Archive (provided source file),0,NORMAL,,,,,,3,1,1,1,Winter,0,0.0,0.0,0.0,AWS_VABO,105.10134325016924,,,,100.0,0,0.02
2025-01-01 03:30:00,AWS_VAAH,Ahmedabad / Sardar Vallabhbhai Patel Intl,Ahmedabad,Gujarat,23.0772,72.6346,55.0,17.0,1014.9,82.5,NOAA/NWS ASOS via IEM Archive (provided source file),0,NORMAL,,,,,,3,1,1,1,Winter,0,0.0,-1.0199999999999818,0.0,AWS_VABO,105.10134325016924,,,,100.0,0,0.02
2025-01-01 04:00:00,AWS_VAAH,Ahmedabad / Sardar Vallabhbhai Patel Intl,Ahmedabad,Gujarat,23.0772,72.6346,55.0,17.0,1014.9,82.5,NOAA/NWS ASOS via IEM Archive (provided source file),0,NORMAL,,,,,,4,1,1,1,Winter,0,0.0,0.0,0.0,AWS_VABO,105.10134325016924,,,,100.0,0,0.02
2025-01-01 04:30:00,AWS_VAAH,Ahmedabad / Sardar Vallabhbhai Patel Intl,Ahmedabad,Gujarat,23.0772,72.6346,55.0,17.0,1014.9,77.3,NOAA/NWS ASOS via IEM Archive (provided source file),0,NORMAL,,,,,,4,1,1,1,Winter,0,0.0,0.0,-5.200000000000003,AWS_VABO,105.10134325016924,1.0,1.0199999999999818,-16.5,100.0,0,0.02
2025-01-01 05:00:00,AWS_VAAH,Ahmedabad / Sardar Vallabhbhai Patel Intl,Ahmedabad,Gujarat,23.0772,72.6346,55.0,17.0,1014.9,77.3,NOAA/NWS ASOS via IEM Archive (provided source file),0,NORMAL,,,,,,5,1,1,1,Winter,0,0.0,0.0,0.0,AWS_VABO,105.10134325016924,,,,100.0,0,0.02
2025-01-01 06:30:00,AWS_VAAH,Ahmedabad / Sardar Vallabhbhai Patel Intl,Ahmedabad,Gujarat,23.0772,72.6346,55.0,16.0,1014.9,82.4,NOAA/NWS ASOS via IEM Archive (provided source file),0,NORMAL,,,,,,6,1,1,1,Winter,1,-1.0,0.0,5.1000000000000085,AWS_VABO,105.10134325016924,1.0,0.0,-11.299999999999997,100.0,0,0.02
2025-01-01 07:00:00,AWS_VAAH,Ahmedabad / Sardar Vallabhbhai Patel Intl,Ahmedabad,Gujarat,23.0772,72.6346,55.0,16.0,1014.9,82.4,NOAA/NWS ASOS via IEM Archive (provided source file),0,NORMAL,,,,,,7,1,1,1,Winter,1,0.0,0.0,0.0,AWS_VABO,105.10134325016924,1.0,0.0,-11.299999999999997,100.0,0,0.02
2025-01-01 07:30:00,AWS_VAAH,Ahmedabad / Sardar Vallabhbhai Patel Intl,Ahmedabad,Gujarat,23.0772,72.6346,55.0,16.0,1015.92,82.4,NOAA/NWS ASOS via IEM Archive (provided source file),0,NORMAL,,,,,,7,1,1,1,Winter,1,0.0,1.0199999999999818,0.0,AWS_VABO,105.10134325016924,1.0,1.0199999999999818,-11.299999999999997,100.0,0,0.02
2025-01-01 08:00:00,AWS_VAAH,Ahmedabad / Sardar Vallabhbhai Patel Intl,Ahmedabad,Gujarat,23.0772,72.6346,55.0,16.0,1016.93,82.4,NOAA/NWS ASOS via IEM Archive (provided source file),0,NORMAL,,,,,,8,1,1,1,Winter,1,0.0,1.009999999999991,0.0,AWS_VABO,105.10134325016924,1.0,1.009999999999991,-17.599999999999994,100.0,0,0.02
2025-01-01 08:30:00,AWS_VAAH,Ahmedabad / Sardar Vallabhbhai Patel Intl,Ahmedabad,Gujarat,23.0772,72.6346,55.0,16.0,1016.93,77.1,NOAA/NWS ASOS via IEM Archive (provided source file),0,NORMAL,,,,,,8,1,1,1,Winter,1,0.0,0.0,-5.300000000000011,AWS_VABO,105.10134325016924,0.0,1.009999999999991,-16.700000000000003,100.0,0,0.02
2025-01-01 09:00:00,AWS_VAAH,Ahmedabad / Sardar Vallabhbhai Patel Intl,Ahmedabad,Gujarat,23.0772,72.6346,55.0,17.0,1016.93,72.4,NOAA/NWS ASOS via IEM Archive (provided source file),0,NORMAL,,,,,,9,1,1,1,Winter,1,1.0,0.0,-4.699999999999989,AWS_VABO,105.10134325016924,-1.0,0.0,-15.699999999999989,100.0,0,0.02
2025-01-01 09:30:00,AWS_VAAH,Ahmedabad / Sardar Vallabhbhai Patel Intl,Ahmedabad,Gujarat,23.0772,72.6346,55.0,18.0,1017.95,68.0,NOAA/NWS ASOS via IEM Archive (provided source file),0,NORMAL,,,,,,9,1,1,1,Winter,1,1.0,1.0200000000000955,-4.400000000000006,AWS_VABO,105.10134325016924,-1.0,1.0200000000000955,-14.700000000000003,100.0,0,0.02
2025-01-01 10:00:00,AWS_VAAH,Ahmedabad / Sardar Vallabhbhai Patel Intl,Ahmedabad,Gujarat,23.0772,72.6346,55.0,18.0,1017.95,72.6,NOAA/NWS ASOS via IEM Archive (provided source file),0,NORMAL,,,,,,10,1,1,1,Winter,1,0.0,0.0,4.599999999999994,AWS_VABO,105.10134325016924,-3.0,1.0200000000000955,-5.300000000000011,100.0,0,0.02
2025-01-01 10:30:00,AWS_VAAH,Ahmedabad / Sardar Vallabhbhai Patel Intl,Ahmedabad,Gujarat,23.0772,72.6346,55.0,20.0,1017.95,64.0,NOAA/NWS ASOS via IEM Archive (provided source file),0,NORMAL,,,,,,10,1,1,1,Winter,1,2.0,0.0,-8.599999999999994,AWS_VABO,105.10134325016924,-3.0,1.0200000000000955,-4.900000000000006,100.0,0,0.02
2025-01-01 11:00:00,AWS_VAAH,Ahmedabad / Sardar Vallabhbhai Patel Intl,Ahmedabad,Gujarat,23.0772,72.6346,55.0,39.0,1017.95,64.3,NOAA/NWS ASOS via IEM Archive (provided source file),1,SPIKE,spike,MEDIUM,temperature_c,controlled_fault_injection,Sudden temperature sensor spike.,11,1,1,1,Winter,1,19.0,0.0,0.29999999999999716,AWS_VABO,105.10134325016924,15.0,1.0200000000000955,-0.6000000000000085,91.0,0,0.095
2025-01-01 11:30:00,AWS_VAAH,Ahmedabad / Sardar Vallabhbhai Patel Intl,Ahmedabad,Gujarat,23.0772,72.6346,55.0,22.0,1016.93,60.4,NOAA/NWS ASOS via IEM Archive (provided source file),0,NORMAL,,,,,,11,1,1,1,Winter,1,-17.0,-1.0200000000000955,-3.8999999999999986,AWS_VABO,105.10134325016924,-3.0,0.0,-4.699999999999996,98.0,0,0.06
2025-01-01 12:00:00,AWS_VAAH,Ahmedabad / Sardar Vallabhbhai Patel Intl,Ahmedabad,Gujarat,23.0772,72.6346,55.0,23.0,1016.93,60.7,NOAA/NWS ASOS via IEM Archive (provided source file),0,NORMAL,,,,,,12,1,1,1,Winter,1,1.0,0.0,0.30000000000000426,AWS_VABO,105.10134325016924,-4.0,1.009999999999991,2.9000000000000057,98.0,0,0.06
2025-01-01 12:30:00,AWS_VAAH,Ahmedabad / Sardar Vallabhbhai Patel Intl,Ahmedabad,Gujarat,23.0772,72.6346,55.0,24.0,1015.92,57.1,NOAA/NWS ASOS via IEM Archive (provided source file),0,NORMAL,,,,,,12,1,1,1,Winter,1,1.0,-1.009999999999991,-3.6000000000000014,AWS_VABO,105.10134325016924,-3.0,0.0,-0.6999999999999957,98.0,0,0.06
2025-01-01 13:00:00,AWS_VAAH,Ahmedabad / Sardar Vallabhbhai Patel Intl,Ahmedabad,Gujarat,23.0772,72.6346,55.0,25.0,1015.92,53.8,NOAA/NWS ASOS via IEM Archive (provided source file),0,NORMAL,,,,,,13,1,1,1,Winter,1,1.0,0.0,-3.3000000000000043,AWS_VABO,105.10134325016924,-3.0,1.0199999999999818,-0.8000000000000043,98.0,0,0.06
2025-01-01 13:30:00,AWS_VAAH,Ahmedabad / Sardar Vallabhbhai Patel Intl,Ahmedabad,Gujarat,23.0772,72.6346,55.0,25.0,1014.9,53.8,NOAA/NWS ASOS via IEM Archive (provided source file),0,NORMAL,,,,,,13,1,1,1,Winter,1,0.0,-1.0199999999999818,0.0,AWS_VABO,105.10134325016924,-4.0,1.0199999999999818,11.299999999999997,98.0,0,0.06
2025-01-01 14:00:00,AWS_VAAH,Ahmedabad / Sardar Vallabhbhai Patel Intl,Ahmedabad,Gujarat,23.0772,72.6346,55.0,25.0,1013.88,53.8,NOAA/NWS ASOS via IEM Archive (provided source file),0,NORMAL,,,,,,14,1,1,1,Winter,1,0.0,-1.0199999999999818,0.0,AWS_VABO,105.10134325016924,-5.0,0.0,11.0,98.0,0,0.06
2025-01-01 14:30:00,AWS_VAAH,Ahmedabad / Sardar Vallabhbhai Patel Intl,Ahmedabad,Gujarat,23.0772,72.6346,55.0,26.0,1013.88,50.7,NOAA/NWS ASOS via IEM Archive (provided source file),0,NORMAL,,,,,,14,1,1,1,Winter,1,1.0,0.0,-3.0999999999999943,AWS_VABO,105.10134325016924,-3.0,1.009999999999991,8.200000000000003,98.0,0,0.06
2025-01-01 15:00:00,AWS_VAAH,Ahmedabad / Sardar Vallabhbhai Patel Intl,Ahmedabad,Gujarat,23.0772,72.6346,55.0,26.0,1013.88,50.7,NOAA/NWS ASOS via IEM Archive (provided source file),0,NORMAL,,,,,,15,1,1,1,Winter,1,0.0,0.0,0.0,AWS_VABO,105.10134325016924,-4.0,1.009999999999991,10.600000000000001,100.0,0,0.02
2025-01-01 15:30:00,AWS_VAAH,Ahmedabad / Sardar Vallabhbhai Patel Intl,Ahmedabad,Gujarat,23.0772,72.6346,55.0,27.0,1012.87,44.8,NOAA/NWS ASOS via IEM Archive (provided source file),0,NORMAL,,,,,,15,1,1,1,Winter,1,1.0,-1.009999999999991,-5.900000000000006,AWS_VABO,105.10134325016924,-2.0,0.0,4.899999999999999,100.0,0,0.02
2025-01-01 16:00:00,AWS_VAAH,Ahmedabad / Sardar Vallabhbhai Patel Intl,Ahmedabad,Gujarat,23.0772,72.6346,55.0,27.0,1012.87,44.8,NOAA/NWS ASOS via IEM Archive (provided source file),0,NORMAL,,,,,,16,1,1,1,Winter,1,0.0,0.0,0.0,AWS_VABO,105.10134325016924,-3.0,1.0199999999999818,9.599999999999994,100.0,0,0.02
2025-01-01 16:30:00,AWS_VAAH,Ahmedabad / Sardar Vallabhbhai Patel Intl,Ahmedabad,Gujarat,23.0772,72.6346,55.0,26.0,1012.87,47.5,NOAA/NWS ASOS via IEM Archive (provided source file),0,NORMAL,,,,,,16,1,1,1,Winter,1,-1.0,0.0,2.700000000000003,AWS_VABO,105.10134325016924,-4.0,1.0199999999999818,9.899999999999999,100.0,0,0.02
2025-01-01 17:00:00,AWS_VAAH,Ahmedabad / Sardar Vallabhbhai Patel Intl,Ahmedabad,Gujarat,23.0772,72.6346,55.0,26.0,1012.87,47.5,NOAA/NWS ASOS via IEM Archive (provided source file),0,NORMAL,,,,,,17,1,1,1,Winter,1,0.0,0.0,0.0,AWS_VABO,105.10134325016924,-2.0,1.0199999999999818,-3.700000000000003,100.0,0,0.02
2025-01-01 17:30:00,AWS_VAAH,Ahmedabad / Sardar Vallabhbhai Patel Intl,Ahmedabad,Gujarat,23.0772,72.6346,55.0,26.0,1012.87,47.5,NOAA/NWS ASOS via IEM Archive (provided source file),0,NORMAL,,,,,,17,1,1,1,Winter,1,0.0,0.0,0.0,AWS_VABO,105.10134325016924,-1.0,1.0199999999999818,-6.799999999999997,100.0,0,0.02
2025-01-01 18:00:00,AWS_VAAH,Ahmedabad / Sardar Vallabhbhai Patel Intl,Ahmedabad,Gujarat,23.0772,72.6346,55.0,25.0,1013.88,50.4,NOAA/NWS ASOS via IEM Archive (provided source file),0,NORMAL,,,,,,18,1,1,1,Winter,0,-1.0,1.009999999999991,2.8999999999999986,AWS_VABO,105.10134325016924,-1.0,19.00999999999999,-7.200000000000003,100.0,0,0.02
2025-01-01 18:30:00,AWS_VAAH,Ahmedabad / Sardar Vallabhbhai Patel Intl,Ahmedabad,Gujarat,23.0772,72.6346,55.0,24.0,1013.88,50.2,NOAA/NWS ASOS via IEM Archive (provided source file),0,NORMAL,,,,,,18,1,1,1,Winter,0,-1.0,0.0,-0.19999999999999574,AWS_VABO,105.10134325016924,0.0,1.009999999999991,-14.700000000000003,100.0,0,0.02
2025-01-01 19:00:00,AWS_VAAH,Ahmedabad / Sardar Vallabhbhai Patel Intl,Ahmedabad,Gujarat,23.0772,72.6346,55.0,23.0,1013.88,53.3,NOAA/NWS ASOS via IEM Archive (provided source file),0,NORMAL,,,,,,19,1,1,1,Winter,0,-1.0,0.0,3.0999999999999943,AWS_VABO,105.10134325016924,-1.0,1.009999999999991,-11.600000000000009,100.0,0,0.02
2025-01-01 19:30:00,AWS_VAAH,Ahmedabad / Sardar Vallabhbhai Patel Intl,Ahmedabad,Gujarat,23.0772,72.6346,55.0,22.0,1014.9,56.6,NOAA/NWS ASOS via IEM Archive (provided source file),0,NORMAL,,,,,,19,1,1,1,Winter,0,-1.0,1.0199999999999818,3.3000000000000043,AWS_VABO,105.10134325016924,-1.0,1.0199999999999818,-12.300000000000004,100.0,0,0.02
2025-01-01 20:00:00,AWS_VAAH,Ahmedabad / Sardar Vallabhbhai Patel Intl,Ahmedabad,Gujarat,23.0772,72.6346,55.0,21.0,1014.9,64.3,NOAA/NWS ASOS via IEM Archive (provided source file),0,NORMAL,,,,,,20,1,1,1,Winter,0,-1.0,0.0,7.699999999999996,AWS_VABO,105.10134325016924,-2.0,1.0199999999999818,-4.6000000000000085,100.0,0,0.02
2025-01-01 20:30:00,AWS_VAAH,Ahmedabad / Sardar Vallabhbhai Patel Intl,Ahmedabad,Gujarat,23.0772,72.6346,55.0,21.0,1014.9,60.2,NOAA/NWS ASOS via IEM Archive (provided source file),0,NORMAL,,,,,,20,1,1,1,Winter,0,0.0,0.0,-4.099999999999994,AWS_VABO,105.10134325016924,-2.0,0.0,-8.700000000000003,100.0,0,0.02
2025-01-01 21:00:00,AWS_VAAH,Ahmedabad / Sardar Vallabhbhai Patel Intl,Ahmedabad,Gujarat,23.0772,72.6346,55.0,21.0,1015.92,64.3,NOAA/NWS ASOS via IEM Archive (provided source file),0,NORMAL,,,,,,21,1,1,1,Winter,0,0.0,1.0199999999999818,4.099999999999994,AWS_VABO,105.10134325016924,0.0,1.0199999999999818,-8.799999999999997,100.0,0,0.02
2025-01-01 21:30:00,AWS_VAAH,Ahmedabad / Sardar Vallabhbhai Patel Intl,Ahmedabad,Gujarat,23.0772,72.6346,55.0,,1015.92,60.2,NOAA/NWS ASOS via IEM Archive (provided source file),1,MISSING_DATA,missing_data,HIGH,temperature_c,controlled_fault_injection,Simulated communication/data dropout.,21,1,1,1,Winter,0,,0.0,-4.099999999999994,AWS_VABO,105.10134325016924,,1.0199999999999818,-12.899999999999991,83.0,1,0.135
2025-01-01 22:00:00,AWS_VAAH,Ahmedabad / Sardar Vallabhbhai Patel Intl,Ahmedabad,Gujarat,23.0772,72.6346,55.0,,1015.92,49.4,NOAA/NWS ASOS via IEM Archive (provided source file),1,MISSING_DATA,missing_data,HIGH,temperature_c,controlled_fault_injection,Simulated communication/data dropout.,22,1,1,1,Winter,0,,0.0,-10.800000000000004,AWS_VABO,105.10134325016924,,,,81.0,1,0.175
2025-01-01 22:30:00,AWS_VAAH,Ahmedabad / Sardar Vallabhbhai Patel Intl,Ahmedabad,Gujarat,23.0772,72.6346,55.0,,1015.92,52.5,NOAA/NWS ASOS via IEM Archive (provided source file),1,MISSING_DATA,missing_data,HIGH,temperature_c,controlled_fault_injection,Simulated communication/data dropout.,22,1,1,1,Winter,0,,0.0,3.1000000000000014,AWS_VABO,105.10134325016924,,,,79.0,1,0.215
2025-01-01 23:00:00,AWS_VAAH,Ahmedabad / Sardar Vallabhbhai Patel Intl,Ahmedabad,Gujarat,23.0772,72.6346,55.0,,1015.92,52.5,NOAA/NWS ASOS via IEM Archive (provided source file),1,MISSING_DATA,missing_data,HIGH,temperature_c,controlled_fault_injection,Simulated communication/data dropout.,23,1,1,1,Winter,0,,0.0,0.0,AWS_VABO,105.10134325016924,,,,77.0,1,0.255
2025-01-01 23:30:00,AWS_VAAH,Ahmedabad / Sardar Vallabhbhai Patel Intl,Ahmedabad,Gujarat,23.0772,72.6346,55.0,,1015.92,59.7,NOAA/NWS ASOS via IEM Archive (provided source file),1,MISSING_DATA,missing_data,HIGH,temperature_c,controlled_fault_injection,Simulated communication/data dropout.,23,1,1,1,Winter,0,,0.0,7.200000000000003,AWS_VABO,105.10134325016924,,,,75.0,1,0.295
2025-01-02 00:00:00,AWS_VAAH,Ahmedabad / Sardar Vallabhbhai Patel Intl,Ahmedabad,Gujarat,23.0772,72.6346,55.0,,1015.92,59.7,NOAA/NWS ASOS via IEM Archive (provided source file),1,MISSING_DATA,missing_data,HIGH,temperature_c,controlled_fault_injection,Simulated communication/data dropout.,0,2,1,2,Winter,0,,0.0,0.0,AWS_VABO,105.10134325016924,,,,73.0,1,0.335
2025-01-02 00:30:00,AWS_VAAH,Ahmedabad / Sardar Vallabhbhai Patel Intl,Ahmedabad,Gujarat,23.0772,72.6346,55.0,19.0,1015.92,59.7,NOAA/NWS ASOS via IEM Archive (provided source file),0,NORMAL,,,,,,0,2,1,2,Winter,0,,0.0,0.0,AWS_VABO,105.10134325016924,,,,88.0,0,0.26
2025-01-02 01:00:00,AWS_VAAH,Ahmedabad / Sardar Vallabhbhai Patel Intl,Ahmedabad,Gujarat,23.0772,72.6346,55.0,18.0,1015.92,63.6,NOAA/NWS ASOS via IEM Archive (provided source file),0,NORMAL,,,,,,1,2,1,2,Winter,0,-1.0,0.0,3.8999999999999986,AWS_VABO,105.10134325016924,,,,88.0,0,0.26
2025-01-02 01:30:00,AWS_VAAH,Ahmedabad / Sardar Vallabhbhai Patel Intl,Ahmedabad,Gujarat,23.0772,72.6346,55.0,18.0,1014.9,63.6,NOAA/NWS ASOS via IEM Archive (provided source file),0,NORMAL,,,,,,1,2,1,2,Winter,0,0.0,-1.0199999999999818,0.0,AWS_VABO,105.10134325016924,,,,90.0,0,0.22
2025-01-02 02:00:00,AWS_VAAH,Ahmedabad / Sardar Vallabhbhai Patel Intl,Ahmedabad,Gujarat,23.0772,72.6346,55.0,18.0,1014.9,63.6,NOAA/NWS ASOS via IEM Archive (provided source file),0,NORMAL,,,,,,2,2,1,2,Winter,0,0.0,0.0,0.0,AWS_VABO,105.10134325016924,,,,92.0,0,0.18
2025-01-02 02:30:00,AWS_VAAH,Ahmedabad / Sardar Vallabhbhai Patel Intl,Ahmedabad,Gujarat,23.0772,72.6346,55.0,18.0,1014.9,63.6,NOAA/NWS ASOS via IEM Archive (provided source file),0,NORMAL,,,,,,2,2,1,2,Winter,0,0.0,0.0,0.0,AWS_VABO,105.10134325016924,,,,94.0,0,0.14
2025-01-02 03:00:00,AWS_VAAH,Ahmedabad / Sardar Vallabhbhai Patel Intl,Ahmedabad,Gujarat,23.0772,72.6346,55.0,18.0,1014.9,68.0,NOAA/NWS ASOS via IEM Archive (provided source file),0,NORMAL,,,,,,3,2,1,2,Winter,0,0.0,0.0,4.399999999999999,AWS_VABO,105.10134325016924,,,,96.0,0,0.1
2025-01-02 03:30:00,AWS_VAAH,Ahmedabad / Sardar Vallabhbhai Patel Intl,Ahmedabad,Gujarat,23.0772,72.6346,55.0,17.0,1014.9,72.4,NOAA/NWS ASOS via IEM Archive (provided source file),0,NORMAL,,,,,,3,2,1,2,Winter,0,-1.0,0.0,4.400000000000006,AWS_VABO,105.10134325016924,,,,98.0,0,0.06
2025-01-02 04:00:00,AWS_VAAH,Ahmedabad / Sardar Vallabhbhai Patel Intl,Ahmedabad,Gujarat,23.0772,72.6346,55.0,17.0,1014.9,72.4,NOAA/NWS ASOS via IEM Archive (provided source file),0,NORMAL,,,,,,4,2,1,2,Winter,0,0.0,0.0,0.0,AWS_VABO,105.10134325016924,,,,100.0,0,0.02
2025-01-02 04:30:00,AWS_VAAH,Ahmedabad / Sardar Vallabhbhai Patel Intl,Ahmedabad,Gujarat,23.0772,72.6346,55.0,16.0,1013.88,72.2,NOAA/NWS ASOS via IEM Archive (provided source file),0,NORMAL,,,,,,4,2,1,2,Winter,0,-1.0,-1.0199999999999818,-0.20000000000000284,AWS_VABO,105.10134325016924,0.0,0.0,-15.700000000000003,100.0,0,0.02
2025-01-02 05:00:00,AWS_VAAH,Ahmedabad / Sardar Vallabhbhai Patel Intl,Ahmedabad,Gujarat,23.0772,72.6346,55.0,16.0,1014.9,72.2,NOAA/NWS ASOS via IEM Archive (provided source file),0,NORMAL,,,,,,5,2,1,2,Winter,0,0.0,1.0199999999999818,0.0,AWS_VABO,105.10134325016924,,,,100.0,0,0.02
2025-01-02 05:30:00,AWS_VAAH,Ahmedabad / Sardar Vallabhbhai Patel Intl,Ahmedabad,Gujarat,23.0772,72.6346,55.0,16.0,1014.9,67.5,NOAA/NWS ASOS via IEM Archive (provided source file),0,NORMAL,,,,,,5,2,1,2,Winter,0,0.0,0.0,-4.700000000000003,AWS_VABO,105.10134325016924,1.0,1.0199999999999818,-26.200000000000003,100.0,0,0.02
2025-01-02 06:00:00,AWS_VAAH,Ahmedabad / Sardar Vallabhbhai Patel Intl,Ahmedabad,Gujarat,23.0772,72.6346,55.0,16.0,1014.9,67.5,NOAA/NWS ASOS via IEM Archive (provided source file),0,NORMAL,,,,,,6,2,1,2,Winter,1,0.0,0.0,0.0,AWS_VABO,105.10134325016924,1.0,1.0199999999999818,-26.200000000000003,100.0,0,0.02
2025-01-02 06:30:00,AWS_VAAH,Ahmedabad / Sardar Vallabhbhai Patel Intl,Ahmedabad,Gujarat,23.0772,72.6346,55.0,15.0,1014.9,67.3,NOAA/NWS ASOS via IEM Archive (provided source file),0,NORMAL,,,,,,6,2,1,2,Winter,1,-1.0,0.0,-0.20000000000000284,AWS_VABO,105.10134325016924,0.0,0.0,-26.400000000000006,100.0,0,0.02
2025-01-02 07:00:00,AWS_VAAH,Ahmedabad / Sardar Vallabhbhai Patel Intl,Ahmedabad,Gujarat,23.0772,72.6346,55.0,15.0,1015.92,67.3,NOAA/NWS ASOS via IEM Archive (provided source file),0,NORMAL,,,,,,7,2,1,2,Winter,1,0.0,1.0199999999999818,0.0,AWS_VABO,105.10134325016924,1.0,1.0199999999999818,-26.400000000000006,100.0,0,0.02
2025-01-02 07:30:00,AWS_VAAH,Ahmedabad / Sardar Vallabhbhai Patel Intl,Ahmedabad,Gujarat,23.0772,72.6346,55.0,15.0,1015.92,67.3,NOAA/NWS ASOS via IEM Archive (provided source file),0,NORMAL,,,,,,7,2,1,2,Winter,1,0.0,0.0,0.0,AWS_VABO,105.10134325016924,0.0,1.0199999999999818,-26.400000000000006,100.0,0,0.02
2025-01-02 08:00:00,AWS_VAAH,Ahmedabad / Sardar Vallabhbhai Patel Intl,Ahmedabad,Gujarat,23.0772,72.6346,55.0,16.0,1015.92,67.5,NOAA/NWS ASOS via IEM Archive (provided source file),0,NORMAL,,,,,,8,2,1,2,Winter,1,1.0,0.0,0.20000000000000284,AWS_VABO,105.10134325016924,0.0,0.0,-20.400000000000006,100.0,0,0.02
2025-01-02 08:30:00,AWS_VAAH,Ahmedabad / Sardar Vallabhbhai Patel Intl,Ahmedabad,Gujarat,23.0772,72.6346,55.0,17.0,1016.93,59.3,NOAA/NWS ASOS via IEM Archive (provided source file),0,NORMAL,,,,,,8,2,1,2,Winter,1,1.0,1.009999999999991,-8.200000000000003,AWS_VABO,105.10134325016924,1.0,1.009999999999991,-28.60000000000001,100.0,0,0.02
2025-01-02 09:00:00,AWS_VAAH,Ahmedabad / Sardar Vallabhbhai Patel Intl,Ahmedabad,Gujarat,23.0772,72.6346,55.0,18.0,1016.93,59.5,NOAA/NWS ASOS via IEM Archive (provided source file),0,NORMAL,,,,,,9,2,1,2,Winter,1,1.0,0.0,0.20000000000000284,AWS_VABO,105.10134325016924,0.0,0.0,-23.099999999999994,100.0,0,0.02
2025-01-02 09:30:00,AWS_VAAH,Ahmedabad / Sardar Vallabhbhai Patel Intl,Ahmedabad,Gujarat,23.0772,72.6346,55.0,19.0,1017.95,59.7,NOAA/NWS ASOS via IEM Archive (provided source file),0,NORMAL,,,,,,9,2,1,2,Winter,1,1.0,1.0200000000000955,0.20000000000000284,AWS_VABO,105.10134325016924,0.0,1.0200000000000955,-17.89999999999999,100.0,0,0.02
2025-01-02 10:00:00,AWS_VAAH,Ahmedabad / Sardar Vallabhbhai Patel Intl,Ahmedabad,Gujarat,23.0772,72.6346,55.0,20.0,1017.95,56.1,NOAA/NWS ASOS via IEM Archive (provided source file),0,NORMAL,,,,,,10,2,1,2,Winter,1,1.0,0.0,-3.6000000000000014,AWS_VABO,105.10134325016924,-1.0,1.0200000000000955,-12.499999999999993,100.0,0,0.02
2025-01-02 10:30:00,AWS_VAAH,Ahmedabad / Sardar Vallabhbhai Patel Intl,Ahmedabad,Gujarat,23.0772,72.6346,55.0,21.0,1017.95,56.4,NOAA/NWS ASOS via IEM Archive (provided source file),0,NORMAL,,,,,,10,2,1,2,Winter,1,1.0,0.0,0.29999999999999716,AWS_VABO,105.10134325016924,-2.0,1.0200000000000955,-8.300000000000004,100.0,0,0.02
2025-01-02 11:00:00,AWS_VAAH,Ahmedabad / Sardar Vallabhbhai Patel Intl,Ahmedabad,Gujarat,23.0772,72.6346,55.0,22.0,1017.95,53.0,NOAA/NWS ASOS via IEM Archive (provided source file),0,NORMAL,,,,,,11,2,1,2,Winter,1,1.0,0.0,-3.3999999999999986,AWS_VABO,105.10134325016924,-2.0,1.0200000000000955,-7.899999999999999,100.0,0,0.02
2025-01-02 11:30:00,AWS_VAAH,Ahmedabad / Sardar Vallabhbhai Patel Intl,Ahmedabad,Gujarat,23.0772,72.6346,55.0,24.0,1016.93,50.2,NOAA/NWS ASOS via IEM Archive (provided source file),0,NORMAL,,,,,,11,2,1,2,Winter,1,2.0,-1.0200000000000955,-2.799999999999997,AWS_VABO,105.10134325016924,-2.0,0.0,-49.8,100.0,0,0.02
2025-01-02 12:00:00,AWS_VAAH,Ahmedabad / Sardar Vallabhbhai Patel Intl,Ahmedabad,Gujarat,23.0772,72.6346,55.0,25.0,1016.93,50.4,NOAA/NWS ASOS via IEM Archive (provided source file),0,NORMAL,,,,,,12,2,1,2,Winter,1,1.0,0.0,0.19999999999999574,AWS_VABO,105.10134325016924,-2.0,1.009999999999991,-49.6,100.0,0,0.02
2025-01-02 12:30:00,AWS_VAAH,Ahmedabad / Sardar Vallabhbhai Patel Intl,Ahmedabad,Gujarat,23.0772,72.6346,55.0,25.0,1015.92,47.2,NOAA/NWS ASOS via IEM Archive (provided source file),0,NORMAL,,,,,,12,2,1,2,Winter,1,0.0,-1.009999999999991,-3.1999999999999957,AWS_VABO,105.10134325016924,-3.0,0.0,-52.8,100.0,0,0.02
2025-01-02 13:00:00,AWS_VAAH,Ahmedabad / Sardar Vallabhbhai Patel Intl,Ahmedabad,Gujarat,23.0772,72.6346,55.0,26.0,1014.9,44.5,NOAA/NWS ASOS via IEM Archive (provided source file),0,NORMAL,,,,,,13,2,1,2,Winter,1,1.0,-1.0199999999999818,-2.700000000000003,AWS_VABO,105.10134325016924,-3.0,0.0,-55.5,100.0,0,0.02
2025-01-02 13:30:00,AWS_VAAH,Ahmedabad / Sardar Vallabhbhai Patel Intl,Ahmedabad,Gujarat,23.0772,72.6346,55.0,27.0,1014.9,44.8,NOAA/NWS ASOS via IEM Archive (provided source file),0,NORMAL,,,,,,13,2,1,2,Winter,1,1.0,0.0,0.29999999999999716,AWS_VABO,105.10134325016924,-2.0,1.0199999999999818,-55.2,100.0,0,0.02
2025-01-02 14:00:00,AWS_VAAH,Ahmedabad / Sardar Vallabhbhai Patel Intl,Ahmedabad,Gujarat,23.0772,72.6346,55.0,28.0,1013.88,42.2,NOAA/NWS ASOS via IEM Archive (provided source file),0,NORMAL,,,,,,14,2,1,2,Winter,1,1.0,-1.0199999999999818,-2.5999999999999943,AWS_VABO,105.10134325016924,-2.0,0.0,-57.8,100.0,0,0.02
2025-01-02 14:30:00,AWS_VAAH,Ahmedabad / Sardar Vallabhbhai Patel Intl,Ahmedabad,Gujarat,23.0772,72.6346,55.0,28.0,1013.88,42.2,NOAA/NWS ASOS via IEM Archive (provided source file),0,NORMAL,,,,,,14,2,1,2,Winter,1,0.0,0.0,0.0,AWS_VABO,105.10134325016924,-2.0,1.009999999999991,-57.8,100.0,0,0.02
2025-01-02 15:00:00,AWS_VAAH,Ahmedabad / Sardar Vallabhbhai Patel Intl,Ahmedabad,Gujarat,23.0772,72.6346,55.0,29.0,1012.87,39.9,NOAA/NWS ASOS via IEM Archive (provided source file),0,NORMAL,,,,,,15,2,1,2,Winter,1,1.0,-1.009999999999991,-2.3000000000000043,AWS_VABO,105.10134325016924,-2.0,0.0,-60.1,100.0,0,0.02
2025-01-02 15:30:00,AWS_VAAH,Ahmedabad / Sardar Vallabhbhai Patel Intl,Ahmedabad,Gujarat,23.0772,72.6346,55.0,29.0,1012.87,39.9,NOAA/NWS ASOS via IEM Archive (provided source file),0,NORMAL,,,,,,15,2,1,2,Winter,1,0.0,0.0,0.0,AWS_VABO,105.10134325016924,,,,100.0,0,0.02
2025-01-02 16:00:00,AWS_VAAH,Ahmedabad / Sardar Vallabhbhai Patel Intl,Ahmedabad,Gujarat,23.0772,72.6346,55.0,29.0,1012.87,42.5,NOAA/NWS ASOS via IEM Archive (provided source file),0,NORMAL,,,,,,16,2,1,2,Winter,1,0.0,0.0,2.6000000000000014,AWS_VABO,105.10134325016924,-2.0,0.0,7.0,100.0,0,0.02
2025-01-02 16:30:00,AWS_VAAH,Ahmedabad / Sardar Vallabhbhai Patel Intl,Ahmedabad,Gujarat,23.0772,72.6346,55.0,28.0,1012.87,45.1,NOAA/NWS ASOS via IEM Archive (provided source file),0,NORMAL,,,,,,16,2,1,2,Winter,1,-1.0,0.0,2.6000000000000014,AWS_VABO,105.10134325016924,-3.0,0.0,9.600000000000001,100.0,0,0.02
2025-01-02 17:00:00,AWS_VAAH,Ahmedabad / Sardar Vallabhbhai Patel Intl,Ahmedabad,Gujarat,23.0772,72.6346,55.0,28.0,1012.87,45.1,NOAA/NWS ASOS via IEM Archive (provided source file),0,NORMAL,,,,,,17,2,1,2,Winter,1,0.0,0.0,0.0,AWS_VABO,105.10134325016924,-2.0,0.0,7.5,100.0,0,0.02
2025-01-02 17:30:00,AWS_VAAH,Ahmedabad / Sardar Vallabhbhai Patel Intl,Ahmedabad,Gujarat,23.0772,72.6346,55.0,28.0,1012.87,48.0,NOAA/NWS ASOS via IEM Archive (provided source file),0,NORMAL,,,,,,17,2,1,2,Winter,1,0.0,0.0,2.8999999999999986,AWS_VABO,105.10134325016924,-2.0,0.0,10.399999999999999,100.0,0,0.02
2025-01-02 18:00:00,AWS_VAAH,Ahmedabad / Sardar Vallabhbhai Patel Intl,Ahmedabad,Gujarat,23.0772,72.6346,55.0,26.0,1013.88,50.7,NOAA/NWS ASOS via IEM Archive (provided source file),0,NORMAL,,,,,,18,2,1,2,Winter,0,-2.0,1.009999999999991,2.700000000000003,AWS_VABO,105.10134325016924,-2.0,1.009999999999991,5.600000000000001,100.0,0,0.02
2025-01-02 18:30:00,AWS_VAAH,Ahmedabad / Sardar Vallabhbhai Patel Intl,Ahmedabad,Gujarat,23.0772,72.6346,55.0,26.0,1013.88,50.7,NOAA/NWS ASOS via IEM Archive (provided source file),0,NORMAL,,,,,,18,2,1,2,Winter,0,0.0,0.0,0.0,AWS_VABO,105.10134325016924,0.0,0.0,-3.299999999999997,100.0,0,0.02
2025-01-02 19:00:00,AWS_VAAH,Ahmedabad / Sardar Vallabhbhai Patel Intl,Ahmedabad,Gujarat,23.0772,72.6346,55.0,25.0,1013.88,53.8,NOAA/NWS ASOS via IEM Archive (provided source file),0,NORMAL,,,,,,19,2,1,2,Winter,0,-1.0,0.0,3.0999999999999943,AWS_VABO,105.10134325016924,0.0,0.0,0.0,100.0,0,0.02
2025-01-02 19:30:00,AWS_VAAH,Ahmedabad / Sardar Vallabhbhai Patel Intl,Ahmedabad,Gujarat,23.0772,72.6346,55.0,25.0,1014.9,50.4,NOAA/NWS ASOS via IEM Archive (provided source file),0,NORMAL,,,,,,19,2,1,2,Winter,0,0.0,1.0199999999999818,-3.3999999999999986,AWS_VABO,105.10134325016924,2.0,1.0199999999999818,-10.300000000000004,100.0,0,0.02
2025-01-02 20:00:00,AWS_VAAH,Ahmedabad / Sardar Vallabhbhai Patel Intl,Ahmedabad,Gujarat,23.0772,72.6346,55.0,24.0,1014.9,53.6,NOAA/NWS ASOS via IEM Archive (provided source file),0,NORMAL,,,,,,20,2,1,2,Winter,0,-1.0,0.0,3.200000000000003,AWS_VABO,105.10134325016924,1.0,0.0,-7.100000000000001,100.0,0,0.02
2025-01-02 20:30:00,AWS_VAAH,Ahmedabad / Sardar Vallabhbhai Patel Intl,Ahmedabad,Gujarat,23.0772,72.6346,55.0,22.0,1014.9,60.4,NOAA/NWS ASOS via IEM Archive (provided source file),0,NORMAL,,,,,,20,2,1,2,Winter,0,-2.0,0.0,6.799999999999997,AWS_VABO,105.10134325016924,,,,100.0,0,0.02
2025-01-02 21:00:00,AWS_VAAH,Ahmedabad / Sardar Vallabhbhai Patel Intl,Ahmedabad,Gujarat,23.0772,72.6346,55.0,22.0,1015.92,60.4,NOAA/NWS ASOS via IEM Archive (provided source file),0,NORMAL,,,,,,21,2,1,2,Winter,0,0.0,1.0199999999999818,0.0,AWS_VABO,105.10134325016924,,,,100.0,0,0.02
2025-01-02 21:30:00,AWS_VAAH,Ahmedabad / Sardar Vallabhbhai Patel Intl,Ahmedabad,Gujarat,23.0772,72.6346,55.0,20.0,1015.92,72.9,NOAA/NWS ASOS via IEM Archive (provided source file),0,NORMAL,,,,,,21,2,1,2,Winter,0,-2.0,0.0,12.500000000000007,AWS_VABO,105.10134325016924,,,,100.0,0,0.02
2025-01-02 22:00:00,AWS_VAAH,Ahmedabad / Sardar Vallabhbhai Patel Intl,Ahmedabad,Gujarat,23.0772,72.6346,55.0,20.0,1015.92,72.9,NOAA/NWS ASOS via IEM Archive (provided source file),0,NORMAL,,,,,,22,2,1,2,Winter,0,0.0,0.0,0.0,AWS_VABO,105.10134325016924,,,,100.0,0,0.02
2025-01-02 22:30:00,AWS_VAAH,Ahmedabad / Sardar Vallabhbhai Patel Intl,Ahmedabad,Gujarat,23.0772,72.6346,55.0,20.0,1015.92,68.4,NOAA/NWS ASOS via IEM Archive (provided source file),0,NORMAL,,,,,,22,2,1,2,Winter,0,0.0,0.0,-4.5,AWS_VABO,105.10134325016924,,,,100.0,0,0.02
2025-01-02 23:00:00,AWS_VAAH,Ahmedabad / Sardar Vallabhbhai Patel Intl,Ahmedabad,Gujarat,23.0772,72.6346,55.0,19.0,1015.92,72.7,NOAA/NWS ASOS via IEM Archive (provided source file),0,NORMAL,,,,,,23,2,1,2,Winter,0,-1.0,0.0,4.299999999999997,AWS_VABO,105.10134325016924,,,,100.0,0,0.02
2025-01-02 23:30:00,AWS_VAAH,Ahmedabad / Sardar Vallabhbhai Patel Intl,Ahmedabad,Gujarat,23.0772,72.6346,55.0,20.0,1015.92,60.0,NOAA/NWS ASOS via IEM Archive (provided source file),0,NORMAL,,,,,,23,2,1,2,Winter,0,1.0,0.0,-12.700000000000003,AWS_VABO,105.10134325016924,,,,100.0,0,0.02
2025-01-03 00:00:00,AWS_VAAH,Ahmedabad / Sardar Vallabhbhai Patel Intl,Ahmedabad,Gujarat,23.0772,72.6346,55.0,20.0,1014.9,52.5,NOAA/NWS ASOS via IEM Archive (provided source file),0,NORMAL,,,,,,0,3,1,3,Winter,0,0.0,-1.0199999999999818,-7.5,AWS_VABO,105.10134325016924,,,,100.0,0,0.02
2025-01-03 00:30:00,AWS_VAAH,Ahmedabad / Sardar Vallabhbhai Patel Intl,Ahmedabad,Gujarat,23.0772,72.6346,55.0,19.0,1014.9,55.9,NOAA/NWS ASOS via IEM Archive (provided source file),0,NORMAL,,,,,,0,3,1,3,Winter,0,-1.0,0.0,3.3999999999999986,AWS_VABO,105.10134325016924,,,,100.0,0,0.02
2025-01-03 01:00:00,AWS_VAAH,Ahmedabad / Sardar Vallabhbhai Patel Intl,Ahmedabad,Gujarat,23.0772,72.6346,55.0,18.0,1014.9,55.6,NOAA/NWS ASOS via IEM Archive (provided source file),0,NORMAL,,,,,,1,3,1,3,Winter,0,-1.0,0.0,-0.29999999999999716,AWS_VABO,105.10134325016924,,,,100.0,0,0.02
2025-01-03 01:30:00,AWS_VAAH,Ahmedabad / Sardar Vallabhbhai Patel Intl,Ahmedabad,Gujarat,23.0772,72.6346,55.0,17.0,1014.9,59.3,NOAA/NWS ASOS via IEM Archive (provided source file),0,NORMAL,,,,,,1,3,1,3,Winter,0,-1.0,0.0,3.6999999999999957,AWS_VABO,105.10134325016924,,,,100.0,0,0.02
2025-01-03 02:00:00,AWS_VAAH,Ahmedabad / Sardar Vallabhbhai Patel Intl,Ahmedabad,Gujarat,23.0772,72.6346,55.0,17.0,1014.9,59.3,NOAA/NWS ASOS via IEM Archive (provided source file),0,NORMAL,,,,,,2,3,1,3,Winter,0,0.0,0.0,0.0,AWS_VABO,105.10134325016924,,,,100.0,0,0.02
2025-01-03 02:30:00,AWS_VAAH,Ahmedabad / Sardar Vallabhbhai Patel Intl,Ahmedabad,Gujarat,23.0772,72.6346,55.0,17.0,1014.9,51.7,NOAA/NWS ASOS via IEM Archive (provided source file),0,NORMAL,,,,,,2,3,1,3,Winter,0,0.0,0.0,-7.599999999999994,AWS_VABO,105.10134325016924,,,,100.0,0,0.02
2025-01-03 03:00:00,AWS_VAAH,Ahmedabad / Sardar Vallabhbhai Patel Intl,Ahmedabad,Gujarat,23.0772,72.6346,55.0,17.0,1014.9,51.7,NOAA/NWS ASOS via IEM Archive (provided source file),0,NORMAL,,,,,,3,3,1,3,Winter,0,0.0,0.0,0.0,AWS_VABO,105.10134325016924,,,,100.0,0,0.02
2025-01-03 03:30:00,AWS_VAAH,Ahmedabad / Sardar Vallabhbhai Patel Intl,Ahmedabad,Gujarat,23.0772,72.6346,55.0,16.0,1013.88,55.1,NOAA/NWS ASOS via IEM Archive (provided source file),0,NORMAL,,,,,,3,3,1,3,Winter,0,-1.0,-1.0199999999999818,3.3999999999999986,AWS_VABO,105.10134325016924,,,,100.0,0,0.02
2025-01-03 04:00:00,AWS_VAAH,Ahmedabad / Sardar Vallabhbhai Patel Intl,Ahmedabad,Gujarat,23.0772,72.6346,55.0,16.0,1013.88,55.1,NOAA/NWS ASOS via IEM Archive (provided source file),0,NORMAL,,,,,,4,3,1,3,Winter,0,0.0,0.0,0.0,AWS_VABO,105.10134325016924,,,,100.0,0,0.02
2025-01-03 04:30:00,AWS_VAAH,Ahmedabad / Sardar Vallabhbhai Patel Intl,Ahmedabad,Gujarat,23.0772,72.6346,55.0,16.0,1014.9,59.0,NOAA/NWS ASOS via IEM Archive (provided source file),0,NORMAL,,,,,,4,3,1,3,Winter,0,0.0,1.0199999999999818,3.8999999999999986,AWS_VABO,105.10134325016924,1.0,1.0199999999999818,-28.799999999999997,100.0,0,0.02
2025-01-03 05:00:00,AWS_VAAH,Ahmedabad / Sardar Vallabhbhai Patel Intl,Ahmedabad,Gujarat,23.0772,72.6346,55.0,16.0,1014.9,59.0,NOAA/NWS ASOS via IEM Archive (provided source file),0,NORMAL,,,,,,5,3,1,3,Winter,0,0.0,0.0,0.0,AWS_VABO,105.10134325016924,,,,100.0,0,0.02
2025-01-03 05:30:00,AWS_VAAH,Ahmedabad / Sardar Vallabhbhai Patel Intl,Ahmedabad,Gujarat,23.0772,72.6346,55.0,16.0,1014.9,59.0,NOAA/NWS ASOS via IEM Archive (provided source file),0,NORMAL,,,,,,5,3,1,3,Winter,0,0.0,0.0,0.0,AWS_VABO,105.10134325016924,3.0,1.0199999999999818,-28.599999999999994,100.0,0,0.02
2025-01-03 06:00:00,AWS_VAAH,Ahmedabad / Sardar Vallabhbhai Patel Intl,Ahmedabad,Gujarat,23.0772,72.6346,55.0,16.0,1014.9,63.2,NOAA/NWS ASOS via IEM Archive (provided source file),0,NORMAL,,,,,,6,3,1,3,Winter,1,0.0,0.0,4.200000000000003,AWS_VABO,105.10134325016924,2.0,1.0199999999999818,-24.5,100.0,0,0.02
2025-01-03 06:30:00,AWS_VAAH,Ahmedabad / Sardar Vallabhbhai Patel Intl,Ahmedabad,Gujarat,23.0772,72.6346,55.0,16.0,1014.9,63.2,NOAA/NWS ASOS via IEM Archive (provided source file),0,NORMAL,,,,,,6,3,1,3,Winter,1,0.0,0.0,0.0,AWS_VABO,105.10134325016924,2.0,0.0,-24.5,100.0,0,0.02
2025-01-03 07:00:00,AWS_VAAH,Ahmedabad / Sardar Vallabhbhai Patel Intl,Ahmedabad,Gujarat,23.0772,72.6346,55.0,17.0,1014.9,59.3,NOAA/NWS ASOS via IEM Archive (provided source file),0,NORMAL,,,,,,7,3,1,3,Winter,1,1.0,0.0,-3.9000000000000057,AWS_VABO,105.10134325016924,4.0,0.0,-34.3,100.0,0,0.02
2025-01-03 07:30:00,AWS_VAAH,Ahmedabad / Sardar Vallabhbhai Patel Intl,Ahmedabad,Gujarat,23.0772,72.6346,55.0,17.0,1014.9,59.3,NOAA/NWS ASOS via IEM Archive (provided source file),0,NORMAL,,,,,,7,3,1,3,Winter,1,0.0,0.0,0.0,AWS_VABO,105.10134325016924,3.0,0.0,-28.400000000000006,100.0,0,0.02
2025-01-03 08:00:00,AWS_VAAH,Ahmedabad / Sardar Vallabhbhai Patel Intl,Ahmedabad,Gujarat,23.0772,72.6346,55.0,17.0,1015.92,59.3,NOAA/NWS ASOS via IEM Archive (provided source file),0,NORMAL,,,,,,8,3,1,3,Winter,1,0.0,1.0199999999999818,0.0,AWS_VABO,105.10134325016924,3.0,0.0,-28.400000000000006,100.0,0,0.02
2025-01-03 08:30:00,AWS_VAAH,Ahmedabad / Sardar Vallabhbhai Patel Intl,Ahmedabad,Gujarat,23.0772,72.6346,55.0,17.0,1015.92,59.3,NOAA/NWS ASOS via IEM Archive (provided source file),0,NORMAL,,,,,,8,3,1,3,Winter,1,0.0,0.0,0.0,AWS_VABO,105.10134325016924,2.0,0.0,-28.5,100.0,0,0.02
2025-01-03 09:00:00,AWS_VAAH,Ahmedabad / Sardar Vallabhbhai Patel Intl,Ahmedabad,Gujarat,23.0772,72.6346,55.0,17.0,1016.93,63.4,NOAA/NWS ASOS via IEM Archive (provided source file),0,NORMAL,,,,,,9,3,1,3,Winter,1,0.0,1.009999999999991,4.100000000000001,AWS_VABO,105.10134325016924,-1.0,1.009999999999991,-9.199999999999996,100.0,0,0.02
2025-01-03 09:30:00,AWS_VAAH,Ahmedabad / Sardar Vallabhbhai Patel Intl,Ahmedabad,Gujarat,23.0772,72.6346,55.0,18.0,1016.93,59.5,NOAA/NWS ASOS via IEM Archive (provided source file),0,NORMAL,,,,,,9,3,1,3,Winter,1,1.0,0.0,-3.8999999999999986,AWS_VABO,105.10134325016924,-3.0,0.0,-0.7000000000000028,100.0,0,0.02
2025-01-03 10:00:00,AWS_VAAH,Ahmedabad / Sardar Vallabhbhai Patel Intl,Ahmedabad,Gujarat,23.0772,72.6346,55.0,20.0,1016.93,52.5,NOAA/NWS ASOS via IEM Archive (provided source file),0,NORMAL,,,,,,10,3,1,3,Winter,1,2.0,0.0,-7.0,AWS_VABO,105.10134325016924,-3.0,0.0,2.6000000000000014,100.0,0,0.02
2025-01-03 10:30:00,AWS_VAAH,Ahmedabad / Sardar Vallabhbhai Patel Intl,Ahmedabad,Gujarat,23.0772,72.6346,55.0,22.0,1016.93,46.4,NOAA/NWS ASOS via IEM Archive (provided source file),0,NORMAL,,,,,,10,3,1,3,Winter,1,2.0,0.0,-6.100000000000001,AWS_VABO,105.10134325016924,-3.0,0.0,2.1999999999999957,100.0,0,0.02
2025-01-03 11:00:00,AWS_VAAH,Ahmedabad / Sardar Vallabhbhai Patel Intl,Ahmedabad,Gujarat,23.0772,72.6346,55.0,23.0,1016.93,46.7,NOAA/NWS ASOS via IEM Archive (provided source file),0,NORMAL,,,,,,11,3,1,3,Winter,1,1.0,0.0,0.30000000000000426,AWS_VABO,105.10134325016924,-4.0,0.0,4.700000000000003,100.0,0,0.02
2025-01-03 11:30:00,AWS_VAAH,Ahmedabad / Sardar Vallabhbhai Patel Intl,Ahmedabad,Gujarat,23.0772,72.6346,55.0,24.0,1016.93,44.0,NOAA/NWS ASOS via IEM Archive (provided source file),0,NORMAL,,,,,,11,3,1,3,Winter,1,1.0,0.0,-2.700000000000003,AWS_VABO,105.10134325016924,-3.0,1.009999999999991,4.700000000000003,100.0,0,0.02
2025-01-03 12:00:00,AWS_VAAH,Ahmedabad / Sardar Vallabhbhai Patel Intl,Ahmedabad,Gujarat,23.0772,72.6346,55.0,24.0,1016.93,44.0,NOAA/NWS ASOS via IEM Archive (provided source file),0,NORMAL,,,,,,12,3,1,3,Winter,1,0.0,0.0,0.0,AWS_VABO,105.10134325016924,-5.0,1.009999999999991,9.0,100.0,0,0.02
2025-01-03 12:30:00,AWS_VAAH,Ahmedabad / Sardar Vallabhbhai Patel Intl,Ahmedabad,Gujarat,23.0772,72.6346,55.0,25.0,1015.92,41.4,NOAA/NWS ASOS via IEM Archive (provided source file),0,NORMAL,,,,,,12,3,1,3,Winter,1,1.0,-1.009999999999991,-2.6000000000000014,AWS_VABO,105.10134325016924,-5.0,1.0199999999999818,8.399999999999999,100.0,0,0.02
2025-01-03 13:00:00,AWS_VAAH,Ahmedabad / Sardar Vallabhbhai Patel Intl,Ahmedabad,Gujarat,23.0772,72.6346,55.0,26.0,1014.9,41.7,NOAA/NWS ASOS via IEM Archive (provided source file),0,NORMAL,,,,,,13,3,1,3,Winter,1,1.0,-1.0199999999999818,0.30000000000000426,AWS_VABO,105.10134325016924,-4.0,0.0,10.800000000000004,100.0,0,0.02
2025-01-03 13:30:00,AWS_VAAH,Ahmedabad / Sardar Vallabhbhai Patel Intl,Ahmedabad,Gujarat,23.0772,72.6346,55.0,27.0,1014.9,36.8,NOAA/NWS ASOS via IEM Archive (provided source file),0,NORMAL,,,,,,13,3,1,3,Winter,1,1.0,0.0,-4.900000000000006,AWS_VABO,105.10134325016924,-4.0,1.0199999999999818,7.599999999999998,100.0,0,0.02
2025-01-03 14:00:00,AWS_VAAH,Ahmedabad / Sardar Vallabhbhai Patel Intl,Ahmedabad,Gujarat,23.0772,72.6346,55.0,28.0,1013.88,32.5,NOAA/NWS ASOS via IEM Archive (provided source file),0,NORMAL,,,,,,14,3,1,3,Winter,1,1.0,-1.0199999999999818,-4.299999999999997,AWS_VABO,105.10134325016924,-3.0,0.0,3.3000000000000007,100.0,0,0.02
2025-01-03 14:30:00,AWS_VAAH,Ahmedabad / Sardar Vallabhbhai Patel Intl,Ahmedabad,Gujarat,23.0772,72.6346,55.0,29.0,1013.88,30.6,NOAA/NWS ASOS via IEM Archive (provided source file),0,NORMAL,,,,,,14,3,1,3,Winter,1,1.0,0.0,-1.8999999999999986,AWS_VABO,105.10134325016924,-2.0,1.009999999999991,-0.5999999999999979,100.0,0,0.02
2025-01-03 15:00:00,AWS_VAAH,Ahmedabad / Sardar Vallabhbhai Patel Intl,Ahmedabad,Gujarat,23.0772,72.6346,55.0,29.0,1013.88,30.6,NOAA/NWS ASOS via IEM Archive (provided source file),0,NORMAL,,,,,,15,3,1,3,Winter,1,0.0,0.0,0.0,AWS_VABO,105.10134325016924,-2.0,1.009999999999991,1.4000000000000021,100.0,0,0.02
2025-01-03 15:30:00,AWS_VAAH,Ahmedabad / Sardar Vallabhbhai Patel Intl,Ahmedabad,Gujarat,23.0772,72.6346,55.0,30.0,1012.87,23.6,NOAA/NWS ASOS via IEM Archive (provided source file),0,NORMAL,,,,,,15,3,1,3,Winter,1,1.0,-1.009999999999991,-7.0,AWS_VABO,105.10134325016924,-2.0,0.0,-4.0,100.0,0,0.02
2025-01-03 16:00:00,AWS_VAAH,Ahmedabad / Sardar Vallabhbhai Patel Intl,Ahmedabad,Gujarat,23.0772,72.6346,55.0,30.0,1012.87,27.0,NOAA/NWS ASOS via IEM Archive (provided source file),0,NORMAL,,,,,,16,3,1,3,Winter,1,0.0,0.0,3.3999999999999986,AWS_VABO,105.10134325016924,-2.0,0.0,-4.399999999999999,100.0,0,0.02
2025-01-03 16:30:00,AWS_VAAH,Ahmedabad / Sardar Vallabhbhai Patel Intl,Ahmedabad,Gujarat,23.0772,72.6346,55.0,29.0,1012.87,30.6,NOAA/NWS ASOS via IEM Archive (provided source file),0,NORMAL,,,,,,16,3,1,3,Winter,1,-1.0,0.0,3.6000000000000014,AWS_VABO,105.10134325016924,-2.0,0.0,-4.899999999999999,100.0,0,0.02
2025-01-03 17:00:00,AWS_VAAH,Ahmedabad / Sardar Vallabhbhai Patel Intl,Ahmedabad,Gujarat,23.0772,72.6346,55.0,29.0,1012.87,32.7,NOAA/NWS ASOS via IEM Archive (provided source file),0,NORMAL,,,,,,17,3,1,3,Winter,1,0.0,0.0,2.1000000000000014,AWS_VABO,105.10134325016924,-1.0,0.0,-4.899999999999999,100.0,0,0.02
2025-01-03 17:30:00,AWS_VAAH,Ahmedabad / Sardar Vallabhbhai Patel Intl,Ahmedabad,Gujarat,23.0772,72.6346,55.0,28.0,1012.87,32.5,NOAA/NWS ASOS via IEM Archive (provided source file),0,NORMAL,,,,,,17,3,1,3,Winter,1,-1.0,0.0,-0.20000000000000284,AWS_VABO,105.10134325016924,-1.0,0.0,-7.399999999999999,100.0,0,0.02
2025-01-03 18:00:00,AWS_VAAH,Ahmedabad / Sardar Vallabhbhai Patel Intl,Ahmedabad,Gujarat,23.0772,72.6346,55.0,27.0,1012.87,36.8,NOAA/NWS ASOS via IEM Archive (provided source file),0,NORMAL,,,,,,18,3,1,3,Winter,0,-1.0,0.0,4.299999999999997,AWS_VABO,105.10134325016924,0.0,0.0,-11.0,100.0,0,0.02
2025-01-03 18:30:00,AWS_VAAH,Ahmedabad / Sardar Vallabhbhai Patel Intl,Ahmedabad,Gujarat,23.0772,72.6346,55.0,25.0,1012.87,41.4,NOAA/NWS ASOS via IEM Archive (provided source file),0,NORMAL,,,,,,18,3,1,3,Winter,0,-2.0,0.0,4.600000000000001,AWS_VABO,105.10134325016924,,,,100.0,0,0.02
2025-01-03 19:00:00,AWS_VAAH,Ahmedabad / Sardar Vallabhbhai Patel Intl,Ahmedabad,Gujarat,23.0772,72.6346,55.0,24.0,1012.87,47.0,NOAA/NWS ASOS via IEM Archive (provided source file),0,NORMAL,,,,,,19,3,1,3,Winter,0,-1.0,0.0,5.600000000000001,AWS_VABO,105.10134325016924,,,,100.0,0,0.02
2025-01-03 19:30:00,AWS_VAAH,Ahmedabad / Sardar Vallabhbhai Patel Intl,Ahmedabad,Gujarat,23.0772,72.6346,55.0,23.0,1013.88,49.9,NOAA/NWS ASOS via IEM Archive (provided source file),0,NORMAL,,,,,,19,3,1,3,Winter,0,-1.0,1.009999999999991,2.8999999999999986,AWS_VABO,105.10134325016924,0.0,1.009999999999991,-7.0,100.0,0,0.02
2025-01-03 20:00:00,AWS_VAAH,Ahmedabad / Sardar Vallabhbhai Patel Intl,Ahmedabad,Gujarat,23.0772,72.6346,55.0,23.0,1013.88,53.3,NOAA/NWS ASOS via IEM Archive (provided source file),0,NORMAL,,,,,,20,3,1,3,Winter,0,0.0,0.0,3.3999999999999986,AWS_VABO,105.10134325016924,0.0,0.0,-3.6000000000000014,100.0,0,0.02
2025-01-03 20:30:00,AWS_VAAH,Ahmedabad / Sardar Vallabhbhai Patel Intl,Ahmedabad,Gujarat,23.0772,72.6346,55.0,23.0,1013.88,49.9,NOAA/NWS ASOS via IEM Archive (provided source file),0,NORMAL,,,,,,20,3,1,3,Winter,0,0.0,0.0,-3.3999999999999986,AWS_VABO,105.10134325016924,1.0,0.0,-10.5,100.0,0,0.02
2025-01-03 21:30:00,AWS_VAAH,Ahmedabad / Sardar Vallabhbhai Patel Intl,Ahmedabad,Gujarat,23.0772,72.6346,55.0,21.0,1013.88,56.4,NOAA/NWS ASOS via IEM Archive (provided source file),0,NORMAL,,,,,,21,3,1,3,Winter,0,-2.0,0.0,6.5,AWS_VABO,105.10134325016924,2.0,0.0,-16.300000000000004,100.0,0,0.02
2025-01-03 22:00:00,AWS_VAAH,Ahmedabad / Sardar Vallabhbhai Patel Intl,Ahmedabad,Gujarat,23.0772,72.6346,55.0,21.0,1013.88,60.2,NOAA/NWS ASOS via IEM Archive (provided source file),0,NORMAL,,,,,,22,3,1,3,Winter,0,0.0,0.0,3.8000000000000043,AWS_VABO,105.10134325016924,2.0,0.0,-12.5,100.0,0,0.02
2025-01-03 22:30:00,AWS_VAAH,Ahmedabad / Sardar Vallabhbhai Patel Intl,Ahmedabad,Gujarat,23.0772,72.6346,55.0,21.0,1013.88,60.2,NOAA/NWS ASOS via IEM Archive (provided source file),0,NORMAL,,,,,,22,3,1,3,Winter,0,0.0,0.0,0.0,AWS_VABO,105.10134325016924,3.0,0.0,-17.200000000000003,100.0,0,0.02
2025-01-03 23:00:00,AWS_VAAH,Ahmedabad / Sardar Vallabhbhai Patel Intl,Ahmedabad,Gujarat,23.0772,72.6346,55.0,19.0,1013.88,68.2,NOAA/NWS ASOS via IEM Archive (provided source file),0,NORMAL,,,,,,23,3,1,3,Winter,0,-2.0,0.0,8.0,AWS_VABO,105.10134325016924,,,,100.0,0,0.02
2025-01-03 23:30:00,AWS_VAAH,Ahmedabad / Sardar Vallabhbhai Patel Intl,Ahmedabad,Gujarat,23.0772,72.6346,55.0,19.0,1013.88,72.7,NOAA/NWS ASOS via IEM Archive (provided source file),0,NORMAL,,,,,,23,3,1,3,Winter,0,0.0,0.0,4.5,AWS_VABO,105.10134325016924,,,,100.0,0,0.02
2025-01-04 00:00:00,AWS_VAAH,Ahmedabad / Sardar Vallabhbhai Patel Intl,Ahmedabad,Gujarat,23.0772,72.6346,55.0,20.0,1013.88,64.0,NOAA/NWS ASOS via IEM Archive (provided source file),0,NORMAL,,,,,,0,4,1,4,Winter,0,1.0,0.0,-8.700000000000003,AWS_VABO,105.10134325016924,,,,100.0,0,0.02
2025-01-04 00:30:00,AWS_VAAH,Ahmedabad / Sardar Vallabhbhai Patel Intl,Ahmedabad,Gujarat,23.0772,72.6346,55.0,18.0,1013.88,77.4,NOAA/NWS ASOS via IEM Archive (provided source file),0,NORMAL,,,,,,0,4,1,4,Winter,0,-2.0,0.0,13.400000000000006,AWS_VABO,105.10134325016924,,,,100.0,0,0.02
2025-01-04 01:00:00,AWS_VAAH,Ahmedabad / Sardar Vallabhbhai Patel Intl,Ahmedabad,Gujarat,23.0772,72.6346,55.0,18.0,1013.88,72.6,NOAA/NWS ASOS via IEM Archive (provided source file),0,NORMAL,,,,,,1,4,1,4,Winter,0,0.0,0.0,-4.800000000000011,AWS_VABO,105.10134325016924,,,,100.0,0,0.02
2025-01-04 01:30:00,AWS_VAAH,Ahmedabad / Sardar Vallabhbhai Patel Intl,Ahmedabad,Gujarat,23.0772,72.6346,55.0,17.0,1012.87,77.3,NOAA/NWS ASOS via IEM Archive (provided source file),0,NORMAL,,,,,,1,4,1,4,Winter,0,-1.0,-1.009999999999991,4.700000000000003,AWS_VABO,105.10134325016924,,,,100.0,0,0.02
2025-01-04 02:00:00,AWS_VAAH,Ahmedabad / Sardar Vallabhbhai Patel Intl,Ahmedabad,Gujarat,23.0772,72.6346,55.0,18.0,1012.87,68.0,NOAA/NWS ASOS via IEM Archive (provided source file),0,NORMAL,,,,,,2,4,1,4,Winter,0,1.0,0.0,-9.299999999999997,AWS_VABO,105.10134325016924,,,,100.0,0,0.02
2025-01-04 02:30:00,AWS_VAAH,Ahmedabad / Sardar Vallabhbhai Patel Intl,Ahmedabad,Gujarat,23.0772,72.6346,55.0,17.0,1012.87,77.3,NOAA/NWS ASOS via IEM Archive (provided source file),0,NORMAL,,,,,,2,4,1,4,Winter,0,-1.0,0.0,9.299999999999997,AWS_VABO,105.10134325016924,,,,100.0,0,0.02
2025-01-04 03:00:00,AWS_VAAH,Ahmedabad / Sardar Vallabhbhai Patel Intl,Ahmedabad,Gujarat,23.0772,72.6346,55.0,16.0,1012.87,82.4,NOAA/NWS ASOS via IEM Archive (provided source file),0,NORMAL,,,,,,3,4,1,4,Winter,0,-1.0,0.0,5.1000000000000085,AWS_VABO,105.10134325016924,,,,100.0,0,0.02
2025-01-04 03:30:00,AWS_VAAH,Ahmedabad / Sardar Vallabhbhai Patel Intl,Ahmedabad,Gujarat,23.0772,72.6346,55.0,16.0,1012.87,77.1,NOAA/NWS ASOS via IEM Archive (provided source file),0,NORMAL,,,,,,3,4,1,4,Winter,0,0.0,0.0,-5.300000000000011,AWS_VABO,105.10134325016924,,,,100.0,0,0.02
2025-01-04 04:00:00,AWS_VAAH,Ahmedabad / Sardar Vallabhbhai Patel Intl,Ahmedabad,Gujarat,23.0772,72.6346,55.0,17.0,1012.87,72.4,NOAA/NWS ASOS via IEM Archive (provided source file),0,NORMAL,,,,,,4,4,1,4,Winter,0,1.0,0.0,-4.699999999999989,AWS_VABO,105.10134325016924,,,,100.0,0,0.02
2025-01-04 04:30:00,AWS_VAAH,Ahmedabad / Sardar Vallabhbhai Patel Intl,Ahmedabad,Gujarat,23.0772,72.6346,55.0,17.0,1012.87,67.8,NOAA/NWS ASOS via IEM Archive (provided source file),0,NORMAL,,,,,,4,4,1,4,Winter,0,0.0,0.0,-4.6000000000000085,AWS_VABO,105.10134325016924,3.0,1.0199999999999818,-19.900000000000006,100.0,0,0.02
2025-01-04 05:00:00,AWS_VAAH,Ahmedabad / Sardar Vallabhbhai Patel Intl,Ahmedabad,Gujarat,23.0772,72.6346,55.0,18.0,1012.87,63.6,NOAA/NWS ASOS via IEM Archive (provided source file),0,NORMAL,,,,,,5,4,1,4,Winter,0,1.0,0.0,-4.199999999999996,AWS_VABO,105.10134325016924,,,,100.0,0,0.02
2025-01-04 05:30:00,AWS_VAAH,Ahmedabad / Sardar Vallabhbhai Patel Intl,Ahmedabad,Gujarat,23.0772,72.6346,55.0,17.0,1012.87,67.8,NOAA/NWS ASOS via IEM Archive (provided source file),0,NORMAL,,,,,,5,4,1,4,Winter,0,-1.0,0.0,4.199999999999996,AWS_VABO,105.10134325016924,3.0,1.0199999999999818,-19.900000000000006,100.0,0,0.02
2025-01-04 06:00:00,AWS_VAAH,Ahmedabad / Sardar Vallabhbhai Patel Intl,Ahmedabad,Gujarat,23.0772,72.6346,55.0,17.0,1012.87,67.8,NOAA/NWS ASOS via IEM Archive (provided source file),0,NORMAL,,,,,,6,4,1,4,Winter,1,0.0,0.0,0.0,AWS_VABO,105.10134325016924,3.0,0.0,-14.299999999999997,100.0,0,0.02
2025-01-04 06:30:00,AWS_VAAH,Ahmedabad / Sardar Vallabhbhai Patel Intl,Ahmedabad,Gujarat,23.0772,72.6346,55.0,16.0,1012.87,72.2,NOAA/NWS ASOS via IEM Archive (provided source file),0,NORMAL,,,,,,6,4,1,4,Winter,1,-1.0,0.0,4.400000000000006,AWS_VABO,105.10134325016924,3.0,0.0,-15.399999999999991,100.0,0,0.02
2025-01-04 07:00:00,AWS_VAAH,Ahmedabad / Sardar Vallabhbhai Patel Intl,Ahmedabad,Gujarat,23.0772,72.6346,55.0,15.0,1013.88,72.0,NOAA/NWS ASOS via IEM Archive (provided source file),0,NORMAL,,,,,,7,4,1,4,Winter,1,-1.0,1.009999999999991,-0.20000000000000284,AWS_VABO,105.10134325016924,1.0,1.009999999999991,-10.099999999999994,100.0,0,0.02
2025-01-04 07:30:00,AWS_VAAH,Ahmedabad / Sardar Vallabhbhai Patel Intl,Ahmedabad,Gujarat,23.0772,72.6346,55.0,15.0,1013.88,77.0,NOAA/NWS ASOS via IEM Archive (provided source file),0,NORMAL,,,,,,7,4,1,4,Winter,1,0.0,0.0,5.0,AWS_VABO,105.10134325016924,2.0,0.0,-10.599999999999994,100.0,0,0.02
2025-01-04 08:00:00,AWS_VAAH,Ahmedabad / Sardar Vallabhbhai Patel Intl,Ahmedabad,Gujarat,23.0772,72.6346,55.0,16.0,1013.88,72.2,NOAA/NWS ASOS via IEM Archive (provided source file),0,NORMAL,,,,,,8,4,1,4,Winter,1,1.0,0.0,-4.799999999999997,AWS_VABO,105.10134325016924,2.0,0.0,-9.899999999999991,100.0,0,0.02
2025-01-04 08:30:00,AWS_VAAH,Ahmedabad / Sardar Vallabhbhai Patel Intl,Ahmedabad,Gujarat,23.0772,72.6346,55.0,17.0,1014.9,72.4,NOAA/NWS ASOS via IEM Archive (provided source file),0,NORMAL,,,,,,8,4,1,4,Winter,1,1.0,1.0199999999999818,0.20000000000000284,AWS_VABO,105.10134325016924,1.0,1.0199999999999818,-4.699999999999989,100.0,0,0.02
2025-01-04 09:00:00,AWS_VAAH,Ahmedabad / Sardar Vallabhbhai Patel Intl,Ahmedabad,Gujarat,23.0772,72.6346,55.0,17.0,1014.9,67.8,NOAA/NWS ASOS via IEM Archive (provided source file),0,NORMAL,,,,,,9,4,1,4,Winter,1,0.0,0.0,-4.6000000000000085,AWS_VABO,105.10134325016924,-2.0,1.0199999999999818,4.0,100.0,0,0.02
2025-01-04 09:30:00,AWS_VAAH,Ahmedabad / Sardar Vallabhbhai Patel Intl,Ahmedabad,Gujarat,23.0772,72.6346,55.0,19.0,1015.92,59.7,NOAA/NWS ASOS via IEM Archive (provided source file),0,NORMAL,,,,,,9,4,1,4,Winter,1,2.0,1.0199999999999818,-8.099999999999994,AWS_VABO,105.10134325016924,-3.0,1.0199999999999818,10.100000000000001,100.0,0,0.02
2025-01-04 10:00:00,AWS_VAAH,Ahmedabad / Sardar Vallabhbhai Patel Intl,Ahmedabad,Gujarat,23.0772,72.6346,55.0,21.0,1015.92,52.8,NOAA/NWS ASOS via IEM Archive (provided source file),0,NORMAL,,,,,,10,4,1,4,Winter,1,2.0,0.0,-6.900000000000006,AWS_VABO,105.10134325016924,-2.0,1.0199999999999818,6.099999999999994,100.0,0,0.02
2025-01-04 10:30:00,AWS_VAAH,Ahmedabad / Sardar Vallabhbhai Patel Intl,Ahmedabad,Gujarat,23.0772,72.6346,55.0,22.0,1015.92,49.6,NOAA/NWS ASOS via IEM Archive (provided source file),0,NORMAL,,,,,,10,4,1,4,Winter,1,1.0,0.0,-3.1999999999999957,AWS_VABO,105.10134325016924,-3.0,1.0199999999999818,8.200000000000003,100.0,0,0.02
2025-01-04 11:00:00,AWS_VAAH,Ahmedabad / Sardar Vallabhbhai Patel Intl,Ahmedabad,Gujarat,23.0772,72.6346,55.0,24.0,1015.92,44.0,NOAA/NWS ASOS via IEM Archive (provided source file),0,NORMAL,,,,,,11,4,1,4,Winter,1,2.0,0.0,-5.600000000000001,AWS_VABO,105.10134325016924,-3.0,1.0199999999999818,4.700000000000003,100.0,0,0.02
2025-01-04 11:30:00,AWS_VAAH,Ahmedabad / Sardar Vallabhbhai Patel Intl,Ahmedabad,Gujarat,23.0772,72.6346,55.0,25.0,1014.9,41.4,NOAA/NWS ASOS via IEM Archive (provided source file),0,NORMAL,,,,,,11,4,1,4,Winter,1,1.0,-1.0199999999999818,-2.6000000000000014,AWS_VABO,105.10134325016924,-3.0,0.0,8.899999999999999,100.0,0,0.02
2025-01-04 12:00:00,AWS_VAAH,Ahmedabad / Sardar Vallabhbhai Patel Intl,Ahmedabad,Gujarat,23.0772,72.6346,55.0,26.0,1014.9,41.7,NOAA/NWS ASOS via IEM Archive (provided source file),0,NORMAL,,,,,,12,4,1,4,Winter,1,1.0,0.0,0.30000000000000426,AWS_VABO,105.10134325016924,-2.0,1.0199999999999818,4.600000000000001,100.0,0,0.02
2025-01-04 12:30:00,AWS_VAAH,Ahmedabad / Sardar Vallabhbhai Patel Intl,Ahmedabad,Gujarat,23.0772,72.6346,55.0,27.0,1013.88,36.8,NOAA/NWS ASOS via IEM Archive (provided source file),0,NORMAL,,,,,,12,4,1,4,Winter,1,1.0,-1.0199999999999818,-4.900000000000006,AWS_VABO,105.10134325016924,-2.0,0.0,1.7999999999999972,100.0,0,0.02
2025-01-04 13:00:00,AWS_VAAH,Ahmedabad / Sardar Vallabhbhai Patel Intl,Ahmedabad,Gujarat,23.0772,72.6346,55.0,28.0,1012.87,37.1,NOAA/NWS ASOS via IEM Archive (provided source file),0,NORMAL,,,,,,13,4,1,4,Winter,1,1.0,-1.009999999999991,0.30000000000000426,AWS_VABO,105.10134325016924,-1.0,0.0,6.5,100.0,0,0.02
2025-01-04 13:30:00,AWS_VAAH,Ahmedabad / Sardar Vallabhbhai Patel Intl,Ahmedabad,Gujarat,23.0772,72.6346,55.0,28.0,1012.87,34.7,NOAA/NWS ASOS via IEM Archive (provided source file),0,NORMAL,,,,,,13,4,1,4,Winter,1,0.0,0.0,-2.3999999999999986,AWS_VABO,105.10134325016924,-2.0,1.0199999999999818,3.8000000000000043,100.0,0,0.02
2025-01-04 14:00:00,AWS_VAAH,Ahmedabad / Sardar Vallabhbhai Patel Intl,Ahmedabad,Gujarat,23.0772,72.6346,55.0,29.0,1012.87,32.7,NOAA/NWS ASOS via IEM Archive (provided source file),0,NORMAL,,,,,,14,4,1,4,Winter,1,1.0,0.0,-2.0,AWS_VABO,105.10134325016924,-1.0,1.0199999999999818,1.8000000000000043,100.0,0,0.02
2025-01-04 14:30:00,AWS_VAAH,Ahmedabad / Sardar Vallabhbhai Patel Intl,Ahmedabad,Gujarat,23.0772,72.6346,55.0,29.0,1011.85,32.7,NOAA/NWS ASOS via IEM Archive (provided source file),0,NORMAL,,,,,,14,4,1,4,Winter,1,0.0,-1.0199999999999818,0.0,AWS_VABO,105.10134325016924,-2.0,0.0,3.5000000000000036,100.0,0,0.02
2025-01-04 15:00:00,AWS_VAAH,Ahmedabad / Sardar Vallabhbhai Patel Intl,Ahmedabad,Gujarat,23.0772,72.6346,55.0,30.0,1010.84,23.6,NOAA/NWS ASOS via IEM Archive (provided source file),0,NORMAL,,,,,,15,4,1,4,Winter,1,1.0,-1.009999999999991,-9.100000000000001,AWS_VABO,105.10134325016924,-1.0,0.0,-5.599999999999998,100.0,0,0.02
2025-01-04 15:30:00,AWS_VAAH,Ahmedabad / Sardar Vallabhbhai Patel Intl,Ahmedabad,Gujarat,23.0772,72.6346,55.0,30.0,1010.84,27.0,NOAA/NWS ASOS via IEM Archive (provided source file),0,NORMAL,,,,,,15,4,1,4,Winter,1,0.0,0.0,3.3999999999999986,AWS_VABO,105.10134325016924,-1.0,0.0,-2.1999999999999993,100.0,0,0.02
2025-01-04 16:00:00,AWS_VAAH,Ahmedabad / Sardar Vallabhbhai Patel Intl,Ahmedabad,Gujarat,23.0772,72.6346,55.0,31.0,1010.84,23.8,NOAA/NWS ASOS via IEM Archive (provided source file),0,NORMAL,,,,,,16,4,1,4,Winter,1,1.0,0.0,-3.1999999999999993,AWS_VABO,105.10134325016924,0.0,0.0,-1.6999999999999993,100.0,0,0.02
2025-01-04 16:30:00,AWS_VAAH,Ahmedabad / Sardar Vallabhbhai Patel Intl,Ahmedabad,Gujarat,23.0772,72.6346,55.0,30.0,1010.84,27.0,NOAA/NWS ASOS via IEM Archive (provided source file),0,NORMAL,,,,,,16,4,1,4,Winter,1,-1.0,0.0,3.1999999999999993,AWS_VABO,105.10134325016924,-1.0,0.0,1.5,100.0,0,0.02
2025-01-04 17:00:00,AWS_VAAH,Ahmedabad / Sardar Vallabhbhai Patel Intl,Ahmedabad,Gujarat,23.0772,72.6346,55.0,29.0,1010.84,28.6,NOAA/NWS ASOS via IEM Archive (provided source file),0,NORMAL,,,,,,17,4,1,4,Winter,1,-1.0,0.0,1.6000000000000014,AWS_VABO,105.10134325016924,-2.0,0.0,3.1000000000000014,100.0,0,0.02
2025-01-04 17:30:00,AWS_VAAH,Ahmedabad / Sardar Vallabhbhai Patel Intl,Ahmedabad,Gujarat,23.0772,72.6346,55.0,28.0,1010.84,32.5,NOAA/NWS ASOS via IEM Archive (provided source file),0,NORMAL,,,,,,17,4,1,4,Winter,1,-1.0,0.0,3.8999999999999986,AWS_VABO,105.10134325016924,-3.0,0.0,5.199999999999999,100.0,0,0.02
2025-01-04 18:00:00,AWS_VAAH,Ahmedabad / Sardar Vallabhbhai Patel Intl,Ahmedabad,Gujarat,23.0772,72.6346,55.0,27.0,1010.84,34.4,NOAA/NWS ASOS via IEM Archive (provided source file),0,NORMAL,,,,,,18,4,1,4,Winter,0,-1.0,0.0,1.8999999999999986,AWS_VABO,105.10134325016924,-1.0,0.0,-2.700000000000003,100.0,0,0.02
2025-01-04 18:30:00,AWS_VAAH,Ahmedabad / Sardar Vallabhbhai Patel Intl,Ahmedabad,Gujarat,23.0772,72.6346,55.0,25.0,1011.85,41.4,NOAA/NWS ASOS via IEM Archive (provided source file),0,NORMAL,,,,,,18,4,1,4,Winter,0,-2.0,1.009999999999991,7.0,AWS_VABO,105.10134325016924,-1.0,1.009999999999991,-3.1000000000000014,100.0,0,0.02
2025-01-04 19:00:00,AWS_VAAH,Ahmedabad / Sardar Vallabhbhai Patel Intl,Ahmedabad,Gujarat,23.0772,72.6346,55.0,25.0,1011.85,41.4,NOAA/NWS ASOS via IEM Archive (provided source file),0,NORMAL,,,,,,19,4,1,4,Winter,0,0.0,0.0,0.0,AWS_VABO,105.10134325016924,0.0,0.0,-5.800000000000004,100.0,0,0.02
2025-01-04 19:30:00,AWS_VAAH,Ahmedabad / Sardar Vallabhbhai Patel Intl,Ahmedabad,Gujarat,23.0772,72.6346,55.0,24.0,1011.85,47.0,NOAA/NWS ASOS via IEM Archive (provided source file),0,NORMAL,,,,,,19,4,1,4,Winter,0,-1.0,0.0,5.600000000000001,AWS_VABO,105.10134325016924,0.0,0.0,-6.600000000000001,100.0,0,0.02
2025-01-04 20:00:00,AWS_VAAH,Ahmedabad / Sardar Vallabhbhai Patel Intl,Ahmedabad,Gujarat,23.0772,72.6346,55.0,22.0,1012.87,56.6,NOAA/NWS ASOS via IEM Archive (provided source file),0,NORMAL,,,,,,20,4,1,4,Winter,0,-2.0,1.0199999999999818,9.600000000000001,AWS_VABO,105.10134325016924,0.0,1.0199999999999818,-3.799999999999997,100.0,0,0.02
2025-01-04 20:30:00,AWS_VAAH,Ahmedabad / Sardar Vallabhbhai Patel Intl,Ahmedabad,Gujarat,23.0772,72.6346,55.0,24.0,1012.87,47.0,NOAA/NWS ASOS via IEM Archive (provided source file),0,NORMAL,,,,,,20,4,1,4,Winter,0,2.0,0.0,-9.600000000000001,AWS_VABO,105.10134325016924,3.0,0.0,-17.299999999999997,100.0,0,0.02
2025-01-04 21:00:00,AWS_VAAH,Ahmedabad / Sardar Vallabhbhai Patel Intl,Ahmedabad,Gujarat,23.0772,72.6346,55.0,22.0,1012.87,56.6,NOAA/NWS ASOS via IEM Archive (provided source file),0,NORMAL,,,,,,21,4,1,4,Winter,0,-2.0,0.0,9.600000000000001,AWS_VABO,105.10134325016924,1.0,0.0,-7.699999999999996,100.0,0,0.02
2025-01-04 21:30:00,AWS_VAAH,Ahmedabad / Sardar Vallabhbhai Patel Intl,Ahmedabad,Gujarat,23.0772,72.6346,55.0,22.0,1012.87,56.6,NOAA/NWS ASOS via IEM Archive (provided source file),0,NORMAL,,,,,,21,4,1,4,Winter,0,0.0,0.0,0.0,AWS_VABO,105.10134325016924,2.0,0.0,-11.800000000000004,100.0,0,0.02
2025-01-04 22:00:00,AWS_VAAH,Ahmedabad / Sardar Vallabhbhai Patel Intl,Ahmedabad,Gujarat,23.0772,72.6346,55.0,21.0,1012.87,64.3,NOAA/NWS ASOS via IEM Archive (provided source file),0,NORMAL,,,,,,22,4,1,4,Winter,0,-1.0,0.0,7.699999999999996,AWS_VABO,105.10134325016924,1.0,0.0,-4.1000000000000085,100.0,0,0.02
2025-01-04 22:30:00,AWS_VAAH,Ahmedabad / Sardar Vallabhbhai Patel Intl,Ahmedabad,Gujarat,23.0772,72.6346,55.0,21.0,1013.88,64.3,NOAA/NWS ASOS via IEM Archive (provided source file),0,NORMAL,,,,,,22,4,1,4,Winter,0,0.0,1.009999999999991,0.0,AWS_VABO,105.10134325016924,,,,100.0,0,0.02
2025-01-04 23:00:00,AWS_VAAH,Ahmedabad / Sardar Vallabhbhai Patel Intl,Ahmedabad,Gujarat,23.0772,72.6346,55.0,21.0,1012.87,64.3,NOAA/NWS ASOS via IEM Archive (provided source file),0,NORMAL,,,,,,23,4,1,4,Winter,0,0.0,-1.009999999999991,0.0,AWS_VABO,105.10134325016924,,,,100.0,0,0.02
2025-01-04 23:30:00,AWS_VAAH,Ahmedabad / Sardar Vallabhbhai Patel Intl,Ahmedabad,Gujarat,23.0772,72.6346,55.0,21.0,1012.87,64.3,NOAA/NWS ASOS via IEM Archive (provided source file),0,NORMAL,,,,,,23,4,1,4,Winter,0,0.0,0.0,0.0,AWS_VABO,105.10134325016924,,,,100.0,0,0.02
2025-01-05 00:00:00,AWS_VAAH,Ahmedabad / Sardar Vallabhbhai Patel Intl,Ahmedabad,Gujarat,23.0772,72.6346,55.0,21.0,1012.87,64.3,NOAA/NWS ASOS via IEM Archive (provided source file),0,NORMAL,,,,,,0,5,1,5,Winter,0,0.0,0.0,0.0,AWS_VABO,105.10134325016924,,,,100.0,0,0.02
2025-01-05 00:30:00,AWS_VAAH,Ahmedabad / Sardar Vallabhbhai Patel Intl,Ahmedabad,Gujarat,23.0772,72.6346,55.0,20.0,1012.87,68.4,NOAA/NWS ASOS via IEM Archive (provided source file),0,NORMAL,,,,,,0,5,1,5,Winter,0,-1.0,0.0,4.1000000000000085,AWS_VABO,105.10134325016924,,,,100.0,0,0.02
2025-01-05 01:00:00,AWS_VAAH,Ahmedabad / Sardar Vallabhbhai Patel Intl,Ahmedabad,Gujarat,23.0772,72.6346,55.0,18.0,1012.87,77.4,NOAA/NWS ASOS via IEM Archive (provided source file),0,NORMAL,,,,,,1,5,1,5,Winter,0,-2.0,0.0,9.0,AWS_VABO,105.10134325016924,,,,100.0,0,0.02
2025-01-05 01:30:00,AWS_VAAH,Ahmedabad / Sardar Vallabhbhai Patel Intl,Ahmedabad,Gujarat,23.0772,72.6346,55.0,19.0,1011.85,72.7,NOAA/NWS ASOS via IEM Archive (provided source file),0,NORMAL,,,,,,1,5,1,5,Winter,0,1.0,-1.0199999999999818,-4.700000000000003,AWS_VABO,105.10134325016924,,,,100.0,0,0.02
2025-01-05 02:00:00,AWS_VAAH,Ahmedabad / Sardar Vallabhbhai Patel Intl,Ahmedabad,Gujarat,23.0772,72.6346,55.0,18.0,1011.85,72.6,NOAA/NWS ASOS via IEM Archive (provided source file),0,NORMAL,,,,,,2,5,1,5,Winter,0,-1.0,0.0,-0.10000000000000853,AWS_VABO,105.10134325016924,,,,100.0,0,0.02
2025-01-05 02:30:00,AWS_VAAH,Ahmedabad / Sardar Vallabhbhai Patel Intl,Ahmedabad,Gujarat,23.0772,72.6346,55.0,18.0,1011.85,72.6,NOAA/NWS ASOS via IEM Archive (provided source file),0,NORMAL,,,,,,2,5,1,5,Winter,0,0.0,0.0,0.0,AWS_VABO,105.10134325016924,,,,100.0,0,0.02
2025-01-05 03:00:00,AWS_VAAH,Ahmedabad / Sardar Vallabhbhai Patel Intl,Ahmedabad,Gujarat,23.0772,72.6346,55.0,18.0,1011.85,72.6,NOAA/NWS ASOS via IEM Archive (provided source file),0,NORMAL,,,,,,3,5,1,5,Winter,0,0.0,0.0,0.0,AWS_VABO,105.10134325016924,,,,100.0,0,0.02
2025-01-05 03:30:00,AWS_VAAH,Ahmedabad / Sardar Vallabhbhai Patel Intl,Ahmedabad,Gujarat,23.0772,72.6346,55.0,18.0,1011.85,72.6,NOAA/NWS ASOS via IEM Archive (provided source file),0,NORMAL,,,,,,3,5,1,5,Winter,0,0.0,0.0,0.0,AWS_VABO,105.10134325016924,,,,100.0,0,0.02
2025-01-05 04:00:00,AWS_VAAH,Ahmedabad / Sardar Vallabhbhai Patel Intl,Ahmedabad,Gujarat,23.0772,72.6346,55.0,18.0,1011.85,68.0,NOAA/NWS ASOS via IEM Archive (provided source file),0,NORMAL,,,,,,4,5,1,5,Winter,0,0.0,0.0,-4.599999999999994,AWS_VABO,105.10134325016924,,,,100.0,0,0.02
2025-01-05 04:30:00,AWS_VAAH,Ahmedabad / Sardar Vallabhbhai Patel Intl,Ahmedabad,Gujarat,23.0772,72.6346,55.0,18.0,1011.85,68.0,NOAA/NWS ASOS via IEM Archive (provided source file),0,NORMAL,,,,,,4,5,1,5,Winter,0,0.0,0.0,0.0,AWS_VABO,105.10134325016924,1.0,1.009999999999991,-9.299999999999997,100.0,0,0.02
2025-01-01 00:00:00,AWS_VABB,Mumbai / Chhatrapati Shivaji Maharaj Intl,Mumbai,Maharashtra,19.1005,72.8585,8.0,28.0,1014.9,54.6,NOAA/NWS ASOS via IEM Archive (provided source file),0,NORMAL,,,,,,0,1,1,1,Winter,0,,,,AWS_VABO,361.9683694910127,,,,100.0,0,0.02
2025-01-01 00:30:00,AWS_VABB,Mumbai / Chhatrapati Shivaji Maharaj Intl,Mumbai,Maharashtra,19.1005,72.8585,8.0,27.0,1013.88,61.6,NOAA/NWS ASOS via IEM Archive (provided source file),0,NORMAL,,,,,,0,1,1,1,Winter,0,-1.0,-1.0199999999999818,7.0,AWS_VABO,361.9683694910127,,,,100.0,0,0.02
2025-01-01 01:00:00,AWS_VABB,Mumbai / Chhatrapati Shivaji Maharaj Intl,Mumbai,Maharashtra,19.1005,72.8585,8.0,27.0,1013.88,61.6,NOAA/NWS ASOS via IEM Archive (provided source file),0,NORMAL,,,,,,1,1,1,1,Winter,0,0.0,0.0,0.0,AWS_VABO,361.9683694910127,,,,100.0,0,0.02
2025-01-01 01:30:00,AWS_VABB,Mumbai / Chhatrapati Shivaji Maharaj Intl,Mumbai,Maharashtra,19.1005,72.8585,8.0,27.0,1013.88,61.6,NOAA/NWS ASOS via IEM Archive (provided source file),0,NORMAL,,,,,,1,1,1,1,Winter,0,0.0,0.0,0.0,AWS_VABO,361.9683694910127,,,,100.0,0,0.02
2025-01-01 02:00:00,AWS_VABB,Mumbai / Chhatrapati Shivaji Maharaj Intl,Mumbai,Maharashtra,19.1005,72.8585,8.0,27.0,1012.87,61.6,NOAA/NWS ASOS via IEM Archive (provided source file),0,NORMAL,,,,,,2,1,1,1,Winter,0,0.0,-1.009999999999991,0.0,AWS_VABO,361.9683694910127,,,,100.0,0,0.02
2025-01-01 02:30:00,AWS_VABB,Mumbai / Chhatrapati Shivaji Maharaj Intl,Mumbai,Maharashtra,19.1005,72.8585,8.0,27.0,1012.87,61.6,NOAA/NWS ASOS via IEM Archive (provided source file),0,NORMAL,,,,,,2,1,1,1,Winter,0,0.0,0.0,0.0,AWS_VABO,361.9683694910127,,,,100.0,0,0.02
2025-01-01 03:00:00,AWS_VABB,Mumbai / Chhatrapati Shivaji Maharaj Intl,Mumbai,Maharashtra,19.1005,72.8585,8.0,26.0,1012.87,65.3,NOAA/NWS ASOS via IEM Archive (provided source file),0,NORMAL,,,,,,3,1,1,1,Winter,0,-1.0,0.0,3.6999999999999957,AWS_VABO,361.9683694910127,,,,100.0,0,0.02
2025-01-01 03:30:00,AWS_VABB,Mumbai / Chhatrapati Shivaji Maharaj Intl,Mumbai,Maharashtra,19.1005,72.8585,8.0,26.0,1012.87,65.3,NOAA/NWS ASOS via IEM Archive (provided source file),0,NORMAL,,,,,,3,1,1,1,Winter,0,0.0,0.0,0.0,AWS_VABO,361.9683694910127,,,,100.0,0,0.02
2025-01-01 04:00:00,AWS_VABB,Mumbai / Chhatrapati Shivaji Maharaj Intl,Mumbai,Maharashtra,19.1005,72.8585,8.0,24.0,1012.87,73.6,NOAA/NWS ASOS via IEM Archive (provided source file),0,NORMAL,,,,,,4,1,1,1,Winter,0,-2.0,0.0,8.299999999999997,AWS_VABO,361.9683694910127,,,,100.0,0,0.02
2025-01-01 04:30:00,AWS_VABB,Mumbai / Chhatrapati Shivaji Maharaj Intl,Mumbai,Maharashtra,19.1005,72.8585,8.0,26.0,1012.87,65.3,NOAA/NWS ASOS via IEM Archive (provided source file),0,NORMAL,,,,,,4,1,1,1,Winter,0,2.0,0.0,-8.299999999999997,AWS_VABO,361.9683694910127,10.0,-1.009999999999991,-28.5,100.0,0,0.02
2025-01-01 05:00:00,AWS_VABB,Mumbai / Chhatrapati Shivaji Maharaj Intl,Mumbai,Maharashtra,19.1005,72.8585,8.0,26.0,1012.87,65.3,NOAA/NWS ASOS via IEM Archive (provided source file),0,NORMAL,,,,,,5,1,1,1,Winter,0,0.0,0.0,0.0,AWS_VABO,361.9683694910127,,,,100.0,0,0.02
2025-01-01 05:30:00,AWS_VABB,Mumbai / Chhatrapati Shivaji Maharaj Intl,Mumbai,Maharashtra,19.1005,72.8585,8.0,25.0,1012.87,69.3,NOAA/NWS ASOS via IEM Archive (provided source file),0,NORMAL,,,,,,5,1,1,1,Winter,0,-1.0,0.0,4.0,AWS_VABO,361.9683694910127,10.0,-1.009999999999991,-24.400000000000006,100.0,0,0.02
2025-01-01 06:00:00,AWS_VABB,Mumbai / Chhatrapati Shivaji Maharaj Intl,Mumbai,Maharashtra,19.1005,72.8585,8.0,25.0,1012.87,69.3,NOAA/NWS ASOS via IEM Archive (provided source file),0,NORMAL,,,,,,6,1,1,1,Winter,1,0.0,0.0,0.0,AWS_VABO,361.9683694910127,10.0,-2.0299999999999727,-24.400000000000006,100.0,0,0.02
2025-01-01 06:30:00,AWS_VABB,Mumbai / Chhatrapati Shivaji Maharaj Intl,Mumbai,Maharashtra,19.1005,72.8585,8.0,25.0,1012.87,65.1,NOAA/NWS ASOS via IEM Archive (provided source file),0,NORMAL,,,,,,6,1,1,1,Winter,1,0.0,0.0,-4.200000000000003,AWS_VABO,361.9683694910127,10.0,-2.0299999999999727,-28.60000000000001,100.0,0,0.02
2025-01-01 07:00:00,AWS_VABB,Mumbai / Chhatrapati Shivaji Maharaj Intl,Mumbai,Maharashtra,19.1005,72.8585,8.0,25.0,1013.88,65.1,NOAA/NWS ASOS via IEM Archive (provided source file),0,NORMAL,,,,,,7,1,1,1,Winter,1,0.0,1.009999999999991,0.0,AWS_VABO,361.9683694910127,10.0,-1.0199999999999818,-28.60000000000001,100.0,0,0.02
2025-01-01 07:30:00,AWS_VABB,Mumbai / Chhatrapati Shivaji Maharaj Intl,Mumbai,Maharashtra,19.1005,72.8585,8.0,25.0,1013.88,65.1,NOAA/NWS ASOS via IEM Archive (provided source file),0,NORMAL,,,,,,7,1,1,1,Winter,1,0.0,0.0,0.0,AWS_VABO,361.9683694910127,10.0,-1.0199999999999818,-28.60000000000001,100.0,0,0.02
2025-01-01 08:00:00,AWS_VABB,Mumbai / Chhatrapati Shivaji Maharaj Intl,Mumbai,Maharashtra,19.1005,72.8585,8.0,25.0,1013.88,65.1,NOAA/NWS ASOS via IEM Archive (provided source file),0,NORMAL,,,,,,8,1,1,1,Winter,1,0.0,0.0,0.0,AWS_VABO,361.9683694910127,10.0,-2.0399999999999636,-34.900000000000006,100.0,0,0.02
2025-01-01 08:30:00,AWS_VABB,Mumbai / Chhatrapati Shivaji Maharaj Intl,Mumbai,Maharashtra,19.1005,72.8585,8.0,26.0,1014.9,61.4,NOAA/NWS ASOS via IEM Archive (provided source file),0,NORMAL,,,,,,8,1,1,1,Winter,1,1.0,1.0199999999999818,-3.6999999999999957,AWS_VABO,361.9683694910127,10.0,-1.0199999999999818,-32.4,100.0,0,0.02
2025-01-01 09:00:00,AWS_VABB,Mumbai / Chhatrapati Shivaji Maharaj Intl,Mumbai,Maharashtra,19.1005,72.8585,8.0,27.0,1014.9,57.8,NOAA/NWS ASOS via IEM Archive (provided source file),0,NORMAL,,,,,,9,1,1,1,Winter,1,1.0,0.0,-3.6000000000000014,AWS_VABO,361.9683694910127,9.0,-2.0299999999999727,-30.299999999999997,100.0,0,0.02
2025-01-01 09:30:00,AWS_VABB,Mumbai / Chhatrapati Shivaji Maharaj Intl,Mumbai,Maharashtra,19.1005,72.8585,8.0,27.0,1015.92,57.8,NOAA/NWS ASOS via IEM Archive (provided source file),0,NORMAL,,,,,,9,1,1,1,Winter,1,0.0,1.0199999999999818,0.0,AWS_VABO,361.9683694910127,8.0,-1.009999999999991,-24.900000000000006,100.0,0,0.02
2025-01-01 10:00:00,AWS_VABB,Mumbai / Chhatrapati Shivaji Maharaj Intl,Mumbai,Maharashtra,19.1005,72.8585,8.0,28.0,1015.92,54.6,NOAA/NWS ASOS via IEM Archive (provided source file),0,NORMAL,,,,,,10,1,1,1,Winter,1,1.0,0.0,-3.1999999999999957,AWS_VABO,361.9683694910127,7.0,-1.009999999999991,-23.300000000000004,100.0,0,0.02
2025-01-01 10:30:00,AWS_VABB,Mumbai / Chhatrapati Shivaji Maharaj Intl,Mumbai,Maharashtra,19.1005,72.8585,8.0,29.0,1015.92,51.5,NOAA/NWS ASOS via IEM Archive (provided source file),0,NORMAL,,,,,,10,1,1,1,Winter,1,1.0,0.0,-3.1000000000000014,AWS_VABO,361.9683694910127,6.0,-1.009999999999991,-17.400000000000006,100.0,0,0.02
2025-01-01 11:00:00,AWS_VABB,Mumbai / Chhatrapati Shivaji Maharaj Intl,Mumbai,Maharashtra,19.1005,72.8585,8.0,29.0,1015.92,51.5,NOAA/NWS ASOS via IEM Archive (provided source file),0,NORMAL,,,,,,11,1,1,1,Winter,1,0.0,0.0,0.0,AWS_VABO,361.9683694910127,5.0,-1.009999999999991,-13.400000000000006,100.0,0,0.02
2025-01-01 11:30:00,AWS_VABB,Mumbai / Chhatrapati Shivaji Maharaj Intl,Mumbai,Maharashtra,19.1005,72.8585,8.0,30.0,1014.9,83.6,NOAA/NWS ASOS via IEM Archive (provided source file),1,SPIKE,spike,MEDIUM,relative_humidity_pct,controlled_fault_injection,Sudden RH sensor spike.,11,1,1,1,Winter,1,1.0,-1.0199999999999818,32.099999999999994,AWS_VABO,361.9683694910127,5.0,-2.0299999999999727,18.5,91.0,0,0.095
2025-01-01 12:00:00,AWS_VABB,Mumbai / Chhatrapati Shivaji Maharaj Intl,Mumbai,Maharashtra,19.1005,72.8585,8.0,31.0,1014.9,43.1,NOAA/NWS ASOS via IEM Archive (provided source file),0,NORMAL,,,,,,12,1,1,1,Winter,1,1.0,0.0,-40.49999999999999,AWS_VABO,361.9683694910127,4.0,-1.0199999999999818,-14.699999999999996,98.0,0,0.06
2025-01-01 12:30:00,AWS_VABB,Mumbai / Chhatrapati Shivaji Maharaj Intl,Mumbai,Maharashtra,19.1005,72.8585,8.0,31.0,1013.88,43.1,NOAA/NWS ASOS via IEM Archive (provided source file),0,NORMAL,,,,,,12,1,1,1,Winter,1,0.0,-1.0199999999999818,0.0,AWS_VABO,361.9683694910127,4.0,-2.0399999999999636,-14.699999999999996,98.0,0,0.06
2025-01-01 13:00:00,AWS_VABB,Mumbai / Chhatrapati Shivaji Maharaj Intl,Mumbai,Maharashtra,19.1005,72.8585,8.0,31.0,1013.88,43.1,NOAA/NWS ASOS via IEM Archive (provided source file),0,NORMAL,,,,,,13,1,1,1,Winter,1,0.0,0.0,0.0,AWS_VABO,361.9683694910127,3.0,-1.0199999999999818,-11.5,98.0,0,0.06
2025-01-01 13:30:00,AWS_VABB,Mumbai / Chhatrapati Shivaji Maharaj Intl,Mumbai,Maharashtra,19.1005,72.8585,8.0,32.0,1012.87,38.2,NOAA/NWS ASOS via IEM Archive (provided source file),0,NORMAL,,,,,,13,1,1,1,Winter,1,1.0,-1.009999999999991,-4.899999999999999,AWS_VABO,361.9683694910127,3.0,-1.009999999999991,-4.299999999999997,98.0,0,0.06
2025-01-01 14:00:00,AWS_VABB,Mumbai / Chhatrapati Shivaji Maharaj Intl,Mumbai,Maharashtra,19.1005,72.8585,8.0,32.0,1011.85,38.2,NOAA/NWS ASOS via IEM Archive (provided source file),0,NORMAL,,,,,,14,1,1,1,Winter,1,0.0,-1.0199999999999818,0.0,AWS_VABO,361.9683694910127,2.0,-2.0299999999999727,-4.599999999999994,98.0,0,0.06
2025-01-01 14:30:00,AWS_VABB,Mumbai / Chhatrapati Shivaji Maharaj Intl,Mumbai,Maharashtra,19.1005,72.8585,8.0,33.0,1011.85,36.1,NOAA/NWS ASOS via IEM Archive (provided source file),0,NORMAL,,,,,,14,1,1,1,Winter,1,1.0,0.0,-2.1000000000000014,AWS_VABO,361.9683694910127,4.0,-1.0199999999999818,-6.399999999999999,98.0,0,0.06
2025-01-01 15:00:00,AWS_VABB,Mumbai / Chhatrapati Shivaji Maharaj Intl,Mumbai,Maharashtra,19.1005,72.8585,8.0,33.0,1011.85,41.0,NOAA/NWS ASOS via IEM Archive (provided source file),0,NORMAL,,,,,,15,1,1,1,Winter,1,0.0,0.0,4.899999999999999,AWS_VABO,361.9683694910127,3.0,-1.0199999999999818,0.8999999999999986,98.0,0,0.06
2025-01-01 15:30:00,AWS_VABB,Mumbai / Chhatrapati Shivaji Maharaj Intl,Mumbai,Maharashtra,19.1005,72.8585,8.0,31.0,1010.84,45.9,NOAA/NWS ASOS via IEM Archive (provided source file),0,NORMAL,,,,,,15,1,1,1,Winter,1,-2.0,-1.009999999999991,4.899999999999999,AWS_VABO,361.9683694910127,2.0,-2.0299999999999727,6.0,100.0,0,0.02
2025-01-01 16:00:00,AWS_VABB,Mumbai / Chhatrapati Shivaji Maharaj Intl,Mumbai,Maharashtra,19.1005,72.8585,8.0,30.0,1010.84,48.6,NOAA/NWS ASOS via IEM Archive (provided source file),0,NORMAL,,,,,,16,1,1,1,Winter,1,-1.0,0.0,2.700000000000003,AWS_VABO,361.9683694910127,0.0,-1.009999999999991,13.399999999999999,100.0,0,0.02
2025-01-01 16:30:00,AWS_VABB,Mumbai / Chhatrapati Shivaji Maharaj Intl,Mumbai,Maharashtra,19.1005,72.8585,8.0,30.0,1010.84,51.7,NOAA/NWS ASOS via IEM Archive (provided source file),0,NORMAL,,,,,,16,1,1,1,Winter,1,0.0,0.0,3.1000000000000014,AWS_VABO,361.9683694910127,0.0,-1.009999999999991,14.100000000000001,100.0,0,0.02
2025-01-01 17:00:00,AWS_VABB,Mumbai / Chhatrapati Shivaji Maharaj Intl,Mumbai,Maharashtra,19.1005,72.8585,8.0,30.0,1010.84,51.7,NOAA/NWS ASOS via IEM Archive (provided source file),0,NORMAL,,,,,,17,1,1,1,Winter,1,0.0,0.0,0.0,AWS_VABO,361.9683694910127,2.0,-1.009999999999991,0.5,100.0,0,0.02
2025-01-01 17:30:00,AWS_VABB,Mumbai / Chhatrapati Shivaji Maharaj Intl,Mumbai,Maharashtra,19.1005,72.8585,8.0,29.0,1010.84,51.5,NOAA/NWS ASOS via IEM Archive (provided source file),0,NORMAL,,,,,,17,1,1,1,Winter,1,-1.0,0.0,-0.20000000000000284,AWS_VABO,361.9683694910127,2.0,-1.009999999999991,-2.799999999999997,100.0,0,0.02
2025-01-01 18:00:00,AWS_VABB,Mumbai / Chhatrapati Shivaji Maharaj Intl,Mumbai,Maharashtra,19.1005,72.8585,8.0,29.0,1010.84,54.8,NOAA/NWS ASOS via IEM Archive (provided source file),0,NORMAL,,,,,,18,1,1,1,Winter,0,0.0,0.0,3.299999999999997,AWS_VABO,361.9683694910127,3.0,15.970000000000027,-2.8000000000000043,100.0,0,0.02
2025-01-01 18:30:00,AWS_VABB,Mumbai / Chhatrapati Shivaji Maharaj Intl,Mumbai,Maharashtra,19.1005,72.8585,8.0,28.0,1011.85,58.1,NOAA/NWS ASOS via IEM Archive (provided source file),0,NORMAL,,,,,,18,1,1,1,Winter,0,-1.0,1.009999999999991,3.3000000000000043,AWS_VABO,361.9683694910127,4.0,-1.0199999999999818,-6.800000000000004,100.0,0,0.02
2025-01-01 19:00:00,AWS_VABB,Mumbai / Chhatrapati Shivaji Maharaj Intl,Mumbai,Maharashtra,19.1005,72.8585,8.0,28.0,1011.85,54.6,NOAA/NWS ASOS via IEM Archive (provided source file),0,NORMAL,,,,,,19,1,1,1,Winter,0,0.0,0.0,-3.5,AWS_VABO,361.9683694910127,4.0,-1.0199999999999818,-10.300000000000004,100.0,0,0.02
2025-01-01 19:30:00,AWS_VABB,Mumbai / Chhatrapati Shivaji Maharaj Intl,Mumbai,Maharashtra,19.1005,72.8585,8.0,28.0,1012.87,51.2,NOAA/NWS ASOS via IEM Archive (provided source file),0,NORMAL,,,,,,19,1,1,1,Winter,0,0.0,1.0199999999999818,-3.3999999999999986,AWS_VABO,361.9683694910127,5.0,-1.009999999999991,-17.700000000000003,100.0,0,0.02
2025-01-01 20:00:00,AWS_VABB,Mumbai / Chhatrapati Shivaji Maharaj Intl,Mumbai,Maharashtra,19.1005,72.8585,8.0,29.0,1012.87,48.3,NOAA/NWS ASOS via IEM Archive (provided source file),0,NORMAL,,,,,,20,1,1,1,Winter,0,1.0,0.0,-2.9000000000000057,AWS_VABO,361.9683694910127,6.0,-1.009999999999991,-20.60000000000001,100.0,0,0.02
2025-01-01 20:30:00,AWS_VABB,Mumbai / Chhatrapati Shivaji Maharaj Intl,Mumbai,Maharashtra,19.1005,72.8585,8.0,28.0,1012.87,54.6,NOAA/NWS ASOS via IEM Archive (provided source file),0,NORMAL,,,,,,20,1,1,1,Winter,0,-1.0,0.0,6.300000000000004,AWS_VABO,361.9683694910127,5.0,-2.0299999999999727,-14.300000000000004,100.0,0,0.02
2025-01-01 21:00:00,AWS_VABB,Mumbai / Chhatrapati Shivaji Maharaj Intl,Mumbai,Maharashtra,19.1005,72.8585,8.0,28.0,1013.88,54.6,NOAA/NWS ASOS via IEM Archive (provided source file),0,NORMAL,,,,,,21,1,1,1,Winter,0,0.0,1.009999999999991,0.0,AWS_VABO,361.9683694910127,7.0,-1.0199999999999818,-18.499999999999993,100.0,0,0.02
2025-01-01 21:30:00,AWS_VABB,Mumbai / Chhatrapati Shivaji Maharaj Intl,Mumbai,Maharashtra,19.1005,72.8585,8.0,28.0,1013.88,54.6,NOAA/NWS ASOS via IEM Archive (provided source file),0,NORMAL,,,,,,21,1,1,1,Winter,0,0.0,0.0,0.0,AWS_VABO,361.9683694910127,7.0,-1.0199999999999818,-18.499999999999993,100.0,0,0.02
2025-01-01 22:00:00,AWS_VABB,Mumbai / Chhatrapati Shivaji Maharaj Intl,Mumbai,Maharashtra,19.1005,72.8585,8.0,26.0,-999.0,61.4,NOAA/NWS ASOS via IEM Archive (provided source file),1,COMMUNICATION_ERROR,communication_error,CRITICAL,pressure_hpa,controlled_fault_injection,Corrupted packet/sentinel pressure value.,22,1,1,1,Winter,0,-2.0,-2012.88,6.799999999999997,AWS_VABO,361.9683694910127,,,,68.0,1,0.21
2025-01-01 22:30:00,AWS_VABB,Mumbai / Chhatrapati Shivaji Maharaj Intl,Mumbai,Maharashtra,19.1005,72.8585,8.0,26.0,-999.0,61.4,NOAA/NWS ASOS via IEM Archive (provided source file),1,COMMUNICATION_ERROR,communication_error,CRITICAL,pressure_hpa,controlled_fault_injection,Corrupted packet/sentinel pressure value.,22,1,1,1,Winter,0,0.0,0.0,0.0,AWS_VABO,361.9683694910127,,,,66.0,1,0.25
2025-01-01 23:00:00,AWS_VABB,Mumbai / Chhatrapati Shivaji Maharaj Intl,Mumbai,Maharashtra,19.1005,72.8585,8.0,26.0,-999.0,57.6,NOAA/NWS ASOS via IEM Archive (provided source file),1,COMMUNICATION_ERROR,communication_error,CRITICAL,pressure_hpa,controlled_fault_injection,Corrupted packet/sentinel pressure value.,23,1,1,1,Winter,0,0.0,0.0,-3.799999999999997,AWS_VABO,361.9683694910127,,,,64.0,1,0.29
2025-01-01 23:30:00,AWS_VABB,Mumbai / Chhatrapati Shivaji Maharaj Intl,Mumbai,Maharashtra,19.1005,72.8585,8.0,27.0,-999.0,54.3,NOAA/NWS ASOS via IEM Archive (provided source file),1,COMMUNICATION_ERROR,communication_error,CRITICAL,pressure_hpa,controlled_fault_injection,Corrupted packet/sentinel pressure value.,23,1,1,1,Winter,0,1.0,0.0,-3.3000000000000043,AWS_VABO,361.9683694910127,,,,62.0,1,0.33
2025-01-02 00:00:00,AWS_VABB,Mumbai / Chhatrapati Shivaji Maharaj Intl,Mumbai,Maharashtra,19.1005,72.8585,8.0,26.0,-999.0,61.4,NOAA/NWS ASOS via IEM Archive (provided source file),1,COMMUNICATION_ERROR,communication_error,CRITICAL,pressure_hpa,controlled_fault_injection,Corrupted packet/sentinel pressure value.,0,2,1,2,Winter,0,-1.0,0.0,7.100000000000001,AWS_VABO,361.9683694910127,,,,60.0,1,0.37
2025-01-02 00:30:00,AWS_VABB,Mumbai / Chhatrapati Shivaji Maharaj Intl,Mumbai,Maharashtra,19.1005,72.8585,8.0,25.0,-999.0,61.1,NOAA/NWS ASOS via IEM Archive (provided source file),1,COMMUNICATION_ERROR,communication_error,CRITICAL,pressure_hpa,controlled_fault_injection,Corrupted packet/sentinel pressure value.,0,2,1,2,Winter,0,-1.0,0.0,-0.29999999999999716,AWS_VABO,361.9683694910127,,,,58.0,1,0.41
2025-01-02 01:00:00,AWS_VABB,Mumbai / Chhatrapati Shivaji Maharaj Intl,Mumbai,Maharashtra,19.1005,72.8585,8.0,26.0,-999.0,54.0,NOAA/NWS ASOS via IEM Archive (provided source file),1,COMMUNICATION_ERROR,communication_error,CRITICAL,pressure_hpa,controlled_fault_injection,Corrupted packet/sentinel pressure value.,1,2,1,2,Winter,0,1.0,0.0,-7.100000000000001,AWS_VABO,361.9683694910127,,,,56.0,1,0.45
2025-01-02 01:30:00,AWS_VABB,Mumbai / Chhatrapati Shivaji Maharaj Intl,Mumbai,Maharashtra,19.1005,72.8585,8.0,25.0,-999.0,61.1,NOAA/NWS ASOS via IEM Archive (provided source file),1,COMMUNICATION_ERROR,communication_error,CRITICAL,pressure_hpa,controlled_fault_injection,Corrupted packet/sentinel pressure value.,1,2,1,2,Winter,0,-1.0,0.0,7.100000000000001,AWS_VABO,361.9683694910127,,,,54.0,1,0.49
2025-01-02 02:00:00,AWS_VABB,Mumbai / Chhatrapati Shivaji Maharaj Intl,Mumbai,Maharashtra,19.1005,72.8585,8.0,25.0,1012.87,61.1,NOAA/NWS ASOS via IEM Archive (provided source file),0,NORMAL,,,,,,2,2,1,2,Winter,0,0.0,2011.87,0.0,AWS_VABO,361.9683694910127,,,,86.0,0,0.3
2025-01-02 02:30:00,AWS_VABB,Mumbai / Chhatrapati Shivaji Maharaj Intl,Mumbai,Maharashtra,19.1005,72.8585,8.0,26.0,1012.87,57.6,NOAA/NWS ASOS via IEM Archive (provided source file),0,NORMAL,,,,,,2,2,1,2,Winter,0,1.0,0.0,-3.5,AWS_VABO,361.9683694910127,,,,88.0,0,0.26
2025-01-02 03:00:00,AWS_VABB,Mumbai / Chhatrapati Shivaji Maharaj Intl,Mumbai,Maharashtra,19.1005,72.8585,8.0,25.0,1012.87,65.1,NOAA/NWS ASOS via IEM Archive (provided source file),0,NORMAL,,,,,,3,2,1,2,Winter,0,-1.0,0.0,7.499999999999993,AWS_VABO,361.9683694910127,,,,90.0,0,0.22
2025-01-02 03:30:00,AWS_VABB,Mumbai / Chhatrapati Shivaji Maharaj Intl,Mumbai,Maharashtra,19.1005,72.8585,8.0,25.0,1012.87,61.1,NOAA/NWS ASOS via IEM Archive (provided source file),0,NORMAL,,,,,,3,2,1,2,Winter,0,0.0,0.0,-3.999999999999993,AWS_VABO,361.9683694910127,,,,92.0,0,0.18
2025-01-02 04:00:00,AWS_VABB,Mumbai / Chhatrapati Shivaji Maharaj Intl,Mumbai,Maharashtra,19.1005,72.8585,8.0,24.0,1012.87,60.9,NOAA/NWS ASOS via IEM Archive (provided source file),0,NORMAL,,,,,,4,2,1,2,Winter,0,-1.0,0.0,-0.20000000000000284,AWS_VABO,361.9683694910127,,,,94.0,0,0.14
2025-01-02 04:30:00,AWS_VABB,Mumbai / Chhatrapati Shivaji Maharaj Intl,Mumbai,Maharashtra,19.1005,72.8585,8.0,24.0,1012.87,60.9,NOAA/NWS ASOS via IEM Archive (provided source file),0,NORMAL,,,,,,4,2,1,2,Winter,0,0.0,0.0,0.0,AWS_VABO,361.9683694910127,8.0,-1.009999999999991,-27.000000000000007,96.0,0,0.1
2025-01-02 05:00:00,AWS_VABB,Mumbai / Chhatrapati Shivaji Maharaj Intl,Mumbai,Maharashtra,19.1005,72.8585,8.0,24.0,1011.85,60.9,NOAA/NWS ASOS via IEM Archive (provided source file),0,NORMAL,,,,,,5,2,1,2,Winter,0,0.0,-1.0199999999999818,0.0,AWS_VABO,361.9683694910127,,,,98.0,0,0.06
2025-01-02 05:30:00,AWS_VABB,Mumbai / Chhatrapati Shivaji Maharaj Intl,Mumbai,Maharashtra,19.1005,72.8585,8.0,24.0,1011.85,60.9,NOAA/NWS ASOS via IEM Archive (provided source file),0,NORMAL,,,,,,5,2,1,2,Winter,0,0.0,0.0,0.0,AWS_VABO,361.9683694910127,9.0,-2.0299999999999727,-32.800000000000004,100.0,0,0.02
2025-01-02 06:00:00,AWS_VABB,Mumbai / Chhatrapati Shivaji Maharaj Intl,Mumbai,Maharashtra,19.1005,72.8585,8.0,24.0,1012.87,60.9,NOAA/NWS ASOS via IEM Archive (provided source file),0,NORMAL,,,,,,6,2,1,2,Winter,1,0.0,1.0199999999999818,0.0,AWS_VABO,361.9683694910127,9.0,-1.009999999999991,-32.800000000000004,100.0,0,0.02
2025-01-02 06:30:00,AWS_VABB,Mumbai / Chhatrapati Shivaji Maharaj Intl,Mumbai,Maharashtra,19.1005,72.8585,8.0,25.0,1012.87,57.4,NOAA/NWS ASOS via IEM Archive (provided source file),0,NORMAL,,,,,,6,2,1,2,Winter,1,1.0,0.0,-3.5,AWS_VABO,361.9683694910127,10.0,-2.0299999999999727,-36.300000000000004,100.0,0,0.02
2025-01-02 07:00:00,AWS_VABB,Mumbai / Chhatrapati Shivaji Maharaj Intl,Mumbai,Maharashtra,19.1005,72.8585,8.0,25.0,1012.87,57.4,NOAA/NWS ASOS via IEM Archive (provided source file),0,NORMAL,,,,,,7,2,1,2,Winter,1,0.0,0.0,0.0,AWS_VABO,361.9683694910127,11.0,-2.0299999999999727,-36.300000000000004,100.0,0,0.02
2025-01-02 07:30:00,AWS_VABB,Mumbai / Chhatrapati Shivaji Maharaj Intl,Mumbai,Maharashtra,19.1005,72.8585,8.0,24.0,1013.88,60.9,NOAA/NWS ASOS via IEM Archive (provided source file),0,NORMAL,,,,,,7,2,1,2,Winter,1,-1.0,1.009999999999991,3.5,AWS_VABO,361.9683694910127,9.0,-1.0199999999999818,-32.800000000000004,100.0,0,0.02
2025-01-02 08:00:00,AWS_VABB,Mumbai / Chhatrapati Shivaji Maharaj Intl,Mumbai,Maharashtra,19.1005,72.8585,8.0,24.0,1013.88,64.9,NOAA/NWS ASOS via IEM Archive (provided source file),0,NORMAL,,,,,,8,2,1,2,Winter,1,0.0,0.0,4.000000000000007,AWS_VABO,361.9683694910127,8.0,-2.0399999999999636,-23.0,100.0,0,0.02
2025-01-02 08:30:00,AWS_VABB,Mumbai / Chhatrapati Shivaji Maharaj Intl,Mumbai,Maharashtra,19.1005,72.8585,8.0,25.0,1014.9,61.1,NOAA/NWS ASOS via IEM Archive (provided source file),0,NORMAL,,,,,,8,2,1,2,Winter,1,1.0,1.0199999999999818,-3.8000000000000043,AWS_VABO,361.9683694910127,9.0,-1.0199999999999818,-26.800000000000004,100.0,0,0.02
2025-01-02 09:00:00,AWS_VABB,Mumbai / Chhatrapati Shivaji Maharaj Intl,Mumbai,Maharashtra,19.1005,72.8585,8.0,26.0,1014.9,57.6,NOAA/NWS ASOS via IEM Archive (provided source file),0,NORMAL,,,,,,9,2,1,2,Winter,1,1.0,0.0,-3.5,AWS_VABO,361.9683694910127,8.0,-2.0299999999999727,-24.999999999999993,100.0,0,0.02
2025-01-02 09:30:00,AWS_VABB,Mumbai / Chhatrapati Shivaji Maharaj Intl,Mumbai,Maharashtra,19.1005,72.8585,8.0,27.0,1014.9,54.3,NOAA/NWS ASOS via IEM Archive (provided source file),0,NORMAL,,,,,,9,2,1,2,Winter,1,1.0,0.0,-3.3000000000000043,AWS_VABO,361.9683694910127,8.0,-2.0299999999999727,-23.299999999999997,100.0,0,0.02
2025-01-02 10:00:00,AWS_VABB,Mumbai / Chhatrapati Shivaji Maharaj Intl,Mumbai,Maharashtra,19.1005,72.8585,8.0,28.0,1014.9,48.0,NOAA/NWS ASOS via IEM Archive (provided source file),0,NORMAL,,,,,,10,2,1,2,Winter,1,1.0,0.0,-6.299999999999997,AWS_VABO,361.9683694910127,7.0,-2.0299999999999727,-20.599999999999994,100.0,0,0.02
2025-01-02 10:30:00,AWS_VABB,Mumbai / Chhatrapati Shivaji Maharaj Intl,Mumbai,Maharashtra,19.1005,72.8585,8.0,29.0,1014.9,45.3,NOAA/NWS ASOS via IEM Archive (provided source file),0,NORMAL,,,,,,10,2,1,2,Winter,1,1.0,0.0,-2.700000000000003,AWS_VABO,361.9683694910127,6.0,-2.0299999999999727,-19.400000000000006,100.0,0,0.02
2025-01-02 11:00:00,AWS_VABB,Mumbai / Chhatrapati Shivaji Maharaj Intl,Mumbai,Maharashtra,19.1005,72.8585,8.0,29.0,1014.9,45.3,NOAA/NWS ASOS via IEM Archive (provided source file),0,NORMAL,,,,,,11,2,1,2,Winter,1,0.0,0.0,0.0,AWS_VABO,361.9683694910127,5.0,-2.0299999999999727,-15.600000000000001,100.0,0,0.02
2025-01-02 11:30:00,AWS_VABB,Mumbai / Chhatrapati Shivaji Maharaj Intl,Mumbai,Maharashtra,19.1005,72.8585,8.0,31.0,1014.9,37.9,NOAA/NWS ASOS via IEM Archive (provided source file),0,NORMAL,,,,,,11,2,1,2,Winter,1,2.0,0.0,-7.399999999999999,AWS_VABO,361.9683694910127,5.0,-2.0299999999999727,-62.1,100.0,0,0.02
2025-01-02 12:00:00,AWS_VABB,Mumbai / Chhatrapati Shivaji Maharaj Intl,Mumbai,Maharashtra,19.1005,72.8585,8.0,31.0,1014.9,40.4,NOAA/NWS ASOS via IEM Archive (provided source file),0,NORMAL,,,,,,12,2,1,2,Winter,1,0.0,0.0,2.5,AWS_VABO,361.9683694910127,4.0,-1.0199999999999818,-59.6,100.0,0,0.02
2025-01-02 12:30:00,AWS_VABB,Mumbai / Chhatrapati Shivaji Maharaj Intl,Mumbai,Maharashtra,19.1005,72.8585,8.0,31.0,1013.88,37.9,NOAA/NWS ASOS via IEM Archive (provided source file),0,NORMAL,,,,,,12,2,1,2,Winter,1,0.0,-1.0199999999999818,-2.5,AWS_VABO,361.9683694910127,3.0,-2.0399999999999636,-62.1,100.0,0,0.02
2025-01-02 13:00:00,AWS_VABB,Mumbai / Chhatrapati Shivaji Maharaj Intl,Mumbai,Maharashtra,19.1005,72.8585,8.0,32.0,1012.87,33.6,NOAA/NWS ASOS via IEM Archive (provided source file),0,NORMAL,,,,,,13,2,1,2,Winter,1,1.0,-1.009999999999991,-4.299999999999997,AWS_VABO,361.9683694910127,3.0,-2.0299999999999727,-66.4,100.0,0,0.02
2025-01-02 13:30:00,AWS_VABB,Mumbai / Chhatrapati Shivaji Maharaj Intl,Mumbai,Maharashtra,19.1005,72.8585,8.0,33.0,1012.87,31.7,NOAA/NWS ASOS via IEM Archive (provided source file),0,NORMAL,,,,,,13,2,1,2,Winter,1,1.0,0.0,-1.9000000000000021,AWS_VABO,361.9683694910127,4.0,-1.009999999999991,-68.3,100.0,0,0.02
2025-01-02 14:00:00,AWS_VABB,Mumbai / Chhatrapati Shivaji Maharaj Intl,Mumbai,Maharashtra,19.1005,72.8585,8.0,32.0,1011.85,40.7,NOAA/NWS ASOS via IEM Archive (provided source file),0,NORMAL,,,,,,14,2,1,2,Winter,1,-1.0,-1.0199999999999818,9.000000000000004,AWS_VABO,361.9683694910127,2.0,-2.0299999999999727,-59.3,100.0,0,0.02
2025-01-02 14:30:00,AWS_VABB,Mumbai / Chhatrapati Shivaji Maharaj Intl,Mumbai,Maharashtra,19.1005,72.8585,8.0,31.0,1011.85,43.1,NOAA/NWS ASOS via IEM Archive (provided source file),0,NORMAL,,,,,,14,2,1,2,Winter,1,-1.0,0.0,2.3999999999999986,AWS_VABO,361.9683694910127,1.0,-1.0199999999999818,-56.9,100.0,0,0.02
2025-01-02 15:00:00,AWS_VABB,Mumbai / Chhatrapati Shivaji Maharaj Intl,Mumbai,Maharashtra,19.1005,72.8585,8.0,31.0,1011.85,48.8,NOAA/NWS ASOS via IEM Archive (provided source file),0,NORMAL,,,,,,15,2,1,2,Winter,1,0.0,0.0,5.699999999999996,AWS_VABO,361.9683694910127,0.0,-1.0199999999999818,-51.2,100.0,0,0.02
2025-01-02 15:30:00,AWS_VABB,Mumbai / Chhatrapati Shivaji Maharaj Intl,Mumbai,Maharashtra,19.1005,72.8585,8.0,31.0,1010.84,48.8,NOAA/NWS ASOS via IEM Archive (provided source file),0,NORMAL,,,,,,15,2,1,2,Winter,1,0.0,-1.009999999999991,0.0,AWS_VABO,361.9683694910127,,,,100.0,0,0.02
2025-01-02 16:00:00,AWS_VABB,Mumbai / Chhatrapati Shivaji Maharaj Intl,Mumbai,Maharashtra,19.1005,72.8585,8.0,31.0,1010.84,45.9,NOAA/NWS ASOS via IEM Archive (provided source file),0,NORMAL,,,,,,16,2,1,2,Winter,1,0.0,0.0,-2.8999999999999986,AWS_VABO,361.9683694910127,0.0,-2.0299999999999727,10.399999999999999,100.0,0,0.02
2025-01-02 16:30:00,AWS_VABB,Mumbai / Chhatrapati Shivaji Maharaj Intl,Mumbai,Maharashtra,19.1005,72.8585,8.0,31.0,1010.84,45.9,NOAA/NWS ASOS via IEM Archive (provided source file),0,NORMAL,,,,,,16,2,1,2,Winter,1,0.0,0.0,0.0,AWS_VABO,361.9683694910127,0.0,-2.0299999999999727,10.399999999999999,100.0,0,0.02
2025-01-02 17:00:00,AWS_VABB,Mumbai / Chhatrapati Shivaji Maharaj Intl,Mumbai,Maharashtra,19.1005,72.8585,8.0,30.0,1010.84,48.6,NOAA/NWS ASOS via IEM Archive (provided source file),0,NORMAL,,,,,,17,2,1,2,Winter,1,-1.0,0.0,2.700000000000003,AWS_VABO,361.9683694910127,0.0,-2.0299999999999727,11.0,100.0,0,0.02
2025-01-02 17:30:00,AWS_VABB,Mumbai / Chhatrapati Shivaji Maharaj Intl,Mumbai,Maharashtra,19.1005,72.8585,8.0,30.0,1010.84,48.6,NOAA/NWS ASOS via IEM Archive (provided source file),0,NORMAL,,,,,,17,2,1,2,Winter,1,0.0,0.0,0.0,AWS_VABO,361.9683694910127,0.0,-2.0299999999999727,11.0,100.0,0,0.02
2025-01-02 18:00:00,AWS_VABB,Mumbai / Chhatrapati Shivaji Maharaj Intl,Mumbai,Maharashtra,19.1005,72.8585,8.0,29.0,1011.85,48.3,NOAA/NWS ASOS via IEM Archive (provided source file),0,NORMAL,,,,,,18,2,1,2,Winter,0,-1.0,1.009999999999991,-0.30000000000000426,AWS_VABO,361.9683694910127,1.0,-1.0199999999999818,3.1999999999999957,100.0,0,0.02
2025-01-02 18:30:00,AWS_VABB,Mumbai / Chhatrapati Shivaji Maharaj Intl,Mumbai,Maharashtra,19.1005,72.8585,8.0,29.0,1011.85,48.3,NOAA/NWS ASOS via IEM Archive (provided source file),0,NORMAL,,,,,,18,2,1,2,Winter,0,0.0,0.0,0.0,AWS_VABO,361.9683694910127,3.0,-2.0299999999999727,-5.700000000000003,100.0,0,0.02
2025-01-02 19:00:00,AWS_VABB,Mumbai / Chhatrapati Shivaji Maharaj Intl,Mumbai,Maharashtra,19.1005,72.8585,8.0,29.0,1011.85,48.3,NOAA/NWS ASOS via IEM Archive (provided source file),0,NORMAL,,,,,,19,2,1,2,Winter,0,0.0,0.0,0.0,AWS_VABO,361.9683694910127,4.0,-2.0299999999999727,-5.5,100.0,0,0.02
2025-01-02 19:30:00,AWS_VABB,Mumbai / Chhatrapati Shivaji Maharaj Intl,Mumbai,Maharashtra,19.1005,72.8585,8.0,28.0,1011.85,54.6,NOAA/NWS ASOS via IEM Archive (provided source file),0,NORMAL,,,,,,19,2,1,2,Winter,0,-1.0,0.0,6.300000000000004,AWS_VABO,361.9683694910127,5.0,-2.0299999999999727,-6.100000000000001,100.0,0,0.02
2025-01-02 20:00:00,AWS_VABB,Mumbai / Chhatrapati Shivaji Maharaj Intl,Mumbai,Maharashtra,19.1005,72.8585,8.0,28.0,1012.87,58.1,NOAA/NWS ASOS via IEM Archive (provided source file),0,NORMAL,,,,,,20,2,1,2,Winter,0,0.0,1.0199999999999818,3.5,AWS_VABO,361.9683694910127,5.0,-2.0299999999999727,-2.6000000000000014,100.0,0,0.02
2025-01-02 22:00:00,AWS_VABB,Mumbai / Chhatrapati Shivaji Maharaj Intl,Mumbai,Maharashtra,19.1005,72.8585,8.0,28.0,1013.88,58.1,NOAA/NWS ASOS via IEM Archive (provided source file),0,NORMAL,,,,,,22,2,1,2,Winter,0,0.0,1.009999999999991,0.0,AWS_VABO,361.9683694910127,,,,100.0,0,0.02
2025-01-02 22:30:00,AWS_VABB,Mumbai / Chhatrapati Shivaji Maharaj Intl,Mumbai,Maharashtra,19.1005,72.8585,8.0,27.0,1013.88,61.6,NOAA/NWS ASOS via IEM Archive (provided source file),0,NORMAL,,,,,,22,2,1,2,Winter,0,-1.0,0.0,3.5,AWS_VABO,361.9683694910127,,,,100.0,0,0.02
2025-01-02 23:00:00,AWS_VABB,Mumbai / Chhatrapati Shivaji Maharaj Intl,Mumbai,Maharashtra,19.1005,72.8585,8.0,27.0,1013.88,61.6,NOAA/NWS ASOS via IEM Archive (provided source file),0,NORMAL,,,,,,23,2,1,2,Winter,0,0.0,0.0,0.0,AWS_VABO,361.9683694910127,,,,100.0,0,0.02
2025-01-02 23:30:00,AWS_VABB,Mumbai / Chhatrapati Shivaji Maharaj Intl,Mumbai,Maharashtra,19.1005,72.8585,8.0,27.0,1013.88,61.6,NOAA/NWS ASOS via IEM Archive (provided source file),0,NORMAL,,,,,,23,2,1,2,Winter,0,0.0,0.0,0.0,AWS_VABO,361.9683694910127,,,,100.0,0,0.02
2025-01-03 00:00:00,AWS_VABB,Mumbai / Chhatrapati Shivaji Maharaj Intl,Mumbai,Maharashtra,19.1005,72.8585,8.0,26.0,1013.88,61.4,NOAA/NWS ASOS via IEM Archive (provided source file),0,NORMAL,,,,,,0,3,1,3,Winter,0,-1.0,0.0,-0.20000000000000284,AWS_VABO,361.9683694910127,,,,100.0,0,0.02
2025-01-03 00:30:00,AWS_VABB,Mumbai / Chhatrapati Shivaji Maharaj Intl,Mumbai,Maharashtra,19.1005,72.8585,8.0,27.0,1013.88,54.3,NOAA/NWS ASOS via IEM Archive (provided source file),0,NORMAL,,,,,,0,3,1,3,Winter,0,1.0,0.0,-7.100000000000001,AWS_VABO,361.9683694910127,,,,100.0,0,0.02
2025-01-03 01:00:00,AWS_VABB,Mumbai / Chhatrapati Shivaji Maharaj Intl,Mumbai,Maharashtra,19.1005,72.8585,8.0,27.0,1013.88,51.0,NOAA/NWS ASOS via IEM Archive (provided source file),0,NORMAL,,,,,,1,3,1,3,Winter,0,0.0,0.0,-3.299999999999997,AWS_VABO,361.9683694910127,,,,100.0,0,0.02
2025-01-03 01:30:00,AWS_VABB,Mumbai / Chhatrapati Shivaji Maharaj Intl,Mumbai,Maharashtra,19.1005,72.8585,8.0,26.0,1012.87,54.0,NOAA/NWS ASOS via IEM Archive (provided source file),0,NORMAL,,,,,,1,3,1,3,Winter,0,-1.0,-1.009999999999991,3.0,AWS_VABO,361.9683694910127,,,,100.0,0,0.02
2025-01-03 02:00:00,AWS_VABB,Mumbai / Chhatrapati Shivaji Maharaj Intl,Mumbai,Maharashtra,19.1005,72.8585,8.0,26.0,1012.87,47.5,NOAA/NWS ASOS via IEM Archive (provided source file),0,NORMAL,,,,,,2,3,1,3,Winter,0,0.0,0.0,-6.5,AWS_VABO,361.9683694910127,,,,100.0,0,0.02
2025-01-03 02:30:00,AWS_VABB,Mumbai / Chhatrapati Shivaji Maharaj Intl,Mumbai,Maharashtra,19.1005,72.8585,8.0,26.0,1012.87,44.5,NOAA/NWS ASOS via IEM Archive (provided source file),0,NORMAL,,,,,,2,3,1,3,Winter,0,0.0,0.0,-3.0,AWS_VABO,361.9683694910127,,,,100.0,0,0.02
2025-01-03 03:00:00,AWS_VABB,Mumbai / Chhatrapati Shivaji Maharaj Intl,Mumbai,Maharashtra,19.1005,72.8585,8.0,26.0,1012.87,47.5,NOAA/NWS ASOS via IEM Archive (provided source file),0,NORMAL,,,,,,3,3,1,3,Winter,0,0.0,0.0,3.0,AWS_VABO,361.9683694910127,,,,100.0,0,0.02
2025-01-03 03:30:00,AWS_VABB,Mumbai / Chhatrapati Shivaji Maharaj Intl,Mumbai,Maharashtra,19.1005,72.8585,8.0,25.0,1012.87,50.4,NOAA/NWS ASOS via IEM Archive (provided source file),0,NORMAL,,,,,,3,3,1,3,Winter,0,-1.0,0.0,2.8999999999999986,AWS_VABO,361.9683694910127,,,,100.0,0,0.02
2025-01-03 04:00:00,AWS_VABB,Mumbai / Chhatrapati Shivaji Maharaj Intl,Mumbai,Maharashtra,19.1005,72.8585,8.0,24.0,1012.87,53.6,NOAA/NWS ASOS via IEM Archive (provided source file),0,NORMAL,,,,,,4,3,1,3,Winter,0,-1.0,0.0,3.200000000000003,AWS_VABO,361.9683694910127,,,,100.0,0,0.02
2025-01-03 04:30:00,AWS_VABB,Mumbai / Chhatrapati Shivaji Maharaj Intl,Mumbai,Maharashtra,19.1005,72.8585,8.0,25.0,1012.87,47.2,NOAA/NWS ASOS via IEM Archive (provided source file),0,NORMAL,,,,,,4,3,1,3,Winter,0,1.0,0.0,-6.399999999999999,AWS_VABO,361.9683694910127,10.0,-1.009999999999991,-40.599999999999994,100.0,0,0.02
2025-01-03 05:00:00,AWS_VABB,Mumbai / Chhatrapati Shivaji Maharaj Intl,Mumbai,Maharashtra,19.1005,72.8585,8.0,26.0,1012.87,41.7,NOAA/NWS ASOS via IEM Archive (provided source file),0,NORMAL,,,,,,5,3,1,3,Winter,0,1.0,0.0,-5.5,AWS_VABO,361.9683694910127,,,,100.0,0,0.02
2025-01-03 05:30:00,AWS_VABB,Mumbai / Chhatrapati Shivaji Maharaj Intl,Mumbai,Maharashtra,19.1005,72.8585,8.0,25.0,1012.87,47.2,NOAA/NWS ASOS via IEM Archive (provided source file),0,NORMAL,,,,,,5,3,1,3,Winter,0,-1.0,0.0,5.5,AWS_VABO,361.9683694910127,12.0,-1.009999999999991,-40.39999999999999,100.0,0,0.02
2025-01-03 06:00:00,AWS_VABB,Mumbai / Chhatrapati Shivaji Maharaj Intl,Mumbai,Maharashtra,19.1005,72.8585,8.0,24.0,1012.87,50.2,NOAA/NWS ASOS via IEM Archive (provided source file),0,NORMAL,,,,,,6,3,1,3,Winter,1,-1.0,0.0,3.0,AWS_VABO,361.9683694910127,10.0,-1.009999999999991,-37.5,100.0,0,0.02
2025-01-03 06:30:00,AWS_VABB,Mumbai / Chhatrapati Shivaji Maharaj Intl,Mumbai,Maharashtra,19.1005,72.8585,8.0,24.0,1013.88,50.2,NOAA/NWS ASOS via IEM Archive (provided source file),0,NORMAL,,,,,,6,3,1,3,Winter,1,0.0,1.009999999999991,0.0,AWS_VABO,361.9683694910127,10.0,-1.0199999999999818,-37.5,100.0,0,0.02
2025-01-03 07:00:00,AWS_VABB,Mumbai / Chhatrapati Shivaji Maharaj Intl,Mumbai,Maharashtra,19.1005,72.8585,8.0,24.0,1013.88,50.2,NOAA/NWS ASOS via IEM Archive (provided source file),0,NORMAL,,,,,,7,3,1,3,Winter,1,0.0,0.0,0.0,AWS_VABO,361.9683694910127,11.0,-1.0199999999999818,-43.39999999999999,100.0,0,0.02
2025-01-03 07:30:00,AWS_VABB,Mumbai / Chhatrapati Shivaji Maharaj Intl,Mumbai,Maharashtra,19.1005,72.8585,8.0,24.0,1013.88,53.6,NOAA/NWS ASOS via IEM Archive (provided source file),0,NORMAL,,,,,,7,3,1,3,Winter,1,0.0,0.0,3.3999999999999986,AWS_VABO,361.9683694910127,10.0,-1.0199999999999818,-34.1,100.0,0,0.02
2025-01-03 08:00:00,AWS_VABB,Mumbai / Chhatrapati Shivaji Maharaj Intl,Mumbai,Maharashtra,19.1005,72.8585,8.0,24.0,1014.9,50.2,NOAA/NWS ASOS via IEM Archive (provided source file),0,NORMAL,,,,,,8,3,1,3,Winter,1,0.0,1.0199999999999818,-3.3999999999999986,AWS_VABO,361.9683694910127,10.0,-1.0199999999999818,-37.5,100.0,0,0.02
2025-01-03 08:30:00,AWS_VABB,Mumbai / Chhatrapati Shivaji Maharaj Intl,Mumbai,Maharashtra,19.1005,72.8585,8.0,25.0,1014.9,47.2,NOAA/NWS ASOS via IEM Archive (provided source file),0,NORMAL,,,,,,8,3,1,3,Winter,1,1.0,0.0,-3.0,AWS_VABO,361.9683694910127,10.0,-1.0199999999999818,-40.599999999999994,100.0,0,0.02
2025-01-03 09:00:00,AWS_VABB,Mumbai / Chhatrapati Shivaji Maharaj Intl,Mumbai,Maharashtra,19.1005,72.8585,8.0,26.0,1015.92,44.5,NOAA/NWS ASOS via IEM Archive (provided source file),0,NORMAL,,,,,,9,3,1,3,Winter,1,1.0,1.0199999999999818,-2.700000000000003,AWS_VABO,361.9683694910127,8.0,0.0,-28.099999999999994,100.0,0,0.02
2025-01-03 09:30:00,AWS_VABB,Mumbai / Chhatrapati Shivaji Maharaj Intl,Mumbai,Maharashtra,19.1005,72.8585,8.0,27.0,1015.92,42.0,NOAA/NWS ASOS via IEM Archive (provided source file),0,NORMAL,,,,,,9,3,1,3,Winter,1,1.0,0.0,-2.5,AWS_VABO,361.9683694910127,6.0,-1.009999999999991,-18.200000000000003,100.0,0,0.02
2025-01-03 10:00:00,AWS_VABB,Mumbai / Chhatrapati Shivaji Maharaj Intl,Mumbai,Maharashtra,19.1005,72.8585,8.0,28.0,1015.92,37.1,NOAA/NWS ASOS via IEM Archive (provided source file),0,NORMAL,,,,,,10,3,1,3,Winter,1,1.0,0.0,-4.899999999999999,AWS_VABO,361.9683694910127,5.0,-1.009999999999991,-12.799999999999997,100.0,0,0.02
2025-01-03 10:30:00,AWS_VABB,Mumbai / Chhatrapati Shivaji Maharaj Intl,Mumbai,Maharashtra,19.1005,72.8585,8.0,29.0,1015.92,35.0,NOAA/NWS ASOS via IEM Archive (provided source file),0,NORMAL,,,,,,10,3,1,3,Winter,1,1.0,0.0,-2.1000000000000014,AWS_VABO,361.9683694910127,4.0,-1.009999999999991,-9.200000000000003,100.0,0,0.02
2025-01-03 11:00:00,AWS_VABB,Mumbai / Chhatrapati Shivaji Maharaj Intl,Mumbai,Maharashtra,19.1005,72.8585,8.0,30.0,1015.92,33.0,NOAA/NWS ASOS via IEM Archive (provided source file),0,NORMAL,,,,,,11,3,1,3,Winter,1,1.0,0.0,-2.0,AWS_VABO,361.9683694910127,3.0,-1.009999999999991,-9.0,100.0,0,0.02
2025-01-03 11:30:00,AWS_VABB,Mumbai / Chhatrapati Shivaji Maharaj Intl,Mumbai,Maharashtra,19.1005,72.8585,8.0,31.0,1014.9,31.2,NOAA/NWS ASOS via IEM Archive (provided source file),0,NORMAL,,,,,,11,3,1,3,Winter,1,1.0,-1.0199999999999818,-1.8000000000000007,AWS_VABO,361.9683694910127,4.0,-1.0199999999999818,-8.099999999999998,100.0,0,0.02
2025-01-03 12:00:00,AWS_VABB,Mumbai / Chhatrapati Shivaji Maharaj Intl,Mumbai,Maharashtra,19.1005,72.8585,8.0,31.0,1014.9,31.2,NOAA/NWS ASOS via IEM Archive (provided source file),0,NORMAL,,,,,,12,3,1,3,Winter,1,0.0,0.0,0.0,AWS_VABO,361.9683694910127,2.0,-1.0199999999999818,-3.8000000000000007,100.0,0,0.02
2025-01-03 12:30:00,AWS_VABB,Mumbai / Chhatrapati Shivaji Maharaj Intl,Mumbai,Maharashtra,19.1005,72.8585,8.0,33.0,1013.88,26.0,NOAA/NWS ASOS via IEM Archive (provided source file),0,NORMAL,,,,,,12,3,1,3,Winter,1,2.0,-1.0199999999999818,-5.199999999999999,AWS_VABO,361.9683694910127,3.0,-1.0199999999999818,-7.0,100.0,0,0.02
2025-01-03 13:00:00,AWS_VABB,Mumbai / Chhatrapati Shivaji Maharaj Intl,Mumbai,Maharashtra,19.1005,72.8585,8.0,32.0,1013.88,25.8,NOAA/NWS ASOS via IEM Archive (provided source file),0,NORMAL,,,,,,13,3,1,3,Winter,1,-1.0,0.0,-0.1999999999999993,AWS_VABO,361.9683694910127,2.0,-1.0199999999999818,-5.099999999999998,100.0,0,0.02
2025-01-03 13:30:00,AWS_VABB,Mumbai / Chhatrapati Shivaji Maharaj Intl,Mumbai,Maharashtra,19.1005,72.8585,8.0,33.0,1012.87,21.3,NOAA/NWS ASOS via IEM Archive (provided source file),0,NORMAL,,,,,,13,3,1,3,Winter,1,1.0,-1.009999999999991,-4.5,AWS_VABO,361.9683694910127,2.0,-1.009999999999991,-7.899999999999999,100.0,0,0.02
2025-01-03 14:00:00,AWS_VABB,Mumbai / Chhatrapati Shivaji Maharaj Intl,Mumbai,Maharashtra,19.1005,72.8585,8.0,33.0,1011.85,22.8,NOAA/NWS ASOS via IEM Archive (provided source file),0,NORMAL,,,,,,14,3,1,3,Winter,1,0.0,-1.0199999999999818,1.5,AWS_VABO,361.9683694910127,2.0,-2.0299999999999727,-6.399999999999999,100.0,0,0.02
2025-01-03 14:30:00,AWS_VABB,Mumbai / Chhatrapati Shivaji Maharaj Intl,Mumbai,Maharashtra,19.1005,72.8585,8.0,33.0,1011.85,19.9,NOAA/NWS ASOS via IEM Archive (provided source file),0,NORMAL,,,,,,14,3,1,3,Winter,1,0.0,0.0,-2.900000000000002,AWS_VABO,361.9683694910127,2.0,-1.0199999999999818,-11.3,100.0,0,0.02
2025-01-03 15:00:00,AWS_VABB,Mumbai / Chhatrapati Shivaji Maharaj Intl,Mumbai,Maharashtra,19.1005,72.8585,8.0,34.0,1010.84,18.8,NOAA/NWS ASOS via IEM Archive (provided source file),0,NORMAL,,,,,,15,3,1,3,Winter,1,1.0,-1.009999999999991,-1.0999999999999979,AWS_VABO,361.9683694910127,3.0,-2.0299999999999727,-10.399999999999999,100.0,0,0.02
2025-01-03 15:30:00,AWS_VABB,Mumbai / Chhatrapati Shivaji Maharaj Intl,Mumbai,Maharashtra,19.1005,72.8585,8.0,34.0,1010.84,20.1,NOAA/NWS ASOS via IEM Archive (provided source file),0,NORMAL,,,,,,15,3,1,3,Winter,1,0.0,0.0,1.3000000000000007,AWS_VABO,361.9683694910127,2.0,-2.0299999999999727,-7.5,100.0,0,0.02
2025-01-03 16:00:00,AWS_VABB,Mumbai / Chhatrapati Shivaji Maharaj Intl,Mumbai,Maharashtra,19.1005,72.8585,8.0,34.0,1010.84,17.6,NOAA/NWS ASOS via IEM Archive (provided source file),0,NORMAL,,,,,,16,3,1,3,Winter,1,0.0,0.0,-2.5,AWS_VABO,361.9683694910127,2.0,-2.0299999999999727,-13.799999999999997,100.0,0,0.02
2025-01-03 16:30:00,AWS_VABB,Mumbai / Chhatrapati Shivaji Maharaj Intl,Mumbai,Maharashtra,19.1005,72.8585,8.0,33.0,1010.84,29.7,NOAA/NWS ASOS via IEM Archive (provided source file),0,NORMAL,,,,,,16,3,1,3,Winter,1,-1.0,0.0,12.099999999999998,AWS_VABO,361.9683694910127,2.0,-2.0299999999999727,-5.800000000000001,100.0,0,0.02
2025-01-03 17:00:00,AWS_VABB,Mumbai / Chhatrapati Shivaji Maharaj Intl,Mumbai,Maharashtra,19.1005,72.8585,8.0,31.0,1010.84,43.1,NOAA/NWS ASOS via IEM Archive (provided source file),0,NORMAL,,,,,,17,3,1,3,Winter,1,-2.0,0.0,13.400000000000002,AWS_VABO,361.9683694910127,1.0,-2.0299999999999727,5.5,100.0,0,0.02
2025-01-03 17:30:00,AWS_VABB,Mumbai / Chhatrapati Shivaji Maharaj Intl,Mumbai,Maharashtra,19.1005,72.8585,8.0,31.0,1010.84,43.1,NOAA/NWS ASOS via IEM Archive (provided source file),0,NORMAL,,,,,,17,3,1,3,Winter,1,0.0,0.0,0.0,AWS_VABO,361.9683694910127,2.0,-2.0299999999999727,3.200000000000003,100.0,0,0.02
2025-01-03 18:00:00,AWS_VABB,Mumbai / Chhatrapati Shivaji Maharaj Intl,Mumbai,Maharashtra,19.1005,72.8585,8.0,30.0,1010.84,42.8,NOAA/NWS ASOS via IEM Archive (provided source file),0,NORMAL,,,,,,18,3,1,3,Winter,0,-1.0,0.0,-0.30000000000000426,AWS_VABO,361.9683694910127,3.0,-2.0299999999999727,-5.0,100.0,0,0.02
2025-01-03 18:30:00,AWS_VABB,Mumbai / Chhatrapati Shivaji Maharaj Intl,Mumbai,Maharashtra,19.1005,72.8585,8.0,29.0,1011.85,45.3,NOAA/NWS ASOS via IEM Archive (provided source file),0,NORMAL,,,,,,18,3,1,3,Winter,0,-1.0,1.009999999999991,2.5,AWS_VABO,361.9683694910127,,,,100.0,0,0.02
2025-01-03 19:00:00,AWS_VABB,Mumbai / Chhatrapati Shivaji Maharaj Intl,Mumbai,Maharashtra,19.1005,72.8585,8.0,29.0,1011.85,39.9,NOAA/NWS ASOS via IEM Archive (provided source file),0,NORMAL,,,,,,19,3,1,3,Winter,0,0.0,0.0,-5.399999999999999,AWS_VABO,361.9683694910127,,,,100.0,0,0.02
2025-01-03 19:30:00,AWS_VABB,Mumbai / Chhatrapati Shivaji Maharaj Intl,Mumbai,Maharashtra,19.1005,72.8585,8.0,29.0,1011.85,37.4,NOAA/NWS ASOS via IEM Archive (provided source file),0,NORMAL,,,,,,19,3,1,3,Winter,0,0.0,0.0,-2.5,AWS_VABO,361.9683694910127,6.0,-1.0199999999999818,-19.5,100.0,0,0.02
2025-01-03 20:00:00,AWS_VABB,Mumbai / Chhatrapati Shivaji Maharaj Intl,Mumbai,Maharashtra,19.1005,72.8585,8.0,28.0,1011.85,42.2,NOAA/NWS ASOS via IEM Archive (provided source file),0,NORMAL,,,,,,20,3,1,3,Winter,0,-1.0,0.0,4.800000000000004,AWS_VABO,361.9683694910127,5.0,-2.0299999999999727,-14.699999999999996,100.0,0,0.02
2025-01-03 20:30:00,AWS_VABB,Mumbai / Chhatrapati Shivaji Maharaj Intl,Mumbai,Maharashtra,19.1005,72.8585,8.0,28.0,1011.85,48.0,NOAA/NWS ASOS via IEM Archive (provided source file),0,NORMAL,,,,,,20,3,1,3,Winter,0,0.0,0.0,5.799999999999997,AWS_VABO,361.9683694910127,6.0,-2.0299999999999727,-12.399999999999999,100.0,0,0.02
2025-01-03 21:00:00,AWS_VABB,Mumbai / Chhatrapati Shivaji Maharaj Intl,Mumbai,Maharashtra,19.1005,72.8585,8.0,27.0,1012.87,51.0,NOAA/NWS ASOS via IEM Archive (provided source file),0,NORMAL,,,,,,21,3,1,3,Winter,0,-1.0,1.0199999999999818,3.0,AWS_VABO,361.9683694910127,6.0,-1.009999999999991,-13.299999999999997,100.0,0,0.02
2025-01-03 21:30:00,AWS_VABB,Mumbai / Chhatrapati Shivaji Maharaj Intl,Mumbai,Maharashtra,19.1005,72.8585,8.0,27.0,1012.87,51.0,NOAA/NWS ASOS via IEM Archive (provided source file),0,NORMAL,,,,,,21,3,1,3,Winter,0,0.0,0.0,0.0,AWS_VABO,361.9683694910127,8.0,-1.009999999999991,-21.700000000000003,100.0,0,0.02
2025-01-03 22:00:00,AWS_VABB,Mumbai / Chhatrapati Shivaji Maharaj Intl,Mumbai,Maharashtra,19.1005,72.8585,8.0,27.0,1012.87,47.8,NOAA/NWS ASOS via IEM Archive (provided source file),0,NORMAL,,,,,,22,3,1,3,Winter,0,0.0,0.0,-3.200000000000003,AWS_VABO,361.9683694910127,8.0,-1.009999999999991,-24.900000000000006,100.0,0,0.02
2025-01-03 22:30:00,AWS_VABB,Mumbai / Chhatrapati Shivaji Maharaj Intl,Mumbai,Maharashtra,19.1005,72.8585,8.0,27.0,1012.87,44.8,NOAA/NWS ASOS via IEM Archive (provided source file),0,NORMAL,,,,,,22,3,1,3,Winter,0,0.0,0.0,-3.0,AWS_VABO,361.9683694910127,9.0,-1.009999999999991,-32.60000000000001,100.0,0,0.02
2025-01-03 23:00:00,AWS_VABB,Mumbai / Chhatrapati Shivaji Maharaj Intl,Mumbai,Maharashtra,19.1005,72.8585,8.0,27.0,1012.87,44.8,NOAA/NWS ASOS via IEM Archive (provided source file),0,NORMAL,,,,,,23,3,1,3,Winter,0,0.0,0.0,0.0,AWS_VABO,361.9683694910127,,,,100.0,0,0.02
2025-01-03 23:30:00,AWS_VABB,Mumbai / Chhatrapati Shivaji Maharaj Intl,Mumbai,Maharashtra,19.1005,72.8585,8.0,26.0,1012.87,50.7,NOAA/NWS ASOS via IEM Archive (provided source file),0,NORMAL,,,,,,23,3,1,3,Winter,0,-1.0,0.0,5.900000000000006,AWS_VABO,361.9683694910127,,,,100.0,0,0.02
2025-01-04 00:00:00,AWS_VABB,Mumbai / Chhatrapati Shivaji Maharaj Intl,Mumbai,Maharashtra,19.1005,72.8585,8.0,26.0,1011.85,47.5,NOAA/NWS ASOS via IEM Archive (provided source file),0,NORMAL,,,,,,0,4,1,4,Winter,0,0.0,-1.0199999999999818,-3.200000000000003,AWS_VABO,361.9683694910127,,,,100.0,0,0.02
2025-01-04 00:30:00,AWS_VABB,Mumbai / Chhatrapati Shivaji Maharaj Intl,Mumbai,Maharashtra,19.1005,72.8585,8.0,26.0,1011.85,47.5,NOAA/NWS ASOS via IEM Archive (provided source file),0,NORMAL,,,,,,0,4,1,4,Winter,0,0.0,0.0,0.0,AWS_VABO,361.9683694910127,,,,100.0,0,0.02
2025-01-04 01:00:00,AWS_VABB,Mumbai / Chhatrapati Shivaji Maharaj Intl,Mumbai,Maharashtra,19.1005,72.8585,8.0,26.0,1011.85,44.5,NOAA/NWS ASOS via IEM Archive (provided source file),0,NORMAL,,,,,,1,4,1,4,Winter,0,0.0,0.0,-3.0,AWS_VABO,361.9683694910127,,,,100.0,0,0.02
2025-01-04 01:30:00,AWS_VABB,Mumbai / Chhatrapati Shivaji Maharaj Intl,Mumbai,Maharashtra,19.1005,72.8585,8.0,25.0,1011.85,53.8,NOAA/NWS ASOS via IEM Archive (provided source file),0,NORMAL,,,,,,1,4,1,4,Winter,0,-1.0,0.0,9.299999999999997,AWS_VABO,361.9683694910127,,,,100.0,0,0.02
2025-01-04 02:00:00,AWS_VABB,Mumbai / Chhatrapati Shivaji Maharaj Intl,Mumbai,Maharashtra,19.1005,72.8585,8.0,25.0,1011.85,53.8,NOAA/NWS ASOS via IEM Archive (provided source file),0,NORMAL,,,,,,2,4,1,4,Winter,0,0.0,0.0,0.0,AWS_VABO,361.9683694910127,,,,100.0,0,0.02
2025-01-04 02:30:00,AWS_VABB,Mumbai / Chhatrapati Shivaji Maharaj Intl,Mumbai,Maharashtra,19.1005,72.8585,8.0,25.0,1011.85,53.8,NOAA/NWS ASOS via IEM Archive (provided source file),0,NORMAL,,,,,,2,4,1,4,Winter,0,0.0,0.0,0.0,AWS_VABO,361.9683694910127,,,,100.0,0,0.02
2025-01-04 03:00:00,AWS_VABB,Mumbai / Chhatrapati Shivaji Maharaj Intl,Mumbai,Maharashtra,19.1005,72.8585,8.0,25.0,1011.85,50.4,NOAA/NWS ASOS via IEM Archive (provided source file),0,NORMAL,,,,,,3,4,1,4,Winter,0,0.0,0.0,-3.3999999999999986,AWS_VABO,361.9683694910127,,,,100.0,0,0.02
2025-01-04 03:30:00,AWS_VABB,Mumbai / Chhatrapati Shivaji Maharaj Intl,Mumbai,Maharashtra,19.1005,72.8585,8.0,25.0,1011.85,50.4,NOAA/NWS ASOS via IEM Archive (provided source file),0,NORMAL,,,,,,3,4,1,4,Winter,0,0.0,0.0,0.0,AWS_VABO,361.9683694910127,,,,100.0,0,0.02
2025-01-04 04:00:00,AWS_VABB,Mumbai / Chhatrapati Shivaji Maharaj Intl,Mumbai,Maharashtra,19.1005,72.8585,8.0,24.0,1010.84,53.6,NOAA/NWS ASOS via IEM Archive (provided source file),0,NORMAL,,,,,,4,4,1,4,Winter,0,-1.0,-1.009999999999991,3.200000000000003,AWS_VABO,361.9683694910127,,,,100.0,0,0.02
2025-01-04 04:30:00,AWS_VABB,Mumbai / Chhatrapati Shivaji Maharaj Intl,Mumbai,Maharashtra,19.1005,72.8585,8.0,24.0,1011.85,47.0,NOAA/NWS ASOS via IEM Archive (provided source file),0,NORMAL,,,,,,4,4,1,4,Winter,0,0.0,1.009999999999991,-6.600000000000001,AWS_VABO,361.9683694910127,10.0,0.0,-40.7,100.0,0,0.02
2025-01-04 05:00:00,AWS_VABB,Mumbai / Chhatrapati Shivaji Maharaj Intl,Mumbai,Maharashtra,19.1005,72.8585,8.0,24.0,1011.85,47.0,NOAA/NWS ASOS via IEM Archive (provided source file),0,NORMAL,,,,,,5,4,1,4,Winter,0,0.0,0.0,0.0,AWS_VABO,361.9683694910127,,,,100.0,0,0.02
2025-01-04 05:30:00,AWS_VABB,Mumbai / Chhatrapati Shivaji Maharaj Intl,Mumbai,Maharashtra,19.1005,72.8585,8.0,24.0,1011.85,47.0,NOAA/NWS ASOS via IEM Archive (provided source file),0,NORMAL,,,,,,5,4,1,4,Winter,0,0.0,0.0,0.0,AWS_VABO,361.9683694910127,10.0,0.0,-40.7,100.0,0,0.02
2025-01-04 06:00:00,AWS_VABB,Mumbai / Chhatrapati Shivaji Maharaj Intl,Mumbai,Maharashtra,19.1005,72.8585,8.0,23.0,1011.85,49.9,NOAA/NWS ASOS via IEM Archive (provided source file),0,NORMAL,,,,,,6,4,1,4,Winter,1,-1.0,0.0,2.8999999999999986,AWS_VABO,361.9683694910127,9.0,-1.0199999999999818,-32.199999999999996,100.0,0,0.02
2025-01-04 06:30:00,AWS_VABB,Mumbai / Chhatrapati Shivaji Maharaj Intl,Mumbai,Maharashtra,19.1005,72.8585,8.0,23.0,1012.87,49.9,NOAA/NWS ASOS via IEM Archive (provided source file),0,NORMAL,,,,,,6,4,1,4,Winter,1,0.0,1.0199999999999818,0.0,AWS_VABO,361.9683694910127,10.0,0.0,-37.699999999999996,100.0,0,0.02
2025-01-04 07:00:00,AWS_VABB,Mumbai / Chhatrapati Shivaji Maharaj Intl,Mumbai,Maharashtra,19.1005,72.8585,8.0,23.0,1012.87,46.7,NOAA/NWS ASOS via IEM Archive (provided source file),0,NORMAL,,,,,,7,4,1,4,Winter,1,0.0,0.0,-3.1999999999999957,AWS_VABO,361.9683694910127,9.0,0.0,-35.39999999999999,100.0,0,0.02
2025-01-04 07:30:00,AWS_VABB,Mumbai / Chhatrapati Shivaji Maharaj Intl,Mumbai,Maharashtra,19.1005,72.8585,8.0,24.0,1012.87,44.0,NOAA/NWS ASOS via IEM Archive (provided source file),0,NORMAL,,,,,,7,4,1,4,Winter,1,1.0,0.0,-2.700000000000003,AWS_VABO,361.9683694910127,11.0,-1.009999999999991,-43.599999999999994,100.0,0,0.02
2025-01-04 08:00:00,AWS_VABB,Mumbai / Chhatrapati Shivaji Maharaj Intl,Mumbai,Maharashtra,19.1005,72.8585,8.0,24.0,1012.87,47.0,NOAA/NWS ASOS via IEM Archive (provided source file),0,NORMAL,,,,,,8,4,1,4,Winter,1,0.0,0.0,3.0,AWS_VABO,361.9683694910127,10.0,-1.009999999999991,-35.099999999999994,100.0,0,0.02
2025-01-04 08:30:00,AWS_VABB,Mumbai / Chhatrapati Shivaji Maharaj Intl,Mumbai,Maharashtra,19.1005,72.8585,8.0,25.0,1013.88,44.2,NOAA/NWS ASOS via IEM Archive (provided source file),0,NORMAL,,,,,,8,4,1,4,Winter,1,1.0,1.009999999999991,-2.799999999999997,AWS_VABO,361.9683694910127,9.0,0.0,-32.89999999999999,100.0,0,0.02
2025-01-04 09:00:00,AWS_VABB,Mumbai / Chhatrapati Shivaji Maharaj Intl,Mumbai,Maharashtra,19.1005,72.8585,8.0,26.0,1013.88,41.7,NOAA/NWS ASOS via IEM Archive (provided source file),0,NORMAL,,,,,,9,4,1,4,Winter,1,1.0,0.0,-2.5,AWS_VABO,361.9683694910127,7.0,0.0,-22.099999999999994,100.0,0,0.02
2025-01-04 09:30:00,AWS_VABB,Mumbai / Chhatrapati Shivaji Maharaj Intl,Mumbai,Maharashtra,19.1005,72.8585,8.0,27.0,1013.88,34.4,NOAA/NWS ASOS via IEM Archive (provided source file),0,NORMAL,,,,,,9,4,1,4,Winter,1,1.0,0.0,-7.300000000000004,AWS_VABO,361.9683694910127,5.0,-1.0199999999999818,-15.200000000000003,100.0,0,0.02
2025-01-04 10:00:00,AWS_VABB,Mumbai / Chhatrapati Shivaji Maharaj Intl,Mumbai,Maharashtra,19.1005,72.8585,8.0,28.0,1014.9,30.4,NOAA/NWS ASOS via IEM Archive (provided source file),0,NORMAL,,,,,,10,4,1,4,Winter,1,1.0,1.0199999999999818,-4.0,AWS_VABO,361.9683694910127,5.0,0.0,-16.300000000000004,100.0,0,0.02
2025-01-04 10:30:00,AWS_VABB,Mumbai / Chhatrapati Shivaji Maharaj Intl,Mumbai,Maharashtra,19.1005,72.8585,8.0,29.0,1013.88,26.8,NOAA/NWS ASOS via IEM Archive (provided source file),0,NORMAL,,,,,,10,4,1,4,Winter,1,1.0,-1.0199999999999818,-3.599999999999998,AWS_VABO,361.9683694910127,4.0,-1.0199999999999818,-14.599999999999998,100.0,0,0.02
2025-01-04 11:00:00,AWS_VABB,Mumbai / Chhatrapati Shivaji Maharaj Intl,Mumbai,Maharashtra,19.1005,72.8585,8.0,30.0,1013.88,25.3,NOAA/NWS ASOS via IEM Archive (provided source file),0,NORMAL,,,,,,11,4,1,4,Winter,1,1.0,0.0,-1.5,AWS_VABO,361.9683694910127,3.0,-1.0199999999999818,-13.999999999999996,100.0,0,0.02
2025-01-04 11:30:00,AWS_VABB,Mumbai / Chhatrapati Shivaji Maharaj Intl,Mumbai,Maharashtra,19.1005,72.8585,8.0,31.0,1013.88,23.8,NOAA/NWS ASOS via IEM Archive (provided source file),0,NORMAL,,,,,,11,4,1,4,Winter,1,1.0,0.0,-1.5,AWS_VABO,361.9683694910127,3.0,-1.0199999999999818,-8.7,100.0,0,0.02
2025-01-04 12:00:00,AWS_VABB,Mumbai / Chhatrapati Shivaji Maharaj Intl,Mumbai,Maharashtra,19.1005,72.8585,8.0,32.0,1012.87,21.0,NOAA/NWS ASOS via IEM Archive (provided source file),0,NORMAL,,,,,,12,4,1,4,Winter,1,1.0,-1.009999999999991,-2.8000000000000007,AWS_VABO,361.9683694910127,4.0,-1.009999999999991,-16.1,100.0,0,0.02
2025-01-04 12:30:00,AWS_VABB,Mumbai / Chhatrapati Shivaji Maharaj Intl,Mumbai,Maharashtra,19.1005,72.8585,8.0,32.0,1012.87,19.6,NOAA/NWS ASOS via IEM Archive (provided source file),0,NORMAL,,,,,,12,4,1,4,Winter,1,0.0,0.0,-1.3999999999999986,AWS_VABO,361.9683694910127,3.0,-1.009999999999991,-15.399999999999999,100.0,0,0.02
2025-01-04 13:00:00,AWS_VABB,Mumbai / Chhatrapati Shivaji Maharaj Intl,Mumbai,Maharashtra,19.1005,72.8585,8.0,32.0,1011.85,19.6,NOAA/NWS ASOS via IEM Archive (provided source file),0,NORMAL,,,,,,13,4,1,4,Winter,1,0.0,-1.0199999999999818,0.0,AWS_VABO,361.9683694910127,3.0,-1.0199999999999818,-11.0,100.0,0,0.02
2025-01-04 13:30:00,AWS_VABB,Mumbai / Chhatrapati Shivaji Maharaj Intl,Mumbai,Maharashtra,19.1005,72.8585,8.0,30.0,1011.85,42.8,NOAA/NWS ASOS via IEM Archive (provided source file),0,NORMAL,,,,,,13,4,1,4,Winter,1,-2.0,0.0,23.199999999999996,AWS_VABO,361.9683694910127,0.0,0.0,11.899999999999999,100.0,0,0.02
2025-01-04 14:00:00,AWS_VABB,Mumbai / Chhatrapati Shivaji Maharaj Intl,Mumbai,Maharashtra,19.1005,72.8585,8.0,30.0,1010.84,42.8,NOAA/NWS ASOS via IEM Archive (provided source file),0,NORMAL,,,,,,14,4,1,4,Winter,1,0.0,-1.009999999999991,0.0,AWS_VABO,361.9683694910127,0.0,-1.009999999999991,11.899999999999999,100.0,0,0.02
2025-01-04 14:30:00,AWS_VABB,Mumbai / Chhatrapati Shivaji Maharaj Intl,Mumbai,Maharashtra,19.1005,72.8585,8.0,31.0,1010.84,37.9,NOAA/NWS ASOS via IEM Archive (provided source file),0,NORMAL,,,,,,14,4,1,4,Winter,1,1.0,0.0,-4.899999999999999,AWS_VABO,361.9683694910127,0.0,-1.009999999999991,8.7,100.0,0,0.02
2025-01-04 15:00:00,AWS_VABB,Mumbai / Chhatrapati Shivaji Maharaj Intl,Mumbai,Maharashtra,19.1005,72.8585,8.0,29.0,1010.84,42.5,NOAA/NWS ASOS via IEM Archive (provided source file),0,NORMAL,,,,,,15,4,1,4,Winter,1,-2.0,0.0,4.600000000000001,AWS_VABO,361.9683694910127,-2.0,0.0,13.3,100.0,0,0.02
2025-01-04 15:30:00,AWS_VABB,Mumbai / Chhatrapati Shivaji Maharaj Intl,Mumbai,Maharashtra,19.1005,72.8585,8.0,29.0,1010.84,42.5,NOAA/NWS ASOS via IEM Archive (provided source file),0,NORMAL,,,,,,15,4,1,4,Winter,1,0.0,0.0,0.0,AWS_VABO,361.9683694910127,-2.0,0.0,13.3,100.0,0,0.02
2025-01-04 16:00:00,AWS_VABB,Mumbai / Chhatrapati Shivaji Maharaj Intl,Mumbai,Maharashtra,19.1005,72.8585,8.0,29.0,1010.16,45.3,NOAA/NWS ASOS via IEM Archive (provided source file),0,NORMAL,,,,,,16,4,1,4,Winter,1,0.0,-0.6800000000000637,2.799999999999997,AWS_VABO,361.9683694910127,-2.0,-0.6800000000000637,19.799999999999997,100.0,0,0.02
2025-01-04 16:30:00,AWS_VABB,Mumbai / Chhatrapati Shivaji Maharaj Intl,Mumbai,Maharashtra,19.1005,72.8585,8.0,29.0,1010.16,45.3,NOAA/NWS ASOS via IEM Archive (provided source file),0,NORMAL,,,,,,16,4,1,4,Winter,1,0.0,0.0,0.0,AWS_VABO,361.9683694910127,-2.0,-0.6800000000000637,19.799999999999997,100.0,0,0.02
2025-01-04 17:00:00,AWS_VABB,Mumbai / Chhatrapati Shivaji Maharaj Intl,Mumbai,Maharashtra,19.1005,72.8585,8.0,29.0,1010.16,48.3,NOAA/NWS ASOS via IEM Archive (provided source file),0,NORMAL,,,,,,17,4,1,4,Winter,1,0.0,0.0,3.0,AWS_VABO,361.9683694910127,-2.0,-0.6800000000000637,22.799999999999997,100.0,0,0.02
2025-01-04 17:30:00,AWS_VABB,Mumbai / Chhatrapati Shivaji Maharaj Intl,Mumbai,Maharashtra,19.1005,72.8585,8.0,28.0,1010.16,45.1,NOAA/NWS ASOS via IEM Archive (provided source file),0,NORMAL,,,,,,17,4,1,4,Winter,1,-1.0,0.0,-3.1999999999999957,AWS_VABO,361.9683694910127,-3.0,-0.6800000000000637,17.8,100.0,0,0.02
2025-01-04 18:00:00,AWS_VABB,Mumbai / Chhatrapati Shivaji Maharaj Intl,Mumbai,Maharashtra,19.1005,72.8585,8.0,28.0,1010.84,45.1,NOAA/NWS ASOS via IEM Archive (provided source file),0,NORMAL,,,,,,18,4,1,4,Winter,0,0.0,0.6800000000000637,0.0,AWS_VABO,361.9683694910127,0.0,0.0,8.0,100.0,0,0.02
2025-01-04 18:30:00,AWS_VABB,Mumbai / Chhatrapati Shivaji Maharaj Intl,Mumbai,Maharashtra,19.1005,72.8585,8.0,27.0,1010.84,44.8,NOAA/NWS ASOS via IEM Archive (provided source file),0,NORMAL,,,,,,18,4,1,4,Winter,0,-1.0,0.0,-0.30000000000000426,AWS_VABO,361.9683694910127,1.0,0.0,0.29999999999999716,100.0,0,0.02
2025-01-04 19:00:00,AWS_VABB,Mumbai / Chhatrapati Shivaji Maharaj Intl,Mumbai,Maharashtra,19.1005,72.8585,8.0,27.0,1010.84,44.8,NOAA/NWS ASOS via IEM Archive (provided source file),0,NORMAL,,,,,,19,4,1,4,Winter,0,0.0,0.0,0.0,AWS_VABO,361.9683694910127,2.0,-1.009999999999991,-2.4000000000000057,100.0,0,0.02
2025-01-04 19:30:00,AWS_VABB,Mumbai / Chhatrapati Shivaji Maharaj Intl,Mumbai,Maharashtra,19.1005,72.8585,8.0,27.0,1011.85,47.8,NOAA/NWS ASOS via IEM Archive (provided source file),0,NORMAL,,,,,,19,4,1,4,Winter,0,0.0,1.009999999999991,3.0,AWS_VABO,361.9683694910127,3.0,0.0,-5.800000000000004,100.0,0,0.02
2025-01-04 20:00:00,AWS_VABB,Mumbai / Chhatrapati Shivaji Maharaj Intl,Mumbai,Maharashtra,19.1005,72.8585,8.0,26.0,1011.85,44.5,NOAA/NWS ASOS via IEM Archive (provided source file),0,NORMAL,,,,,,20,4,1,4,Winter,0,-1.0,0.0,-3.299999999999997,AWS_VABO,361.9683694910127,4.0,0.0,-15.899999999999999,100.0,0,0.02
2025-01-04 20:30:00,AWS_VABB,Mumbai / Chhatrapati Shivaji Maharaj Intl,Mumbai,Maharashtra,19.1005,72.8585,8.0,27.0,1012.87,39.3,NOAA/NWS ASOS via IEM Archive (provided source file),0,NORMAL,,,,,,20,4,1,4,Winter,0,1.0,1.0199999999999818,-5.200000000000003,AWS_VABO,361.9683694910127,6.0,0.0,-25.0,100.0,0,0.02
2025-01-04 21:00:00,AWS_VABB,Mumbai / Chhatrapati Shivaji Maharaj Intl,Mumbai,Maharashtra,19.1005,72.8585,8.0,27.0,1012.87,39.3,NOAA/NWS ASOS via IEM Archive (provided source file),0,NORMAL,,,,,,21,4,1,4,Winter,0,0.0,0.0,0.0,AWS_VABO,361.9683694910127,6.0,0.0,-25.0,100.0,0,0.02
2025-01-04 21:30:00,AWS_VABB,Mumbai / Chhatrapati Shivaji Maharaj Intl,Mumbai,Maharashtra,19.1005,72.8585,8.0,27.0,1012.87,36.8,NOAA/NWS ASOS via IEM Archive (provided source file),0,NORMAL,,,,,,21,4,1,4,Winter,0,0.0,0.0,-2.5,AWS_VABO,361.9683694910127,7.0,0.0,-31.60000000000001,100.0,0,0.02
2025-01-04 22:00:00,AWS_VABB,Mumbai / Chhatrapati Shivaji Maharaj Intl,Mumbai,Maharashtra,19.1005,72.8585,8.0,27.0,1012.87,36.8,NOAA/NWS ASOS via IEM Archive (provided source file),0,NORMAL,,,,,,22,4,1,4,Winter,0,0.0,0.0,0.0,AWS_VABO,361.9683694910127,7.0,0.0,-31.60000000000001,100.0,0,0.02
2025-01-04 22:30:00,AWS_VABB,Mumbai / Chhatrapati Shivaji Maharaj Intl,Mumbai,Maharashtra,19.1005,72.8585,8.0,26.0,1012.87,41.7,NOAA/NWS ASOS via IEM Archive (provided source file),0,NORMAL,,,,,,22,4,1,4,Winter,0,-1.0,0.0,4.900000000000006,AWS_VABO,361.9683694910127,,,,100.0,0,0.02
2025-01-04 23:00:00,AWS_VABB,Mumbai / Chhatrapati Shivaji Maharaj Intl,Mumbai,Maharashtra,19.1005,72.8585,8.0,26.0,1012.87,44.5,NOAA/NWS ASOS via IEM Archive (provided source file),0,NORMAL,,,,,,23,4,1,4,Winter,0,0.0,0.0,2.799999999999997,AWS_VABO,361.9683694910127,,,,100.0,0,0.02
2025-01-04 23:30:00,AWS_VABB,Mumbai / Chhatrapati Shivaji Maharaj Intl,Mumbai,Maharashtra,19.1005,72.8585,8.0,26.0,1012.87,44.5,NOAA/NWS ASOS via IEM Archive (provided source file),0,NORMAL,,,,,,23,4,1,4,Winter,0,0.0,0.0,0.0,AWS_VABO,361.9683694910127,,,,100.0,0,0.02
2025-01-05 00:00:00,AWS_VABB,Mumbai / Chhatrapati Shivaji Maharaj Intl,Mumbai,Maharashtra,19.1005,72.8585,8.0,26.0,1012.87,44.5,NOAA/NWS ASOS via IEM Archive (provided source file),0,NORMAL,,,,,,0,5,1,5,Winter,0,0.0,0.0,0.0,AWS_VABO,361.9683694910127,,,,100.0,0,0.02
2025-01-05 00:30:00,AWS_VABB,Mumbai / Chhatrapati Shivaji Maharaj Intl,Mumbai,Maharashtra,19.1005,72.8585,8.0,25.0,1011.85,50.4,NOAA/NWS ASOS via IEM Archive (provided source file),0,NORMAL,,,,,,0,5,1,5,Winter,0,-1.0,-1.0199999999999818,5.899999999999999,AWS_VABO,361.9683694910127,,,,100.0,0,0.02
2025-01-05 01:00:00,AWS_VABB,Mumbai / Chhatrapati Shivaji Maharaj Intl,Mumbai,Maharashtra,19.1005,72.8585,8.0,25.0,1011.85,50.4,NOAA/NWS ASOS via IEM Archive (provided source file),0,NORMAL,,,,,,1,5,1,5,Winter,0,0.0,0.0,0.0,AWS_VABO,361.9683694910127,,,,100.0,0,0.02
2025-01-05 01:30:00,AWS_VABB,Mumbai / Chhatrapati Shivaji Maharaj Intl,Mumbai,Maharashtra,19.1005,72.8585,8.0,25.0,1011.85,53.8,NOAA/NWS ASOS via IEM Archive (provided source file),0,NORMAL,,,,,,1,5,1,5,Winter,0,0.0,0.0,3.3999999999999986,AWS_VABO,361.9683694910127,,,,100.0,0,0.02
2025-01-05 02:00:00,AWS_VABB,Mumbai / Chhatrapati Shivaji Maharaj Intl,Mumbai,Maharashtra,19.1005,72.8585,8.0,25.0,1011.85,50.4,NOAA/NWS ASOS via IEM Archive (provided source file),0,NORMAL,,,,,,2,5,1,5,Winter,0,0.0,0.0,-3.3999999999999986,AWS_VABO,361.9683694910127,,,,100.0,0,0.02
2025-01-05 02:30:00,AWS_VABB,Mumbai / Chhatrapati Shivaji Maharaj Intl,Mumbai,Maharashtra,19.1005,72.8585,8.0,25.0,1010.84,57.4,NOAA/NWS ASOS via IEM Archive (provided source file),0,NORMAL,,,,,,2,5,1,5,Winter,0,0.0,-1.009999999999991,7.0,AWS_VABO,361.9683694910127,,,,100.0,0,0.02
2025-01-05 03:00:00,AWS_VABB,Mumbai / Chhatrapati Shivaji Maharaj Intl,Mumbai,Maharashtra,19.1005,72.8585,8.0,25.0,1010.84,57.4,NOAA/NWS ASOS via IEM Archive (provided source file),0,NORMAL,,,,,,3,5,1,5,Winter,0,0.0,0.0,0.0,AWS_VABO,361.9683694910127,,,,100.0,0,0.02
2025-01-05 03:30:00,AWS_VABB,Mumbai / Chhatrapati Shivaji Maharaj Intl,Mumbai,Maharashtra,19.1005,72.8585,8.0,24.0,1010.84,60.9,NOAA/NWS ASOS via IEM Archive (provided source file),0,NORMAL,,,,,,3,5,1,5,Winter,0,-1.0,0.0,3.5,AWS_VABO,361.9683694910127,,,,100.0,0,0.02
2025-01-05 04:00:00,AWS_VABB,Mumbai / Chhatrapati Shivaji Maharaj Intl,Mumbai,Maharashtra,19.1005,72.8585,8.0,24.0,1010.84,64.9,NOAA/NWS ASOS via IEM Archive (provided source file),0,NORMAL,,,,,,4,5,1,5,Winter,0,0.0,0.0,4.000000000000007,AWS_VABO,361.9683694910127,,,,100.0,0,0.02
2025-01-05 04:30:00,AWS_VABB,Mumbai / Chhatrapati Shivaji Maharaj Intl,Mumbai,Maharashtra,19.1005,72.8585,8.0,24.0,1010.84,57.1,NOAA/NWS ASOS via IEM Archive (provided source file),0,NORMAL,,,,,,4,5,1,5,Winter,0,0.0,0.0,-7.800000000000004,AWS_VABO,361.9683694910127,7.0,0.0,-20.199999999999996,100.0,0,0.02
2025-01-01 04:30:00,AWS_VABO,Vadodara / Vadodara Airport,Vadodara,Gujarat,22.3333,73.2667,44.7,16.0,1013.88,93.8,NOAA/NWS ASOS via IEM Archive (provided source file),0,NORMAL,,,,,,4,1,1,1,Winter,0,,,,AWS_VAAH,105.10134325016924,-1.0,-1.0199999999999818,16.5,100.0,0,0.02
2025-01-01 05:30:00,AWS_VABO,Vadodara / Vadodara Airport,Vadodara,Gujarat,22.3333,73.2667,44.7,15.0,1013.88,93.7,NOAA/NWS ASOS via IEM Archive (provided source file),0,NORMAL,,,,,,5,1,1,1,Winter,0,-1.0,0.0,-0.09999999999999432,AWS_VAAH,105.10134325016924,,,,100.0,0,0.02
2025-01-01 06:00:00,AWS_VABO,Vadodara / Vadodara Airport,Vadodara,Gujarat,22.3333,73.2667,44.7,15.0,1014.9,93.7,NOAA/NWS ASOS via IEM Archive (provided source file),0,NORMAL,,,,,,6,1,1,1,Winter,1,0.0,1.0199999999999818,0.0,AWS_VAAH,105.10134325016924,,,,100.0,0,0.02
2025-01-01 06:30:00,AWS_VABO,Vadodara / Vadodara Airport,Vadodara,Gujarat,22.3333,73.2667,44.7,15.0,1014.9,93.7,NOAA/NWS ASOS via IEM Archive (provided source file),0,NORMAL,,,,,,6,1,1,1,Winter,1,0.0,0.0,0.0,AWS_VAAH,105.10134325016924,-1.0,0.0,11.299999999999997,100.0,0,0.02
2025-01-01 07:00:00,AWS_VABO,Vadodara / Vadodara Airport,Vadodara,Gujarat,22.3333,73.2667,44.7,15.0,1014.9,93.7,NOAA/NWS ASOS via IEM Archive (provided source file),0,NORMAL,,,,,,7,1,1,1,Winter,1,0.0,0.0,0.0,AWS_VAAH,105.10134325016924,-1.0,0.0,11.299999999999997,100.0,0,0.02
2025-01-01 07:30:00,AWS_VABO,Vadodara / Vadodara Airport,Vadodara,Gujarat,22.3333,73.2667,44.7,15.0,1014.9,93.7,NOAA/NWS ASOS via IEM Archive (provided source file),0,NORMAL,,,,,,7,1,1,1,Winter,1,0.0,0.0,0.0,AWS_VAAH,105.10134325016924,-1.0,-1.0199999999999818,11.299999999999997,100.0,0,0.02
2025-01-01 08:00:00,AWS_VABO,Vadodara / Vadodara Airport,Vadodara,Gujarat,22.3333,73.2667,44.7,15.0,1015.92,100.0,NOAA/NWS ASOS via IEM Archive (provided source file),0,NORMAL,,,,,,8,1,1,1,Winter,1,0.0,1.0199999999999818,6.299999999999997,AWS_VAAH,105.10134325016924,-1.0,-1.009999999999991,17.599999999999994,100.0,0,0.02
2025-01-01 08:30:00,AWS_VABO,Vadodara / Vadodara Airport,Vadodara,Gujarat,22.3333,73.2667,44.7,16.0,1015.92,93.8,NOAA/NWS ASOS via IEM Archive (provided source file),0,NORMAL,,,,,,8,1,1,1,Winter,1,1.0,0.0,-6.200000000000003,AWS_VAAH,105.10134325016924,0.0,-1.009999999999991,16.700000000000003,100.0,0,0.02
2025-01-01 09:00:00,AWS_VABO,Vadodara / Vadodara Airport,Vadodara,Gujarat,22.3333,73.2667,44.7,18.0,1016.93,88.1,NOAA/NWS ASOS via IEM Archive (provided source file),0,NORMAL,,,,,,9,1,1,1,Winter,1,2.0,1.009999999999991,-5.700000000000003,AWS_VAAH,105.10134325016924,1.0,0.0,15.699999999999989,100.0,0,0.02
2025-01-01 09:30:00,AWS_VABO,Vadodara / Vadodara Airport,Vadodara,Gujarat,22.3333,73.2667,44.7,19.0,1016.93,82.7,NOAA/NWS ASOS via IEM Archive (provided source file),0,NORMAL,,,,,,9,1,1,1,Winter,1,1.0,0.0,-5.3999999999999915,AWS_VAAH,105.10134325016924,1.0,-1.0200000000000955,14.700000000000003,100.0,0,0.02
2025-01-01 10:00:00,AWS_VABO,Vadodara / Vadodara Airport,Vadodara,Gujarat,22.3333,73.2667,44.7,21.0,1016.93,77.9,NOAA/NWS ASOS via IEM Archive (provided source file),0,NORMAL,,,,,,10,1,1,1,Winter,1,2.0,0.0,-4.799999999999997,AWS_VAAH,105.10134325016924,3.0,-1.0200000000000955,5.300000000000011,100.0,0,0.02
2025-01-01 10:30:00,AWS_VABO,Vadodara / Vadodara Airport,Vadodara,Gujarat,22.3333,73.2667,44.7,23.0,1016.93,68.9,NOAA/NWS ASOS via IEM Archive (provided source file),0,NORMAL,,,,,,10,1,1,1,Winter,1,2.0,0.0,-9.0,AWS_VAAH,105.10134325016924,3.0,-1.0200000000000955,4.900000000000006,100.0,0,0.02
2025-01-01 11:00:00,AWS_VABO,Vadodara / Vadodara Airport,Vadodara,Gujarat,22.3333,73.2667,44.7,24.0,1016.93,64.9,NOAA/NWS ASOS via IEM Archive (provided source file),0,NORMAL,,,,,,11,1,1,1,Winter,1,1.0,0.0,-4.0,AWS_VAAH,105.10134325016924,-15.0,-1.0200000000000955,0.6000000000000085,100.0,0,0.02
2025-01-01 11:30:00,AWS_VABO,Vadodara / Vadodara Airport,Vadodara,Gujarat,22.3333,73.2667,44.7,25.0,1016.93,65.1,NOAA/NWS ASOS via IEM Archive (provided source file),0,NORMAL,,,,,,11,1,1,1,Winter,1,1.0,0.0,0.19999999999998863,AWS_VAAH,105.10134325016924,3.0,0.0,4.699999999999996,100.0,0,0.02
2025-01-01 12:00:00,AWS_VABO,Vadodara / Vadodara Airport,Vadodara,Gujarat,22.3333,73.2667,44.7,27.0,1015.92,57.8,NOAA/NWS ASOS via IEM Archive (provided source file),0,NORMAL,,,,,,12,1,1,1,Winter,1,2.0,-1.009999999999991,-7.299999999999997,AWS_VAAH,105.10134325016924,4.0,-1.009999999999991,-2.9000000000000057,100.0,0,0.02
2025-01-01 12:30:00,AWS_VABO,Vadodara / Vadodara Airport,Vadodara,Gujarat,22.3333,73.2667,44.7,27.0,1015.92,57.8,NOAA/NWS ASOS via IEM Archive (provided source file),0,NORMAL,,,,,,12,1,1,1,Winter,1,0.0,0.0,0.0,AWS_VAAH,105.10134325016924,3.0,0.0,0.6999999999999957,100.0,0,0.02
2025-01-01 13:00:00,AWS_VABO,Vadodara / Vadodara Airport,Vadodara,Gujarat,22.3333,73.2667,44.7,28.0,1014.9,54.6,NOAA/NWS ASOS via IEM Archive (provided source file),0,NORMAL,,,,,,13,1,1,1,Winter,1,1.0,-1.0199999999999818,-3.1999999999999957,AWS_VAAH,105.10134325016924,3.0,-1.0199999999999818,0.8000000000000043,100.0,0,0.02
2025-01-01 13:30:00,AWS_VABO,Vadodara / Vadodara Airport,Vadodara,Gujarat,22.3333,73.2667,44.7,29.0,1013.88,42.5,NOAA/NWS ASOS via IEM Archive (provided source file),0,NORMAL,,,,,,13,1,1,1,Winter,1,1.0,-1.0199999999999818,-12.100000000000001,AWS_VAAH,105.10134325016924,4.0,-1.0199999999999818,-11.299999999999997,100.0,0,0.02
2025-01-01 14:00:00,AWS_VABO,Vadodara / Vadodara Airport,Vadodara,Gujarat,22.3333,73.2667,44.7,30.0,1013.88,42.8,NOAA/NWS ASOS via IEM Archive (provided source file),0,NORMAL,,,,,,14,1,1,1,Winter,1,1.0,0.0,0.29999999999999716,AWS_VAAH,105.10134325016924,5.0,0.0,-11.0,100.0,0,0.02
2025-01-01 14:30:00,AWS_VABO,Vadodara / Vadodara Airport,Vadodara,Gujarat,22.3333,73.2667,44.7,29.0,1012.87,42.5,NOAA/NWS ASOS via IEM Archive (provided source file),0,NORMAL,,,,,,14,1,1,1,Winter,1,-1.0,-1.009999999999991,-0.29999999999999716,AWS_VAAH,105.10134325016924,3.0,-1.009999999999991,-8.200000000000003,100.0,0,0.02
2025-01-01 15:00:00,AWS_VABO,Vadodara / Vadodara Airport,Vadodara,Gujarat,22.3333,73.2667,44.7,30.0,1012.87,40.1,NOAA/NWS ASOS via IEM Archive (provided source file),0,NORMAL,,,,,,15,1,1,1,Winter,1,1.0,0.0,-2.3999999999999986,AWS_VAAH,105.10134325016924,4.0,-1.009999999999991,-10.600000000000001,100.0,0,0.02
2025-01-01 15:30:00,AWS_VABO,Vadodara / Vadodara Airport,Vadodara,Gujarat,22.3333,73.2667,44.7,29.0,1012.87,39.9,NOAA/NWS ASOS via IEM Archive (provided source file),0,NORMAL,,,,,,15,1,1,1,Winter,1,-1.0,0.0,-0.20000000000000284,AWS_VAAH,105.10134325016924,2.0,0.0,-4.899999999999999,100.0,0,0.02
2025-01-01 16:00:00,AWS_VABO,Vadodara / Vadodara Airport,Vadodara,Gujarat,22.3333,73.2667,44.7,30.0,1011.85,35.2,NOAA/NWS ASOS via IEM Archive (provided source file),0,NORMAL,,,,,,16,1,1,1,Winter,1,1.0,-1.0199999999999818,-4.699999999999996,AWS_VAAH,105.10134325016924,3.0,-1.0199999999999818,-9.599999999999994,100.0,0,0.02
2025-01-01 16:30:00,AWS_VABO,Vadodara / Vadodara Airport,Vadodara,Gujarat,22.3333,73.2667,44.7,30.0,1011.85,37.6,NOAA/NWS ASOS via IEM Archive (provided source file),0,NORMAL,,,,,,16,1,1,1,Winter,1,0.0,0.0,2.3999999999999986,AWS_VAAH,105.10134325016924,4.0,-1.0199999999999818,-9.899999999999999,100.0,0,0.02
2025-01-01 17:00:00,AWS_VABO,Vadodara / Vadodara Airport,Vadodara,Gujarat,22.3333,73.2667,44.7,28.0,1011.85,51.2,NOAA/NWS ASOS via IEM Archive (provided source file),0,NORMAL,,,,,,17,1,1,1,Winter,1,-2.0,0.0,13.600000000000001,AWS_VAAH,105.10134325016924,2.0,-1.0199999999999818,3.700000000000003,100.0,0,0.02
2025-01-01 17:30:00,AWS_VABO,Vadodara / Vadodara Airport,Vadodara,Gujarat,22.3333,73.2667,44.7,27.0,1011.85,54.3,NOAA/NWS ASOS via IEM Archive (provided source file),0,NORMAL,,,,,,17,1,1,1,Winter,1,-1.0,0.0,3.0999999999999943,AWS_VAAH,105.10134325016924,1.0,-1.0199999999999818,6.799999999999997,100.0,0,0.02
2025-01-01 18:00:00,AWS_VABO,Vadodara / Vadodara Airport,Vadodara,Gujarat,22.3333,73.2667,44.7,26.0,994.87,57.6,NOAA/NWS ASOS via IEM Archive (provided source file),1,PRESSURE_ANOMALY,pressure_anomaly,HIGH,pressure_hpa,controlled_fault_injection,Sudden pressure sensor anomaly.,18,1,1,1,Winter,0,-1.0,-16.980000000000018,3.3000000000000043,AWS_VAAH,105.10134325016924,1.0,-19.00999999999999,7.200000000000003,83.0,1,0.135
2025-01-01 18:30:00,AWS_VABO,Vadodara / Vadodara Airport,Vadodara,Gujarat,22.3333,73.2667,44.7,24.0,1012.87,64.9,NOAA/NWS ASOS via IEM Archive (provided source file),0,NORMAL,,,,,,18,1,1,1,Winter,0,-2.0,18.0,7.300000000000004,AWS_VAAH,105.10134325016924,0.0,-1.009999999999991,14.700000000000003,98.0,0,0.06
2025-01-01 19:00:00,AWS_VABO,Vadodara / Vadodara Airport,Vadodara,Gujarat,22.3333,73.2667,44.7,24.0,1012.87,64.9,NOAA/NWS ASOS via IEM Archive (provided source file),0,NORMAL,,,,,,19,1,1,1,Winter,0,0.0,0.0,0.0,AWS_VAAH,105.10134325016924,1.0,-1.009999999999991,11.600000000000009,98.0,0,0.06
2025-01-01 19:30:00,AWS_VABO,Vadodara / Vadodara Airport,Vadodara,Gujarat,22.3333,73.2667,44.7,23.0,1013.88,68.9,NOAA/NWS ASOS via IEM Archive (provided source file),0,NORMAL,,,,,,19,1,1,1,Winter,0,-1.0,1.009999999999991,4.0,AWS_VAAH,105.10134325016924,1.0,-1.0199999999999818,12.300000000000004,98.0,0,0.06
2025-01-01 20:00:00,AWS_VABO,Vadodara / Vadodara Airport,Vadodara,Gujarat,22.3333,73.2667,44.7,23.0,1013.88,68.9,NOAA/NWS ASOS via IEM Archive (provided source file),0,NORMAL,,,,,,20,1,1,1,Winter,0,0.0,0.0,0.0,AWS_VAAH,105.10134325016924,2.0,-1.0199999999999818,4.6000000000000085,98.0,0,0.06
2025-01-01 20:30:00,AWS_VABO,Vadodara / Vadodara Airport,Vadodara,Gujarat,22.3333,73.2667,44.7,23.0,1014.9,68.9,NOAA/NWS ASOS via IEM Archive (provided source file),0,NORMAL,,,,,,20,1,1,1,Winter,0,0.0,1.0199999999999818,0.0,AWS_VAAH,105.10134325016924,2.0,0.0,8.700000000000003,98.0,0,0.06
2025-01-01 21:00:00,AWS_VABO,Vadodara / Vadodara Airport,Vadodara,Gujarat,22.3333,73.2667,44.7,21.0,1014.9,73.1,NOAA/NWS ASOS via IEM Archive (provided source file),0,NORMAL,,,,,,21,1,1,1,Winter,0,-2.0,0.0,4.199999999999989,AWS_VAAH,105.10134325016924,0.0,-1.0199999999999818,8.799999999999997,98.0,0,0.06
2025-01-01 21:30:00,AWS_VABO,Vadodara / Vadodara Airport,Vadodara,Gujarat,22.3333,73.2667,44.7,21.0,1014.9,73.1,NOAA/NWS ASOS via IEM Archive (provided source file),0,NORMAL,,,,,,21,1,1,1,Winter,0,0.0,0.0,0.0,AWS_VAAH,105.10134325016924,,-1.0199999999999818,12.899999999999991,98.0,0,0.06
2025-01-02 04:30:00,AWS_VABO,Vadodara / Vadodara Airport,Vadodara,Gujarat,22.3333,73.2667,44.7,16.0,1013.88,87.9,NOAA/NWS ASOS via IEM Archive (provided source file),0,NORMAL,,,,,,4,2,1,2,Winter,0,-5.0,-1.0199999999999818,14.800000000000011,AWS_VAAH,105.10134325016924,0.0,0.0,15.700000000000003,100.0,0,0.02
2025-01-02 05:30:00,AWS_VABO,Vadodara / Vadodara Airport,Vadodara,Gujarat,22.3333,73.2667,44.7,15.0,1013.88,93.7,NOAA/NWS ASOS via IEM Archive (provided source file),0,NORMAL,,,,,,5,2,1,2,Winter,0,-1.0,0.0,5.799999999999997,AWS_VAAH,105.10134325016924,-1.0,-1.0199999999999818,26.200000000000003,100.0,0,0.02
2025-01-02 06:00:00,AWS_VABO,Vadodara / Vadodara Airport,Vadodara,Gujarat,22.3333,73.2667,44.7,15.0,1013.88,93.7,NOAA/NWS ASOS via IEM Archive (provided source file),0,NORMAL,,,,,,6,2,1,2,Winter,1,0.0,0.0,0.0,AWS_VAAH,105.10134325016924,-1.0,-1.0199999999999818,26.200000000000003,100.0,0,0.02
2025-01-02 06:30:00,AWS_VABO,Vadodara / Vadodara Airport,Vadodara,Gujarat,22.3333,73.2667,44.7,15.0,1014.9,93.7,NOAA/NWS ASOS via IEM Archive (provided source file),0,NORMAL,,,,,,6,2,1,2,Winter,1,0.0,1.0199999999999818,0.0,AWS_VAAH,105.10134325016924,0.0,0.0,26.400000000000006,100.0,0,0.02
2025-01-02 07:00:00,AWS_VABO,Vadodara / Vadodara Airport,Vadodara,Gujarat,22.3333,73.2667,44.7,14.0,1014.9,93.7,NOAA/NWS ASOS via IEM Archive (provided source file),0,NORMAL,,,,,,7,2,1,2,Winter,1,-1.0,0.0,0.0,AWS_VAAH,105.10134325016924,-1.0,-1.0199999999999818,26.400000000000006,100.0,0,0.02
2025-01-02 07:30:00,AWS_VABO,Vadodara / Vadodara Airport,Vadodara,Gujarat,22.3333,73.2667,44.7,15.0,1014.9,93.7,NOAA/NWS ASOS via IEM Archive (provided source file),0,NORMAL,,,,,,7,2,1,2,Winter,1,1.0,0.0,0.0,AWS_VAAH,105.10134325016924,0.0,-1.0199999999999818,26.400000000000006,100.0,0,0.02
2025-01-02 08:00:00,AWS_VABO,Vadodara / Vadodara Airport,Vadodara,Gujarat,22.3333,73.2667,44.7,16.0,1015.92,87.9,NOAA/NWS ASOS via IEM Archive (provided source file),0,NORMAL,,,,,,8,2,1,2,Winter,1,1.0,1.0199999999999818,-5.799999999999997,AWS_VAAH,105.10134325016924,0.0,0.0,20.400000000000006,100.0,0,0.02
2025-01-02 08:30:00,AWS_VABO,Vadodara / Vadodara Airport,Vadodara,Gujarat,22.3333,73.2667,44.7,16.0,1015.92,87.9,NOAA/NWS ASOS via IEM Archive (provided source file),0,NORMAL,,,,,,8,2,1,2,Winter,1,0.0,0.0,0.0,AWS_VAAH,105.10134325016924,-1.0,-1.009999999999991,28.60000000000001,100.0,0,0.02
2025-01-02 09:00:00,AWS_VABO,Vadodara / Vadodara Airport,Vadodara,Gujarat,22.3333,73.2667,44.7,18.0,1016.93,82.6,NOAA/NWS ASOS via IEM Archive (provided source file),0,NORMAL,,,,,,9,2,1,2,Winter,1,2.0,1.009999999999991,-5.300000000000011,AWS_VAAH,105.10134325016924,0.0,0.0,23.099999999999994,100.0,0,0.02
2025-01-02 09:30:00,AWS_VABO,Vadodara / Vadodara Airport,Vadodara,Gujarat,22.3333,73.2667,44.7,19.0,1016.93,77.6,NOAA/NWS ASOS via IEM Archive (provided source file),0,NORMAL,,,,,,9,2,1,2,Winter,1,1.0,0.0,-5.0,AWS_VAAH,105.10134325016924,0.0,-1.0200000000000955,17.89999999999999,100.0,0,0.02
2025-01-02 10:00:00,AWS_VABO,Vadodara / Vadodara Airport,Vadodara,Gujarat,22.3333,73.2667,44.7,21.0,1016.93,68.6,NOAA/NWS ASOS via IEM Archive (provided source file),0,NORMAL,,,,,,10,2,1,2,Winter,1,2.0,0.0,-9.0,AWS_VAAH,105.10134325016924,1.0,-1.0200000000000955,12.499999999999993,100.0,0,0.02
2025-01-02 10:30:00,AWS_VABO,Vadodara / Vadodara Airport,Vadodara,Gujarat,22.3333,73.2667,44.7,23.0,1016.93,64.7,NOAA/NWS ASOS via IEM Archive (provided source file),0,NORMAL,,,,,,10,2,1,2,Winter,1,2.0,0.0,-3.8999999999999915,AWS_VAAH,105.10134325016924,2.0,-1.0200000000000955,8.300000000000004,100.0,0,0.02
2025-01-02 11:00:00,AWS_VABO,Vadodara / Vadodara Airport,Vadodara,Gujarat,22.3333,73.2667,44.7,24.0,1016.93,60.9,NOAA/NWS ASOS via IEM Archive (provided source file),0,NORMAL,,,,,,11,2,1,2,Winter,1,1.0,0.0,-3.8000000000000043,AWS_VAAH,105.10134325016924,2.0,-1.0200000000000955,7.899999999999999,100.0,0,0.02
2025-01-02 11:30:00,AWS_VABO,Vadodara / Vadodara Airport,Vadodara,Gujarat,22.3333,73.2667,44.7,26.0,1016.93,100.0,NOAA/NWS ASOS via IEM Archive (provided source file),1,HUMIDITY_SENSOR_FAILURE,humidity_sensor_failure,CRITICAL,relative_humidity_pct,controlled_fault_injection,Humidity sensor stuck at 100 percent.,11,2,1,2,Winter,1,2.0,0.0,39.1,AWS_VAAH,105.10134325016924,2.0,0.0,49.8,68.0,1,0.21
2025-01-02 12:00:00,AWS_VABO,Vadodara / Vadodara Airport,Vadodara,Gujarat,22.3333,73.2667,44.7,27.0,1015.92,100.0,NOAA/NWS ASOS via IEM Archive (provided source file),1,HUMIDITY_SENSOR_FAILURE,humidity_sensor_failure,CRITICAL,relative_humidity_pct,controlled_fault_injection,Humidity sensor stuck at 100 percent.,12,2,1,2,Winter,1,1.0,-1.009999999999991,0.0,AWS_VAAH,105.10134325016924,2.0,-1.009999999999991,49.6,66.0,1,0.25
2025-01-02 12:30:00,AWS_VABO,Vadodara / Vadodara Airport,Vadodara,Gujarat,22.3333,73.2667,44.7,28.0,1015.92,100.0,NOAA/NWS ASOS via IEM Archive (provided source file),1,HUMIDITY_SENSOR_FAILURE,humidity_sensor_failure,CRITICAL,relative_humidity_pct,controlled_fault_injection,Humidity sensor stuck at 100 percent.,12,2,1,2,Winter,1,1.0,0.0,0.0,AWS_VAAH,105.10134325016924,3.0,0.0,52.8,64.0,1,0.29
2025-01-02 13:00:00,AWS_VABO,Vadodara / Vadodara Airport,Vadodara,Gujarat,22.3333,73.2667,44.7,29.0,1014.9,100.0,NOAA/NWS ASOS via IEM Archive (provided source file),1,HUMIDITY_SENSOR_FAILURE,humidity_sensor_failure,CRITICAL,relative_humidity_pct,controlled_fault_injection,Humidity sensor stuck at 100 percent.,13,2,1,2,Winter,1,1.0,-1.0199999999999818,0.0,AWS_VAAH,105.10134325016924,3.0,0.0,55.5,62.0,1,0.33
2025-01-02 13:30:00,AWS_VABO,Vadodara / Vadodara Airport,Vadodara,Gujarat,22.3333,73.2667,44.7,29.0,1013.88,100.0,NOAA/NWS ASOS via IEM Archive (provided source file),1,HUMIDITY_SENSOR_FAILURE,humidity_sensor_failure,CRITICAL,relative_humidity_pct,controlled_fault_injection,Humidity sensor stuck at 100 percent.,13,2,1,2,Winter,1,0.0,-1.0199999999999818,0.0,AWS_VAAH,105.10134325016924,2.0,-1.0199999999999818,55.2,60.0,1,0.37
2025-01-02 14:00:00,AWS_VABO,Vadodara / Vadodara Airport,Vadodara,Gujarat,22.3333,73.2667,44.7,30.0,1013.88,100.0,NOAA/NWS ASOS via IEM Archive (provided source file),1,HUMIDITY_SENSOR_FAILURE,humidity_sensor_failure,CRITICAL,relative_humidity_pct,controlled_fault_injection,Humidity sensor stuck at 100 percent.,14,2,1,2,Winter,1,1.0,0.0,0.0,AWS_VAAH,105.10134325016924,2.0,0.0,57.8,58.0,1,0.41
2025-01-02 14:30:00,AWS_VABO,Vadodara / Vadodara Airport,Vadodara,Gujarat,22.3333,73.2667,44.7,30.0,1012.87,100.0,NOAA/NWS ASOS via IEM Archive (provided source file),1,HUMIDITY_SENSOR_FAILURE,humidity_sensor_failure,CRITICAL,relative_humidity_pct,controlled_fault_injection,Humidity sensor stuck at 100 percent.,14,2,1,2,Winter,1,0.0,-1.009999999999991,0.0,AWS_VAAH,105.10134325016924,2.0,-1.009999999999991,57.8,56.0,1,0.45
2025-01-02 15:00:00,AWS_VABO,Vadodara / Vadodara Airport,Vadodara,Gujarat,22.3333,73.2667,44.7,31.0,1012.87,100.0,NOAA/NWS ASOS via IEM Archive (provided source file),1,HUMIDITY_SENSOR_FAILURE,humidity_sensor_failure,CRITICAL,relative_humidity_pct,controlled_fault_injection,Humidity sensor stuck at 100 percent.,15,2,1,2,Winter,1,1.0,0.0,0.0,AWS_VAAH,105.10134325016924,2.0,0.0,60.1,54.0,1,0.49
2025-01-02 15:28:00,AWS_VABO,Vadodara / Vadodara Airport,Vadodara,Gujarat,22.3333,73.2667,44.7,31.0,1012.87,35.5,NOAA/NWS ASOS via IEM Archive (provided source file),0,NORMAL,,,,,,15,2,1,2,Winter,1,0.0,0.0,-64.5,AWS_VAAH,105.10134325016924,,,,86.0,0,0.3
2025-01-02 16:00:00,AWS_VABO,Vadodara / Vadodara Airport,Vadodara,Gujarat,22.3333,73.2667,44.7,31.0,1012.87,35.5,NOAA/NWS ASOS via IEM Archive (provided source file),0,NORMAL,,,,,,16,2,1,2,Winter,1,0.0,0.0,0.0,AWS_VAAH,105.10134325016924,2.0,0.0,-7.0,88.0,0,0.26
2025-01-02 16:30:00,AWS_VABO,Vadodara / Vadodara Airport,Vadodara,Gujarat,22.3333,73.2667,44.7,31.0,1012.87,35.5,NOAA/NWS ASOS via IEM Archive (provided source file),0,NORMAL,,,,,,16,2,1,2,Winter,1,0.0,0.0,0.0,AWS_VAAH,105.10134325016924,3.0,0.0,-9.600000000000001,90.0,0,0.22
2025-01-02 17:00:00,AWS_VABO,Vadodara / Vadodara Airport,Vadodara,Gujarat,22.3333,73.2667,44.7,30.0,1012.87,37.6,NOAA/NWS ASOS via IEM Archive (provided source file),0,NORMAL,,,,,,17,2,1,2,Winter,1,-1.0,0.0,2.1000000000000014,AWS_VAAH,105.10134325016924,2.0,0.0,-7.5,92.0,0,0.18
2025-01-02 17:30:00,AWS_VABO,Vadodara / Vadodara Airport,Vadodara,Gujarat,22.3333,73.2667,44.7,30.0,1012.87,37.6,NOAA/NWS ASOS via IEM Archive (provided source file),0,NORMAL,,,,,,17,2,1,2,Winter,1,0.0,0.0,0.0,AWS_VAAH,105.10134325016924,2.0,0.0,-10.399999999999999,94.0,0,0.14
2025-01-02 18:00:00,AWS_VABO,Vadodara / Vadodara Airport,Vadodara,Gujarat,22.3333,73.2667,44.7,28.0,1012.87,45.1,NOAA/NWS ASOS via IEM Archive (provided source file),0,NORMAL,,,,,,18,2,1,2,Winter,0,-2.0,0.0,7.5,AWS_VAAH,105.10134325016924,2.0,-1.009999999999991,-5.600000000000001,96.0,0,0.1
2025-01-02 18:30:00,AWS_VABO,Vadodara / Vadodara Airport,Vadodara,Gujarat,22.3333,73.2667,44.7,26.0,1013.88,54.0,NOAA/NWS ASOS via IEM Archive (provided source file),0,NORMAL,,,,,,18,2,1,2,Winter,0,-2.0,1.009999999999991,8.899999999999999,AWS_VAAH,105.10134325016924,0.0,0.0,3.299999999999997,98.0,0,0.06
2025-01-02 19:00:00,AWS_VABO,Vadodara / Vadodara Airport,Vadodara,Gujarat,22.3333,73.2667,44.7,25.0,1013.88,53.8,NOAA/NWS ASOS via IEM Archive (provided source file),0,NORMAL,,,,,,19,2,1,2,Winter,0,-1.0,0.0,-0.20000000000000284,AWS_VAAH,105.10134325016924,0.0,0.0,0.0,100.0,0,0.02
2025-01-02 19:30:00,AWS_VABO,Vadodara / Vadodara Airport,Vadodara,Gujarat,22.3333,73.2667,44.7,23.0,1013.88,60.7,NOAA/NWS ASOS via IEM Archive (provided source file),0,NORMAL,,,,,,19,2,1,2,Winter,0,-2.0,0.0,6.900000000000006,AWS_VAAH,105.10134325016924,-2.0,-1.0199999999999818,10.300000000000004,100.0,0,0.02
2025-01-02 20:00:00,AWS_VABO,Vadodara / Vadodara Airport,Vadodara,Gujarat,22.3333,73.2667,44.7,23.0,1014.9,60.7,NOAA/NWS ASOS via IEM Archive (provided source file),0,NORMAL,,,,,,20,2,1,2,Winter,0,0.0,1.0199999999999818,0.0,AWS_VAAH,105.10134325016924,-1.0,0.0,7.100000000000001,100.0,0,0.02
2025-01-03 04:30:00,AWS_VABO,Vadodara / Vadodara Airport,Vadodara,Gujarat,22.3333,73.2667,44.7,15.0,1013.88,87.8,NOAA/NWS ASOS via IEM Archive (provided source file),0,NORMAL,,,,,,4,3,1,3,Winter,0,-8.0,-1.0199999999999818,27.099999999999994,AWS_VAAH,105.10134325016924,-1.0,-1.0199999999999818,28.799999999999997,100.0,0,0.02
2025-01-03 05:30:00,AWS_VABO,Vadodara / Vadodara Airport,Vadodara,Gujarat,22.3333,73.2667,44.7,13.0,1013.88,87.6,NOAA/NWS ASOS via IEM Archive (provided source file),0,NORMAL,,,,,,5,3,1,3,Winter,0,-2.0,0.0,-0.20000000000000284,AWS_VAAH,105.10134325016924,-3.0,-1.0199999999999818,28.599999999999994,100.0,0,0.02
2025-01-03 06:00:00,AWS_VABO,Vadodara / Vadodara Airport,Vadodara,Gujarat,22.3333,73.2667,44.7,14.0,1013.88,87.7,NOAA/NWS ASOS via IEM Archive (provided source file),0,NORMAL,,,,,,6,3,1,3,Winter,1,1.0,0.0,0.10000000000000853,AWS_VAAH,105.10134325016924,-2.0,-1.0199999999999818,24.5,100.0,0,0.02
2025-01-03 06:30:00,AWS_VABO,Vadodara / Vadodara Airport,Vadodara,Gujarat,22.3333,73.2667,44.7,14.0,1014.9,87.7,NOAA/NWS ASOS via IEM Archive (provided source file),0,NORMAL,,,,,,6,3,1,3,Winter,1,0.0,1.0199999999999818,0.0,AWS_VAAH,105.10134325016924,-2.0,0.0,24.5,100.0,0,0.02
2025-01-03 07:00:00,AWS_VABO,Vadodara / Vadodara Airport,Vadodara,Gujarat,22.3333,73.2667,44.7,13.0,1014.9,93.6,NOAA/NWS ASOS via IEM Archive (provided source file),0,NORMAL,,,,,,7,3,1,3,Winter,1,-1.0,0.0,5.8999999999999915,AWS_VAAH,105.10134325016924,-4.0,0.0,34.3,100.0,0,0.02
2025-01-03 07:30:00,AWS_VABO,Vadodara / Vadodara Airport,Vadodara,Gujarat,22.3333,73.2667,44.7,14.0,1014.9,87.7,NOAA/NWS ASOS via IEM Archive (provided source file),0,NORMAL,,,,,,7,3,1,3,Winter,1,1.0,0.0,-5.8999999999999915,AWS_VAAH,105.10134325016924,-3.0,0.0,28.400000000000006,100.0,0,0.02
2025-01-03 08:00:00,AWS_VABO,Vadodara / Vadodara Airport,Vadodara,Gujarat,22.3333,73.2667,44.7,14.0,1015.92,87.7,NOAA/NWS ASOS via IEM Archive (provided source file),0,NORMAL,,,,,,8,3,1,3,Winter,1,0.0,1.0199999999999818,0.0,AWS_VAAH,105.10134325016924,-3.0,0.0,28.400000000000006,100.0,0,0.02
2025-01-03 08:30:00,AWS_VABO,Vadodara / Vadodara Airport,Vadodara,Gujarat,22.3333,73.2667,44.7,15.0,1015.92,87.8,NOAA/NWS ASOS via IEM Archive (provided source file),0,NORMAL,,,,,,8,3,1,3,Winter,1,1.0,0.0,0.09999999999999432,AWS_VAAH,105.10134325016924,-2.0,0.0,28.5,100.0,0,0.02
2025-01-03 09:00:00,AWS_VABO,Vadodara / Vadodara Airport,Vadodara,Gujarat,22.3333,73.2667,44.7,18.0,1015.92,72.6,NOAA/NWS ASOS via IEM Archive (provided source file),0,NORMAL,,,,,,9,3,1,3,Winter,1,3.0,0.0,-15.200000000000003,AWS_VAAH,105.10134325016924,1.0,-1.009999999999991,9.199999999999996,100.0,0,0.02
2025-01-03 09:30:00,AWS_VABO,Vadodara / Vadodara Airport,Vadodara,Gujarat,22.3333,73.2667,44.7,21.0,1016.93,60.2,NOAA/NWS ASOS via IEM Archive (provided source file),0,NORMAL,,,,,,9,3,1,3,Winter,1,3.0,1.009999999999991,-12.399999999999991,AWS_VAAH,105.10134325016924,3.0,0.0,0.7000000000000028,100.0,0,0.02
2025-01-03 10:00:00,AWS_VABO,Vadodara / Vadodara Airport,Vadodara,Gujarat,22.3333,73.2667,44.7,23.0,1016.93,49.9,NOAA/NWS ASOS via IEM Archive (provided source file),0,NORMAL,,,,,,10,3,1,3,Winter,1,2.0,0.0,-10.300000000000004,AWS_VAAH,105.10134325016924,3.0,0.0,-2.6000000000000014,100.0,0,0.02
2025-01-03 10:30:00,AWS_VABO,Vadodara / Vadodara Airport,Vadodara,Gujarat,22.3333,73.2667,44.7,25.0,1016.93,44.2,NOAA/NWS ASOS via IEM Archive (provided source file),0,NORMAL,,,,,,10,3,1,3,Winter,1,2.0,0.0,-5.699999999999996,AWS_VAAH,105.10134325016924,3.0,0.0,-2.1999999999999957,100.0,0,0.02
2025-01-03 11:00:00,AWS_VABO,Vadodara / Vadodara Airport,Vadodara,Gujarat,22.3333,73.2667,44.7,27.0,1016.93,42.0,NOAA/NWS ASOS via IEM Archive (provided source file),0,NORMAL,,,,,,11,3,1,3,Winter,1,2.0,0.0,-2.200000000000003,AWS_VAAH,105.10134325016924,4.0,0.0,-4.700000000000003,100.0,0,0.02
2025-01-03 11:30:00,AWS_VABO,Vadodara / Vadodara Airport,Vadodara,Gujarat,22.3333,73.2667,44.7,27.0,1015.92,39.3,NOAA/NWS ASOS via IEM Archive (provided source file),0,NORMAL,,,,,,11,3,1,3,Winter,1,0.0,-1.009999999999991,-2.700000000000003,AWS_VAAH,105.10134325016924,3.0,-1.009999999999991,-4.700000000000003,100.0,0,0.02
2025-01-03 12:00:00,AWS_VABO,Vadodara / Vadodara Airport,Vadodara,Gujarat,22.3333,73.2667,44.7,29.0,1015.92,35.0,NOAA/NWS ASOS via IEM Archive (provided source file),0,NORMAL,,,,,,12,3,1,3,Winter,1,2.0,0.0,-4.299999999999997,AWS_VAAH,105.10134325016924,5.0,-1.009999999999991,-9.0,100.0,0,0.02
2025-01-03 12:30:00,AWS_VABO,Vadodara / Vadodara Airport,Vadodara,Gujarat,22.3333,73.2667,44.7,30.0,1014.9,33.0,NOAA/NWS ASOS via IEM Archive (provided source file),0,NORMAL,,,,,,12,3,1,3,Winter,1,1.0,-1.0199999999999818,-2.0,AWS_VAAH,105.10134325016924,5.0,-1.0199999999999818,-8.399999999999999,100.0,0,0.02
2025-01-03 13:00:00,AWS_VABO,Vadodara / Vadodara Airport,Vadodara,Gujarat,22.3333,73.2667,44.7,30.0,1014.9,30.9,NOAA/NWS ASOS via IEM Archive (provided source file),0,NORMAL,,,,,,13,3,1,3,Winter,1,0.0,0.0,-2.1000000000000014,AWS_VAAH,105.10134325016924,4.0,0.0,-10.800000000000004,100.0,0,0.02
2025-01-03 13:30:00,AWS_VABO,Vadodara / Vadodara Airport,Vadodara,Gujarat,22.3333,73.2667,44.7,31.0,1013.88,29.2,NOAA/NWS ASOS via IEM Archive (provided source file),0,NORMAL,,,,,,13,3,1,3,Winter,1,1.0,-1.0199999999999818,-1.6999999999999993,AWS_VAAH,105.10134325016924,4.0,-1.0199999999999818,-7.599999999999998,100.0,0,0.02
2025-01-03 14:00:00,AWS_VABO,Vadodara / Vadodara Airport,Vadodara,Gujarat,22.3333,73.2667,44.7,31.0,1013.88,29.2,NOAA/NWS ASOS via IEM Archive (provided source file),0,NORMAL,,,,,,14,3,1,3,Winter,1,0.0,0.0,0.0,AWS_VAAH,105.10134325016924,3.0,0.0,-3.3000000000000007,100.0,0,0.02
2025-01-03 14:30:00,AWS_VABO,Vadodara / Vadodara Airport,Vadodara,Gujarat,22.3333,73.2667,44.7,31.0,1012.87,31.2,NOAA/NWS ASOS via IEM Archive (provided source file),0,NORMAL,,,,,,14,3,1,3,Winter,1,0.0,-1.009999999999991,2.0,AWS_VAAH,105.10134325016924,2.0,-1.009999999999991,0.5999999999999979,100.0,0,0.02
2025-01-03 15:00:00,AWS_VABO,Vadodara / Vadodara Airport,Vadodara,Gujarat,22.3333,73.2667,44.7,31.0,1012.87,29.2,NOAA/NWS ASOS via IEM Archive (provided source file),0,NORMAL,,,,,,15,3,1,3,Winter,1,0.0,0.0,-2.0,AWS_VAAH,105.10134325016924,2.0,-1.009999999999991,-1.4000000000000021,100.0,0,0.02
2025-01-03 15:30:00,AWS_VABO,Vadodara / Vadodara Airport,Vadodara,Gujarat,22.3333,73.2667,44.7,32.0,1012.87,27.6,NOAA/NWS ASOS via IEM Archive (provided source file),0,NORMAL,,,,,,15,3,1,3,Winter,1,1.0,0.0,-1.5999999999999979,AWS_VAAH,105.10134325016924,2.0,0.0,4.0,100.0,0,0.02
2025-01-03 16:00:00,AWS_VABO,Vadodara / Vadodara Airport,Vadodara,Gujarat,22.3333,73.2667,44.7,32.0,1012.87,31.4,NOAA/NWS ASOS via IEM Archive (provided source file),0,NORMAL,,,,,,16,3,1,3,Winter,1,0.0,0.0,3.799999999999997,AWS_VAAH,105.10134325016924,2.0,0.0,4.399999999999999,100.0,0,0.02
2025-01-03 16:30:00,AWS_VABO,Vadodara / Vadodara Airport,Vadodara,Gujarat,22.3333,73.2667,44.7,31.0,1012.87,35.5,NOAA/NWS ASOS via IEM Archive (provided source file),0,NORMAL,,,,,,16,3,1,3,Winter,1,-1.0,0.0,4.100000000000001,AWS_VAAH,105.10134325016924,2.0,0.0,4.899999999999999,100.0,0,0.02
2025-01-03 17:00:00,AWS_VABO,Vadodara / Vadodara Airport,Vadodara,Gujarat,22.3333,73.2667,44.7,30.0,1012.87,37.6,NOAA/NWS ASOS via IEM Archive (provided source file),0,NORMAL,,,,,,17,3,1,3,Winter,1,-1.0,0.0,2.1000000000000014,AWS_VAAH,105.10134325016924,1.0,0.0,4.899999999999999,100.0,0,0.02
2025-01-03 17:30:00,AWS_VABO,Vadodara / Vadodara Airport,Vadodara,Gujarat,22.3333,73.2667,44.7,29.0,1012.87,39.9,NOAA/NWS ASOS via IEM Archive (provided source file),0,NORMAL,,,,,,17,3,1,3,Winter,1,-1.0,0.0,2.299999999999997,AWS_VAAH,105.10134325016924,1.0,0.0,7.399999999999999,100.0,0,0.02
2025-01-03 18:00:00,AWS_VABO,Vadodara / Vadodara Airport,Vadodara,Gujarat,22.3333,73.2667,44.7,27.0,1012.87,47.8,NOAA/NWS ASOS via IEM Archive (provided source file),0,NORMAL,,,,,,18,3,1,3,Winter,0,-2.0,0.0,7.899999999999999,AWS_VAAH,105.10134325016924,0.0,0.0,11.0,100.0,0,0.02
2025-01-03 19:30:00,AWS_VABO,Vadodara / Vadodara Airport,Vadodara,Gujarat,22.3333,73.2667,44.7,23.0,1012.87,56.9,NOAA/NWS ASOS via IEM Archive (provided source file),0,NORMAL,,,,,,19,3,1,3,Winter,0,-4.0,0.0,9.100000000000001,AWS_VAAH,105.10134325016924,0.0,-1.009999999999991,7.0,100.0,0,0.02
2025-01-03 20:00:00,AWS_VABO,Vadodara / Vadodara Airport,Vadodara,Gujarat,22.3333,73.2667,44.7,23.0,1013.88,56.9,NOAA/NWS ASOS via IEM Archive (provided source file),0,NORMAL,,,,,,20,3,1,3,Winter,0,0.0,1.009999999999991,0.0,AWS_VAAH,105.10134325016924,0.0,0.0,3.6000000000000014,100.0,0,0.02
2025-01-03 20:30:00,AWS_VABO,Vadodara / Vadodara Airport,Vadodara,Gujarat,22.3333,73.2667,44.7,22.0,1013.88,60.4,NOAA/NWS ASOS via IEM Archive (provided source file),0,NORMAL,,,,,,20,3,1,3,Winter,0,-1.0,0.0,3.5,AWS_VAAH,105.10134325016924,-1.0,0.0,10.5,100.0,0,0.02
2025-01-03 21:00:00,AWS_VABO,Vadodara / Vadodara Airport,Vadodara,Gujarat,22.3333,73.2667,44.7,21.0,1013.88,64.3,NOAA/NWS ASOS via IEM Archive (provided source file),0,NORMAL,,,,,,21,3,1,3,Winter,0,-1.0,0.0,3.8999999999999986,AWS_VAAH,105.10134325016924,,,,100.0,0,0.02
2025-01-03 21:30:00,AWS_VABO,Vadodara / Vadodara Airport,Vadodara,Gujarat,22.3333,73.2667,44.7,19.0,1013.88,72.7,NOAA/NWS ASOS via IEM Archive (provided source file),0,NORMAL,,,,,,21,3,1,3,Winter,0,-2.0,0.0,8.400000000000006,AWS_VAAH,105.10134325016924,-2.0,0.0,16.300000000000004,100.0,0,0.02
2025-01-03 22:00:00,AWS_VABO,Vadodara / Vadodara Airport,Vadodara,Gujarat,22.3333,73.2667,44.7,19.0,1013.88,72.7,NOAA/NWS ASOS via IEM Archive (provided source file),0,NORMAL,,,,,,22,3,1,3,Winter,0,0.0,0.0,0.0,AWS_VAAH,105.10134325016924,-2.0,0.0,12.5,100.0,0,0.02
2025-01-03 22:30:00,AWS_VABO,Vadodara / Vadodara Airport,Vadodara,Gujarat,22.3333,73.2667,44.7,18.0,1013.88,77.4,NOAA/NWS ASOS via IEM Archive (provided source file),0,NORMAL,,,,,,22,3,1,3,Winter,0,-1.0,0.0,4.700000000000003,AWS_VAAH,105.10134325016924,-3.0,0.0,17.200000000000003,100.0,0,0.02
2025-01-04 04:30:00,AWS_VABO,Vadodara / Vadodara Airport,Vadodara,Gujarat,22.3333,73.2667,44.7,14.0,1011.85,87.7,NOAA/NWS ASOS via IEM Archive (provided source file),0,NORMAL,,,,,,4,4,1,4,Winter,0,-4.0,-2.0299999999999727,10.299999999999997,AWS_VAAH,105.10134325016924,-3.0,-1.0199999999999818,19.900000000000006,100.0,0,0.02
2025-01-04 05:30:00,AWS_VABO,Vadodara / Vadodara Airport,Vadodara,Gujarat,22.3333,73.2667,44.7,14.0,1011.85,87.7,NOAA/NWS ASOS via IEM Archive (provided source file),0,NORMAL,,,,,,5,4,1,4,Winter,0,0.0,0.0,0.0,AWS_VAAH,105.10134325016924,-3.0,-1.0199999999999818,19.900000000000006,100.0,0,0.02
2025-01-04 06:00:00,AWS_VABO,Vadodara / Vadodara Airport,Vadodara,Gujarat,22.3333,73.2667,44.7,14.0,1012.87,82.1,NOAA/NWS ASOS via IEM Archive (provided source file),0,NORMAL,,,,,,6,4,1,4,Winter,1,0.0,1.0199999999999818,-5.6000000000000085,AWS_VAAH,105.10134325016924,-3.0,0.0,14.299999999999997,100.0,0,0.02
2025-01-04 06:30:00,AWS_VABO,Vadodara / Vadodara Airport,Vadodara,Gujarat,22.3333,73.2667,44.7,13.0,1012.87,87.6,NOAA/NWS ASOS via IEM Archive (provided source file),0,NORMAL,,,,,,6,4,1,4,Winter,1,-1.0,0.0,5.5,AWS_VAAH,105.10134325016924,-3.0,0.0,15.399999999999991,100.0,0,0.02
2025-01-04 07:00:00,AWS_VABO,Vadodara / Vadodara Airport,Vadodara,Gujarat,22.3333,73.2667,44.7,14.0,1012.87,82.1,NOAA/NWS ASOS via IEM Archive (provided source file),0,NORMAL,,,,,,7,4,1,4,Winter,1,1.0,0.0,-5.5,AWS_VAAH,105.10134325016924,-1.0,-1.009999999999991,10.099999999999994,100.0,0,0.02
2025-01-04 07:30:00,AWS_VABO,Vadodara / Vadodara Airport,Vadodara,Gujarat,22.3333,73.2667,44.7,13.0,1013.88,87.6,NOAA/NWS ASOS via IEM Archive (provided source file),0,NORMAL,,,,,,7,4,1,4,Winter,1,-1.0,1.009999999999991,5.5,AWS_VAAH,105.10134325016924,-2.0,0.0,10.599999999999994,100.0,0,0.02
2025-01-04 08:00:00,AWS_VABO,Vadodara / Vadodara Airport,Vadodara,Gujarat,22.3333,73.2667,44.7,14.0,1013.88,82.1,NOAA/NWS ASOS via IEM Archive (provided source file),0,NORMAL,,,,,,8,4,1,4,Winter,1,1.0,0.0,-5.5,AWS_VAAH,105.10134325016924,-2.0,0.0,9.899999999999991,100.0,0,0.02
2025-01-04 08:30:00,AWS_VABO,Vadodara / Vadodara Airport,Vadodara,Gujarat,22.3333,73.2667,44.7,16.0,1013.88,77.1,NOAA/NWS ASOS via IEM Archive (provided source file),0,NORMAL,,,,,,8,4,1,4,Winter,1,2.0,0.0,-5.0,AWS_VAAH,105.10134325016924,-1.0,-1.0199999999999818,4.699999999999989,100.0,0,0.02
2025-01-04 09:00:00,AWS_VABO,Vadodara / Vadodara Airport,Vadodara,Gujarat,22.3333,73.2667,44.7,19.0,1013.88,63.8,NOAA/NWS ASOS via IEM Archive (provided source file),0,NORMAL,,,,,,9,4,1,4,Winter,1,3.0,0.0,-13.299999999999997,AWS_VAAH,105.10134325016924,2.0,-1.0199999999999818,-4.0,100.0,0,0.02
2025-01-04 09:30:00,AWS_VABO,Vadodara / Vadodara Airport,Vadodara,Gujarat,22.3333,73.2667,44.7,22.0,1014.9,49.6,NOAA/NWS ASOS via IEM Archive (provided source file),0,NORMAL,,,,,,9,4,1,4,Winter,1,3.0,1.0199999999999818,-14.199999999999996,AWS_VAAH,105.10134325016924,3.0,-1.0199999999999818,-10.100000000000001,100.0,0,0.02
2025-01-04 10:00:00,AWS_VABO,Vadodara / Vadodara Airport,Vadodara,Gujarat,22.3333,73.2667,44.7,23.0,1014.9,46.7,NOAA/NWS ASOS via IEM Archive (provided source file),0,NORMAL,,,,,,10,4,1,4,Winter,1,1.0,0.0,-2.8999999999999986,AWS_VAAH,105.10134325016924,2.0,-1.0199999999999818,-6.099999999999994,100.0,0,0.02
2025-01-04 10:30:00,AWS_VABO,Vadodara / Vadodara Airport,Vadodara,Gujarat,22.3333,73.2667,44.7,25.0,1014.9,41.4,NOAA/NWS ASOS via IEM Archive (provided source file),0,NORMAL,,,,,,10,4,1,4,Winter,1,2.0,0.0,-5.300000000000004,AWS_VAAH,105.10134325016924,3.0,-1.0199999999999818,-8.200000000000003,100.0,0,0.02
2025-01-04 11:00:00,AWS_VABO,Vadodara / Vadodara Airport,Vadodara,Gujarat,22.3333,73.2667,44.7,27.0,1014.9,39.3,NOAA/NWS ASOS via IEM Archive (provided source file),0,NORMAL,,,,,,11,4,1,4,Winter,1,2.0,0.0,-2.1000000000000014,AWS_VAAH,105.10134325016924,3.0,-1.0199999999999818,-4.700000000000003,100.0,0,0.02
2025-01-04 11:30:00,AWS_VABO,Vadodara / Vadodara Airport,Vadodara,Gujarat,22.3333,73.2667,44.7,28.0,1014.9,32.5,NOAA/NWS ASOS via IEM Archive (provided source file),0,NORMAL,,,,,,11,4,1,4,Winter,1,1.0,0.0,-6.799999999999997,AWS_VAAH,105.10134325016924,3.0,0.0,-8.899999999999999,100.0,0,0.02
2025-01-04 12:00:00,AWS_VABO,Vadodara / Vadodara Airport,Vadodara,Gujarat,22.3333,73.2667,44.7,28.0,1013.88,37.1,NOAA/NWS ASOS via IEM Archive (provided source file),0,NORMAL,,,,,,12,4,1,4,Winter,1,0.0,-1.0199999999999818,4.600000000000001,AWS_VAAH,105.10134325016924,2.0,-1.0199999999999818,-4.600000000000001,100.0,0,0.02
2025-01-04 12:30:00,AWS_VABO,Vadodara / Vadodara Airport,Vadodara,Gujarat,22.3333,73.2667,44.7,29.0,1013.88,35.0,NOAA/NWS ASOS via IEM Archive (provided source file),0,NORMAL,,,,,,12,4,1,4,Winter,1,1.0,0.0,-2.1000000000000014,AWS_VAAH,105.10134325016924,2.0,0.0,-1.7999999999999972,100.0,0,0.02
2025-01-04 13:00:00,AWS_VABO,Vadodara / Vadodara Airport,Vadodara,Gujarat,22.3333,73.2667,44.7,29.0,1012.87,30.6,NOAA/NWS ASOS via IEM Archive (provided source file),0,NORMAL,,,,,,13,4,1,4,Winter,1,0.0,-1.009999999999991,-4.399999999999999,AWS_VAAH,105.10134325016924,1.0,0.0,-6.5,100.0,0,0.02
2025-01-04 13:30:00,AWS_VABO,Vadodara / Vadodara Airport,Vadodara,Gujarat,22.3333,73.2667,44.7,30.0,1011.85,30.9,NOAA/NWS ASOS via IEM Archive (provided source file),0,NORMAL,,,,,,13,4,1,4,Winter,1,1.0,-1.0199999999999818,0.29999999999999716,AWS_VAAH,105.10134325016924,2.0,-1.0199999999999818,-3.8000000000000043,100.0,0,0.02
2025-01-04 14:00:00,AWS_VABO,Vadodara / Vadodara Airport,Vadodara,Gujarat,22.3333,73.2667,44.7,30.0,1011.85,30.9,NOAA/NWS ASOS via IEM Archive (provided source file),0,NORMAL,,,,,,14,4,1,4,Winter,1,0.0,0.0,0.0,AWS_VAAH,105.10134325016924,1.0,-1.0199999999999818,-1.8000000000000043,100.0,0,0.02
2025-01-04 14:30:00,AWS_VABO,Vadodara / Vadodara Airport,Vadodara,Gujarat,22.3333,73.2667,44.7,31.0,1011.85,29.2,NOAA/NWS ASOS via IEM Archive (provided source file),0,NORMAL,,,,,,14,4,1,4,Winter,1,1.0,0.0,-1.6999999999999993,AWS_VAAH,105.10134325016924,2.0,0.0,-3.5000000000000036,100.0,0,0.02
2025-01-04 15:00:00,AWS_VABO,Vadodara / Vadodara Airport,Vadodara,Gujarat,22.3333,73.2667,44.7,31.0,1010.84,29.2,NOAA/NWS ASOS via IEM Archive (provided source file),0,NORMAL,,,,,,15,4,1,4,Winter,1,0.0,-1.009999999999991,0.0,AWS_VAAH,105.10134325016924,1.0,0.0,5.599999999999998,100.0,0,0.02
2025-01-04 15:30:00,AWS_VABO,Vadodara / Vadodara Airport,Vadodara,Gujarat,22.3333,73.2667,44.7,31.0,1010.84,29.2,NOAA/NWS ASOS via IEM Archive (provided source file),0,NORMAL,,,,,,15,4,1,4,Winter,1,0.0,0.0,0.0,AWS_VAAH,105.10134325016924,1.0,0.0,2.1999999999999993,100.0,0,0.02
2025-01-04 16:00:00,AWS_VABO,Vadodara / Vadodara Airport,Vadodara,Gujarat,22.3333,73.2667,44.7,31.0,1010.84,25.5,NOAA/NWS ASOS via IEM Archive (provided source file),0,NORMAL,,,,,,16,4,1,4,Winter,1,0.0,0.0,-3.6999999999999993,AWS_VAAH,105.10134325016924,0.0,0.0,1.6999999999999993,100.0,0,0.02
2025-01-04 16:30:00,AWS_VABO,Vadodara / Vadodara Airport,Vadodara,Gujarat,22.3333,73.2667,44.7,31.0,1010.84,25.5,NOAA/NWS ASOS via IEM Archive (provided source file),0,NORMAL,,,,,,16,4,1,4,Winter,1,0.0,0.0,0.0,AWS_VAAH,105.10134325016924,1.0,0.0,-1.5,100.0,0,0.02
2025-01-04 17:00:00,AWS_VABO,Vadodara / Vadodara Airport,Vadodara,Gujarat,22.3333,73.2667,44.7,31.0,1010.84,25.5,NOAA/NWS ASOS via IEM Archive (provided source file),0,NORMAL,,,,,,17,4,1,4,Winter,1,0.0,0.0,0.0,AWS_VAAH,105.10134325016924,2.0,0.0,-3.1000000000000014,100.0,0,0.02
2025-01-04 17:30:00,AWS_VABO,Vadodara / Vadodara Airport,Vadodara,Gujarat,22.3333,73.2667,44.7,31.0,1010.84,27.3,NOAA/NWS ASOS via IEM Archive (provided source file),0,NORMAL,,,,,,17,4,1,4,Winter,1,0.0,0.0,1.8000000000000007,AWS_VAAH,105.10134325016924,3.0,0.0,-5.199999999999999,100.0,0,0.02
2025-01-04 18:00:00,AWS_VABO,Vadodara / Vadodara Airport,Vadodara,Gujarat,22.3333,73.2667,44.7,28.0,1010.84,37.1,NOAA/NWS ASOS via IEM Archive (provided source file),0,NORMAL,,,,,,18,4,1,4,Winter,0,-3.0,0.0,9.8,AWS_VAAH,105.10134325016924,1.0,0.0,2.700000000000003,100.0,0,0.02
2025-01-04 18:30:00,AWS_VABO,Vadodara / Vadodara Airport,Vadodara,Gujarat,22.3333,73.2667,44.7,26.0,1010.84,44.5,NOAA/NWS ASOS via IEM Archive (provided source file),0,NORMAL,,,,,,18,4,1,4,Winter,0,-2.0,0.0,7.399999999999999,AWS_VAAH,105.10134325016924,1.0,-1.009999999999991,3.1000000000000014,100.0,0,0.02
2025-01-04 19:00:00,AWS_VABO,Vadodara / Vadodara Airport,Vadodara,Gujarat,22.3333,73.2667,44.7,25.0,1011.85,47.2,NOAA/NWS ASOS via IEM Archive (provided source file),0,NORMAL,,,,,,19,4,1,4,Winter,0,-1.0,1.009999999999991,2.700000000000003,AWS_VAAH,105.10134325016924,0.0,0.0,5.800000000000004,100.0,0,0.02
2025-01-04 19:30:00,AWS_VABO,Vadodara / Vadodara Airport,Vadodara,Gujarat,22.3333,73.2667,44.7,24.0,1011.85,53.6,NOAA/NWS ASOS via IEM Archive (provided source file),0,NORMAL,,,,,,19,4,1,4,Winter,0,-1.0,0.0,6.399999999999999,AWS_VAAH,105.10134325016924,0.0,0.0,6.600000000000001,100.0,0,0.02
2025-01-04 20:00:00,AWS_VABO,Vadodara / Vadodara Airport,Vadodara,Gujarat,22.3333,73.2667,44.7,22.0,1011.85,60.4,NOAA/NWS ASOS via IEM Archive (provided source file),0,NORMAL,,,,,,20,4,1,4,Winter,0,-2.0,0.0,6.799999999999997,AWS_VAAH,105.10134325016924,0.0,-1.0199999999999818,3.799999999999997,100.0,0,0.02
2025-01-04 20:30:00,AWS_VABO,Vadodara / Vadodara Airport,Vadodara,Gujarat,22.3333,73.2667,44.7,21.0,1012.87,64.3,NOAA/NWS ASOS via IEM Archive (provided source file),0,NORMAL,,,,,,20,4,1,4,Winter,0,-1.0,1.0199999999999818,3.8999999999999986,AWS_VAAH,105.10134325016924,-3.0,0.0,17.299999999999997,100.0,0,0.02
2025-01-04 21:00:00,AWS_VABO,Vadodara / Vadodara Airport,Vadodara,Gujarat,22.3333,73.2667,44.7,21.0,1012.87,64.3,NOAA/NWS ASOS via IEM Archive (provided source file),0,NORMAL,,,,,,21,4,1,4,Winter,0,0.0,0.0,0.0,AWS_VAAH,105.10134325016924,-1.0,0.0,7.699999999999996,100.0,0,0.02
2025-01-04 21:30:00,AWS_VABO,Vadodara / Vadodara Airport,Vadodara,Gujarat,22.3333,73.2667,44.7,20.0,1012.87,68.4,NOAA/NWS ASOS via IEM Archive (provided source file),0,NORMAL,,,,,,21,4,1,4,Winter,0,-1.0,0.0,4.1000000000000085,AWS_VAAH,105.10134325016924,-2.0,0.0,11.800000000000004,100.0,0,0.02
2025-01-04 22:00:00,AWS_VABO,Vadodara / Vadodara Airport,Vadodara,Gujarat,22.3333,73.2667,44.7,20.0,1012.87,68.4,NOAA/NWS ASOS via IEM Archive (provided source file),0,NORMAL,,,,,,22,4,1,4,Winter,0,0.0,0.0,0.0,AWS_VAAH,105.10134325016924,-1.0,0.0,4.1000000000000085,100.0,0,0.02
2025-01-05 04:30:00,AWS_VABO,Vadodara / Vadodara Airport,Vadodara,Gujarat,22.3333,73.2667,44.7,17.0,1010.84,77.3,NOAA/NWS ASOS via IEM Archive (provided source file),0,NORMAL,,,,,,4,5,1,5,Winter,0,-3.0,-2.0299999999999727,8.899999999999991,AWS_VAAH,105.10134325016924,-1.0,-1.009999999999991,9.299999999999997,100.0,0,0.02
2025-01-01 00:00:00,AWS_VECC,Kolkata / Netaji Subhash Chandra Bose Intl,Kolkata,West Bengal,22.6547,88.4467,6.0,18.0,1015.92,72.6,NOAA/NWS ASOS via IEM Archive (provided source file),0,NORMAL,,,,,,0,1,1,1,Winter,0,,,,AWS_VIDP,1311.5126317276297,8.0,-4.060000000000059,-20.900000000000006,100.0,0,0.02
2025-01-01 00:30:00,AWS_VECC,Kolkata / Netaji Subhash Chandra Bose Intl,Kolkata,West Bengal,22.6547,88.4467,6.0,18.0,1015.92,72.6,NOAA/NWS ASOS via IEM Archive (provided source file),0,NORMAL,,,,,,0,1,1,1,Winter,0,0.0,0.0,0.0,AWS_VIDP,1311.5126317276297,8.0,-4.060000000000059,-20.900000000000006,100.0,0,0.02
2025-01-01 01:00:00,AWS_VECC,Kolkata / Netaji Subhash Chandra Bose Intl,Kolkata,West Bengal,22.6547,88.4467,6.0,17.0,1015.92,77.3,NOAA/NWS ASOS via IEM Archive (provided source file),0,NORMAL,,,,,,1,1,1,1,Winter,0,-1.0,0.0,4.700000000000003,AWS_VIDP,1311.5126317276297,7.0,-3.0400000000000773,-16.200000000000003,100.0,0,0.02
2025-01-01 01:30:00,AWS_VECC,Kolkata / Netaji Subhash Chandra Bose Intl,Kolkata,West Bengal,22.6547,88.4467,6.0,16.0,1015.92,82.4,NOAA/NWS ASOS via IEM Archive (provided source file),0,NORMAL,,,,,,1,1,1,1,Winter,0,-1.0,0.0,5.1000000000000085,AWS_VIDP,1311.5126317276297,7.0,-3.0400000000000773,-11.0,100.0,0,0.02
2025-01-01 02:00:00,AWS_VECC,Kolkata / Netaji Subhash Chandra Bose Intl,Kolkata,West Bengal,22.6547,88.4467,6.0,16.0,1014.9,82.4,NOAA/NWS ASOS via IEM Archive (provided source file),0,NORMAL,,,,,,2,1,1,1,Winter,0,0.0,-1.0199999999999818,0.0,AWS_VIDP,1311.5126317276297,7.0,-4.060000000000059,-11.0,100.0,0,0.02
2025-01-01 02:30:00,AWS_VECC,Kolkata / Netaji Subhash Chandra Bose Intl,Kolkata,West Bengal,22.6547,88.4467,6.0,16.0,1014.9,82.4,NOAA/NWS ASOS via IEM Archive (provided source file),0,NORMAL,,,,,,2,1,1,1,Winter,0,0.0,0.0,0.0,AWS_VIDP,1311.5126317276297,7.0,-4.060000000000059,-11.0,100.0,0,0.02
2025-01-01 03:00:00,AWS_VECC,Kolkata / Netaji Subhash Chandra Bose Intl,Kolkata,West Bengal,22.6547,88.4467,6.0,16.0,1014.9,82.4,NOAA/NWS ASOS via IEM Archive (provided source file),0,NORMAL,,,,,,3,1,1,1,Winter,0,0.0,0.0,0.0,AWS_VIDP,1311.5126317276297,7.0,-4.060000000000059,-11.0,100.0,0,0.02
2025-01-01 03:30:00,AWS_VECC,Kolkata / Netaji Subhash Chandra Bose Intl,Kolkata,West Bengal,22.6547,88.4467,6.0,16.0,1014.9,82.4,NOAA/NWS ASOS via IEM Archive (provided source file),0,NORMAL,,,,,,3,1,1,1,Winter,0,0.0,0.0,0.0,AWS_VIDP,1311.5126317276297,7.0,-4.060000000000059,-11.0,100.0,0,0.02
2025-01-01 04:00:00,AWS_VECC,Kolkata / Netaji Subhash Chandra Bose Intl,Kolkata,West Bengal,22.6547,88.4467,6.0,16.0,1014.9,77.1,NOAA/NWS ASOS via IEM Archive (provided source file),0,NORMAL,,,,,,4,1,1,1,Winter,0,0.0,0.0,-5.300000000000011,AWS_VIDP,1311.5126317276297,7.0,-3.050000000000068,-16.30000000000001,100.0,0,0.02
2025-01-01 04:30:00,AWS_VECC,Kolkata / Netaji Subhash Chandra Bose Intl,Kolkata,West Bengal,22.6547,88.4467,6.0,15.0,1014.9,82.2,NOAA/NWS ASOS via IEM Archive (provided source file),0,NORMAL,,,,,,4,1,1,1,Winter,0,-1.0,0.0,5.1000000000000085,AWS_VIDP,1311.5126317276297,6.0,-4.060000000000059,-11.200000000000003,100.0,0,0.02
2025-01-01 05:00:00,AWS_VECC,Kolkata / Netaji Subhash Chandra Bose Intl,Kolkata,West Bengal,22.6547,88.4467,6.0,15.0,1014.9,82.2,NOAA/NWS ASOS via IEM Archive (provided source file),0,NORMAL,,,,,,5,1,1,1,Winter,0,0.0,0.0,0.0,AWS_VIDP,1311.5126317276297,7.0,-4.060000000000059,-17.799999999999997,100.0,0,0.02
2025-01-01 05:30:00,AWS_VECC,Kolkata / Netaji Subhash Chandra Bose Intl,Kolkata,West Bengal,22.6547,88.4467,6.0,15.0,1014.9,82.2,NOAA/NWS ASOS via IEM Archive (provided source file),0,NORMAL,,,,,,5,1,1,1,Winter,0,0.0,0.0,0.0,AWS_VIDP,1311.5126317276297,7.0,-4.060000000000059,-17.799999999999997,100.0,0,0.02
2025-01-01 06:00:00,AWS_VECC,Kolkata / Netaji Subhash Chandra Bose Intl,Kolkata,West Bengal,22.6547,88.4467,6.0,15.0,1015.92,82.2,NOAA/NWS ASOS via IEM Archive (provided source file),0,NORMAL,,,,,,6,1,1,1,Winter,1,0.0,1.0199999999999818,0.0,AWS_VIDP,1311.5126317276297,7.0,-3.0400000000000773,-17.799999999999997,100.0,0,0.02
2025-01-01 06:30:00,AWS_VECC,Kolkata / Netaji Subhash Chandra Bose Intl,Kolkata,West Bengal,22.6547,88.4467,6.0,15.0,1015.92,82.2,NOAA/NWS ASOS via IEM Archive (provided source file),0,NORMAL,,,,,,6,1,1,1,Winter,1,0.0,0.0,0.0,AWS_VIDP,1311.5126317276297,7.0,-3.0400000000000773,-17.799999999999997,100.0,0,0.02
2025-01-01 07:00:00,AWS_VECC,Kolkata / Netaji Subhash Chandra Bose Intl,Kolkata,West Bengal,22.6547,88.4467,6.0,15.0,1016.93,82.2,NOAA/NWS ASOS via IEM Archive (provided source file),0,NORMAL,,,,,,7,1,1,1,Winter,1,0.0,1.009999999999991,0.0,AWS_VIDP,1311.5126317276297,7.0,-2.0300000000000864,-17.799999999999997,100.0,0,0.02
2025-01-01 07:30:00,AWS_VECC,Kolkata / Netaji Subhash Chandra Bose Intl,Kolkata,West Bengal,22.6547,88.4467,6.0,15.0,1016.93,82.2,NOAA/NWS ASOS via IEM Archive (provided source file),0,NORMAL,,,,,,7,1,1,1,Winter,1,0.0,0.0,0.0,AWS_VIDP,1311.5126317276297,7.0,-2.0300000000000864,-17.799999999999997,100.0,0,0.02
2025-01-01 08:00:00,AWS_VECC,Kolkata / Netaji Subhash Chandra Bose Intl,Kolkata,West Bengal,22.6547,88.4467,6.0,15.0,1016.93,82.2,NOAA/NWS ASOS via IEM Archive (provided source file),0,NORMAL,,,,,,8,1,1,1,Winter,1,0.0,0.0,0.0,AWS_VIDP,1311.5126317276297,7.0,-3.050000000000068,-17.799999999999997,100.0,0,0.02
2025-01-01 08:30:00,AWS_VECC,Kolkata / Netaji Subhash Chandra Bose Intl,Kolkata,West Bengal,22.6547,88.4467,6.0,16.0,1016.93,77.1,NOAA/NWS ASOS via IEM Archive (provided source file),0,NORMAL,,,,,,8,1,1,1,Winter,1,1.0,0.0,-5.1000000000000085,AWS_VIDP,1311.5126317276297,7.0,-3.050000000000068,-16.30000000000001,100.0,0,0.02
2025-01-01 09:00:00,AWS_VECC,Kolkata / Netaji Subhash Chandra Bose Intl,Kolkata,West Bengal,22.6547,88.4467,6.0,17.0,1017.95,77.3,NOAA/NWS ASOS via IEM Archive (provided source file),0,NORMAL,,,,,,9,1,1,1,Winter,1,1.0,1.0200000000000955,0.20000000000000284,AWS_VIDP,1311.5126317276297,8.0,-2.0299999999999727,-16.10000000000001,100.0,0,0.02
2025-01-01 09:30:00,AWS_VECC,Kolkata / Netaji Subhash Chandra Bose Intl,Kolkata,West Bengal,22.6547,88.4467,6.0,18.0,1017.95,72.6,NOAA/NWS ASOS via IEM Archive (provided source file),0,NORMAL,,,,,,9,1,1,1,Winter,1,1.0,0.0,-4.700000000000003,AWS_VIDP,1311.5126317276297,9.0,-2.0299999999999727,-20.80000000000001,100.0,0,0.02
2025-01-01 10:00:00,AWS_VECC,Kolkata / Netaji Subhash Chandra Bose Intl,Kolkata,West Bengal,22.6547,88.4467,6.0,19.0,1016.93,68.2,NOAA/NWS ASOS via IEM Archive (provided source file),0,NORMAL,,,,,,10,1,1,1,Winter,1,1.0,-1.0200000000000955,-4.3999999999999915,AWS_VIDP,1311.5126317276297,10.0,-4.07000000000005,-25.200000000000003,100.0,0,0.02
2025-01-01 10:30:00,AWS_VECC,Kolkata / Netaji Subhash Chandra Bose Intl,Kolkata,West Bengal,22.6547,88.4467,6.0,19.0,1016.93,68.2,NOAA/NWS ASOS via IEM Archive (provided source file),0,NORMAL,,,,,,10,1,1,1,Winter,1,0.0,0.0,0.0,AWS_VIDP,1311.5126317276297,9.0,-4.07000000000005,-19.200000000000003,100.0,0,0.02
2025-01-01 11:00:00,AWS_VECC,Kolkata / Netaji Subhash Chandra Bose Intl,Kolkata,West Bengal,22.6547,88.4467,6.0,20.0,1015.92,64.0,NOAA/NWS ASOS via IEM Archive (provided source file),0,NORMAL,,,,,,11,1,1,1,Winter,1,1.0,-1.009999999999991,-4.200000000000003,AWS_VIDP,1311.5126317276297,9.0,-5.080000000000041,-17.700000000000003,100.0,0,0.02
2025-01-01 11:30:00,AWS_VECC,Kolkata / Netaji Subhash Chandra Bose Intl,Kolkata,West Bengal,22.6547,88.4467,6.0,21.0,1015.92,64.3,NOAA/NWS ASOS via IEM Archive (provided source file),0,NORMAL,,,,,,11,1,1,1,Winter,1,1.0,0.0,0.29999999999999716,AWS_VIDP,1311.5126317276297,10.0,-5.080000000000041,-23.200000000000003,100.0,0,0.02
2025-01-01 12:00:00,AWS_VECC,Kolkata / Netaji Subhash Chandra Bose Intl,Kolkata,West Bengal,22.6547,88.4467,6.0,22.0,1014.9,60.4,NOAA/NWS ASOS via IEM Archive (provided source file),0,NORMAL,,,,,,12,1,1,1,Winter,1,1.0,-1.0199999999999818,-3.8999999999999986,AWS_VIDP,1311.5126317276297,10.0,-5.080000000000041,-33.199999999999996,100.0,0,0.02
2025-01-01 12:30:00,AWS_VECC,Kolkata / Netaji Subhash Chandra Bose Intl,Kolkata,West Bengal,22.6547,88.4467,6.0,22.0,1013.88,60.4,NOAA/NWS ASOS via IEM Archive (provided source file),0,NORMAL,,,,,,12,1,1,1,Winter,1,0.0,-1.0199999999999818,0.0,AWS_VIDP,1311.5126317276297,10.0,-6.100000000000023,-33.199999999999996,100.0,0,0.02
2025-01-01 13:00:00,AWS_VECC,Kolkata / Netaji Subhash Chandra Bose Intl,Kolkata,West Bengal,22.6547,88.4467,6.0,22.0,1013.88,60.4,NOAA/NWS ASOS via IEM Archive (provided source file),0,NORMAL,,,,,,13,1,1,1,Winter,1,0.0,0.0,0.0,AWS_VIDP,1311.5126317276297,10.0,-5.080000000000041,-33.199999999999996,100.0,0,0.02
2025-01-01 13:30:00,AWS_VECC,Kolkata / Netaji Subhash Chandra Bose Intl,Kolkata,West Bengal,22.6547,88.4467,6.0,23.0,1012.87,56.9,NOAA/NWS ASOS via IEM Archive (provided source file),0,NORMAL,,,,,,13,1,1,1,Winter,1,1.0,-1.009999999999991,-3.5,AWS_VIDP,1311.5126317276297,11.0,-5.080000000000041,-30.699999999999996,100.0,0,0.02
2025-01-01 14:00:00,AWS_VECC,Kolkata / Netaji Subhash Chandra Bose Intl,Kolkata,West Bengal,22.6547,88.4467,6.0,23.0,1012.87,56.9,NOAA/NWS ASOS via IEM Archive (provided source file),0,NORMAL,,,,,,14,1,1,1,Winter,1,0.0,0.0,0.0,AWS_VIDP,1311.5126317276297,11.0,-5.080000000000041,-30.699999999999996,100.0,0,0.02
2025-01-01 14:30:00,AWS_VECC,Kolkata / Netaji Subhash Chandra Bose Intl,Kolkata,West Bengal,22.6547,88.4467,6.0,23.0,1012.87,56.9,NOAA/NWS ASOS via IEM Archive (provided source file),1,FROZEN_SENSOR,frozen_sensor,HIGH,temperature_c,controlled_fault_injection,Temperature value frozen across an unusually persistent interval.,14,1,1,1,Winter,1,0.0,0.0,0.0,AWS_VIDP,1311.5126317276297,10.0,-5.080000000000041,-25.1,83.0,1,0.135
2025-01-01 15:00:00,AWS_VECC,Kolkata / Netaji Subhash Chandra Bose Intl,Kolkata,West Bengal,22.6547,88.4467,6.0,23.0,1012.87,56.9,NOAA/NWS ASOS via IEM Archive (provided source file),1,FROZEN_SENSOR,frozen_sensor,HIGH,temperature_c,controlled_fault_injection,Temperature value frozen across an unusually persistent interval.,15,1,1,1,Winter,1,0.0,0.0,0.0,AWS_VIDP,1311.5126317276297,10.0,-5.080000000000041,-25.1,81.0,1,0.175
2025-01-01 15:30:00,AWS_VECC,Kolkata / Netaji Subhash Chandra Bose Intl,Kolkata,West Bengal,22.6547,88.4467,6.0,23.0,1012.87,53.3,NOAA/NWS ASOS via IEM Archive (provided source file),1,FROZEN_SENSOR,frozen_sensor,HIGH,temperature_c,controlled_fault_injection,Temperature value frozen across an unusually persistent interval.,15,1,1,1,Winter,1,0.0,0.0,-3.6000000000000014,AWS_VIDP,1311.5126317276297,10.0,-5.080000000000041,-28.700000000000003,79.0,1,0.215
2025-01-01 16:00:00,AWS_VECC,Kolkata / Netaji Subhash Chandra Bose Intl,Kolkata,West Bengal,22.6547,88.4467,6.0,23.0,1012.87,53.3,NOAA/NWS ASOS via IEM Archive (provided source file),1,FROZEN_SENSOR,frozen_sensor,HIGH,temperature_c,controlled_fault_injection,Temperature value frozen across an unusually persistent interval.,16,1,1,1,Winter,1,0.0,0.0,0.0,AWS_VIDP,1311.5126317276297,10.0,-5.080000000000041,-23.400000000000006,77.0,1,0.255
2025-01-01 16:30:00,AWS_VECC,Kolkata / Netaji Subhash Chandra Bose Intl,Kolkata,West Bengal,22.6547,88.4467,6.0,23.0,1012.87,56.6,NOAA/NWS ASOS via IEM Archive (provided source file),1,FROZEN_SENSOR,frozen_sensor,HIGH,temperature_c,controlled_fault_injection,Temperature value frozen across an unusually persistent interval.,16,1,1,1,Winter,1,0.0,0.0,3.3000000000000043,AWS_VIDP,1311.5126317276297,10.0,-4.059999999999945,-20.1,75.0,1,0.295
2025-01-01 17:00:00,AWS_VECC,Kolkata / Netaji Subhash Chandra Bose Intl,Kolkata,West Bengal,22.6547,88.4467,6.0,23.0,1012.87,56.6,NOAA/NWS ASOS via IEM Archive (provided source file),1,FROZEN_SENSOR,frozen_sensor,HIGH,temperature_c,controlled_fault_injection,Temperature value frozen across an unusually persistent interval.,17,1,1,1,Winter,1,0.0,0.0,0.0,AWS_VIDP,1311.5126317276297,10.0,-4.059999999999945,-20.1,73.0,1,0.335
2025-01-01 17:30:00,AWS_VECC,Kolkata / Netaji Subhash Chandra Bose Intl,Kolkata,West Bengal,22.6547,88.4467,6.0,23.0,1012.87,60.2,NOAA/NWS ASOS via IEM Archive (provided source file),1,FROZEN_SENSOR,frozen_sensor,HIGH,temperature_c,controlled_fault_injection,Temperature value frozen across an unusually persistent interval.,17,1,1,1,Winter,1,0.0,0.0,3.6000000000000014,AWS_VIDP,1311.5126317276297,11.0,-5.080000000000041,-16.5,71.0,1,0.375
2025-01-01 18:00:00,AWS_VECC,Kolkata / Netaji Subhash Chandra Bose Intl,Kolkata,West Bengal,22.6547,88.4467,6.0,23.0,1012.87,64.0,NOAA/NWS ASOS via IEM Archive (provided source file),1,FROZEN_SENSOR,frozen_sensor,HIGH,temperature_c,controlled_fault_injection,Temperature value frozen across an unusually persistent interval.,18,1,1,1,Winter,0,0.0,0.0,3.799999999999997,AWS_VIDP,1311.5126317276297,12.0,-5.080000000000041,-12.700000000000003,69.0,1,0.415
2025-01-01 18:30:00,AWS_VECC,Kolkata / Netaji Subhash Chandra Bose Intl,Kolkata,West Bengal,22.6547,88.4467,6.0,20.0,1013.88,64.0,NOAA/NWS ASOS via IEM Archive (provided source file),0,NORMAL,,,,,,18,1,1,1,Winter,0,-3.0,1.009999999999991,0.0,AWS_VIDP,1311.5126317276297,9.0,-4.07000000000005,-12.700000000000003,86.0,0,0.3
2025-01-01 19:00:00,AWS_VECC,Kolkata / Netaji Subhash Chandra Bose Intl,Kolkata,West Bengal,22.6547,88.4467,6.0,19.0,1013.88,68.2,NOAA/NWS ASOS via IEM Archive (provided source file),0,NORMAL,,,,,,19,1,1,1,Winter,0,-1.0,0.0,4.200000000000003,AWS_VIDP,1311.5126317276297,8.0,-4.07000000000005,-8.5,88.0,0,0.26
2025-01-01 19:30:00,AWS_VECC,Kolkata / Netaji Subhash Chandra Bose Intl,Kolkata,West Bengal,22.6547,88.4467,6.0,19.0,1013.88,68.2,NOAA/NWS ASOS via IEM Archive (provided source file),0,NORMAL,,,,,,19,1,1,1,Winter,0,0.0,0.0,0.0,AWS_VIDP,1311.5126317276297,8.0,-4.07000000000005,-8.5,90.0,0,0.22
2025-01-01 20:00:00,AWS_VECC,Kolkata / Netaji Subhash Chandra Bose Intl,Kolkata,West Bengal,22.6547,88.4467,6.0,19.0,1014.9,68.2,NOAA/NWS ASOS via IEM Archive (provided source file),0,NORMAL,,,,,,20,1,1,1,Winter,0,0.0,1.0199999999999818,0.0,AWS_VIDP,1311.5126317276297,9.0,-4.060000000000059,-25.299999999999997,92.0,0,0.18
2025-01-01 20:30:00,AWS_VECC,Kolkata / Netaji Subhash Chandra Bose Intl,Kolkata,West Bengal,22.6547,88.4467,6.0,18.0,1014.9,72.6,NOAA/NWS ASOS via IEM Archive (provided source file),0,NORMAL,,,,,,20,1,1,1,Winter,0,-1.0,0.0,4.3999999999999915,AWS_VIDP,1311.5126317276297,8.0,-4.060000000000059,-20.900000000000006,94.0,0,0.14
2025-01-01 21:00:00,AWS_VECC,Kolkata / Netaji Subhash Chandra Bose Intl,Kolkata,West Bengal,22.6547,88.4467,6.0,18.0,1015.92,72.6,NOAA/NWS ASOS via IEM Archive (provided source file),0,NORMAL,,,,,,21,1,1,1,Winter,0,0.0,1.0199999999999818,0.0,AWS_VIDP,1311.5126317276297,8.0,-3.0400000000000773,-20.900000000000006,96.0,0,0.1
2025-01-01 21:30:00,AWS_VECC,Kolkata / Netaji Subhash Chandra Bose Intl,Kolkata,West Bengal,22.6547,88.4467,6.0,18.0,1015.92,77.4,NOAA/NWS ASOS via IEM Archive (provided source file),0,NORMAL,,,,,,21,1,1,1,Winter,0,0.0,0.0,4.800000000000011,AWS_VIDP,1311.5126317276297,8.0,-3.0400000000000773,-16.099999999999994,98.0,0,0.06
2025-01-01 22:00:00,AWS_VECC,Kolkata / Netaji Subhash Chandra Bose Intl,Kolkata,West Bengal,22.6547,88.4467,6.0,18.0,1015.92,77.4,NOAA/NWS ASOS via IEM Archive (provided source file),0,NORMAL,,,,,,22,1,1,1,Winter,0,0.0,0.0,0.0,AWS_VIDP,1311.5126317276297,8.0,-3.0400000000000773,-16.099999999999994,100.0,0,0.02
2025-01-01 22:30:00,AWS_VECC,Kolkata / Netaji Subhash Chandra Bose Intl,Kolkata,West Bengal,22.6547,88.4467,6.0,17.0,1015.92,77.3,NOAA/NWS ASOS via IEM Archive (provided source file),0,NORMAL,,,,,,22,1,1,1,Winter,0,-1.0,0.0,-0.10000000000000853,AWS_VIDP,1311.5126317276297,7.0,-3.0400000000000773,-16.200000000000003,100.0,0,0.02
2025-01-01 23:00:00,AWS_VECC,Kolkata / Netaji Subhash Chandra Bose Intl,Kolkata,West Bengal,22.6547,88.4467,6.0,16.0,1015.92,82.4,NOAA/NWS ASOS via IEM Archive (provided source file),0,NORMAL,,,,,,23,1,1,1,Winter,0,-1.0,0.0,5.1000000000000085,AWS_VIDP,1311.5126317276297,6.0,-3.0400000000000773,-11.099999999999994,100.0,0,0.02
2025-01-01 23:30:00,AWS_VECC,Kolkata / Netaji Subhash Chandra Bose Intl,Kolkata,West Bengal,22.6547,88.4467,6.0,16.0,1015.92,82.4,NOAA/NWS ASOS via IEM Archive (provided source file),0,NORMAL,,,,,,23,1,1,1,Winter,0,0.0,0.0,0.0,AWS_VIDP,1311.5126317276297,6.0,-3.0400000000000773,-11.099999999999994,100.0,0,0.02
2025-01-02 00:00:00,AWS_VECC,Kolkata / Netaji Subhash Chandra Bose Intl,Kolkata,West Bengal,22.6547,88.4467,6.0,15.0,1014.9,87.8,NOAA/NWS ASOS via IEM Archive (provided source file),0,NORMAL,,,,,,0,2,1,2,Winter,0,-1.0,-1.0199999999999818,5.3999999999999915,AWS_VIDP,1311.5126317276297,6.0,-3.050000000000068,-5.6000000000000085,100.0,0,0.02
2025-01-02 00:30:00,AWS_VECC,Kolkata / Netaji Subhash Chandra Bose Intl,Kolkata,West Bengal,22.6547,88.4467,6.0,15.0,1014.9,87.8,NOAA/NWS ASOS via IEM Archive (provided source file),0,NORMAL,,,,,,0,2,1,2,Winter,0,0.0,0.0,0.0,AWS_VIDP,1311.5126317276297,6.0,-3.050000000000068,-5.6000000000000085,100.0,0,0.02
2025-01-02 01:00:00,AWS_VECC,Kolkata / Netaji Subhash Chandra Bose Intl,Kolkata,West Bengal,22.6547,88.4467,6.0,25.0,1014.9,87.8,NOAA/NWS ASOS via IEM Archive (provided source file),1,TEMPORAL_ANOMALY,temporal_anomaly,MEDIUM,temperature_c,controlled_fault_injection,Plausible absolute value made suspicious by abrupt temporal change.,1,2,1,2,Winter,0,10.0,0.0,0.0,AWS_VIDP,1311.5126317276297,16.0,-3.050000000000068,-5.6000000000000085,91.0,0,0.095
2025-01-02 01:30:00,AWS_VECC,Kolkata / Netaji Subhash Chandra Bose Intl,Kolkata,West Bengal,22.6547,88.4467,6.0,14.0,1014.9,87.7,NOAA/NWS ASOS via IEM Archive (provided source file),0,NORMAL,,,,,,1,2,1,2,Winter,0,-11.0,0.0,-0.09999999999999432,AWS_VIDP,1311.5126317276297,5.0,-3.050000000000068,-5.700000000000003,98.0,0,0.06
2025-01-02 02:00:00,AWS_VECC,Kolkata / Netaji Subhash Chandra Bose Intl,Kolkata,West Bengal,22.6547,88.4467,6.0,14.0,1013.88,87.7,NOAA/NWS ASOS via IEM Archive (provided source file),0,NORMAL,,,,,,2,2,1,2,Winter,0,0.0,-1.0199999999999818,0.0,AWS_VIDP,1311.5126317276297,5.0,-4.07000000000005,-5.700000000000003,98.0,0,0.06
2025-01-02 02:30:00,AWS_VECC,Kolkata / Netaji Subhash Chandra Bose Intl,Kolkata,West Bengal,22.6547,88.4467,6.0,14.0,1013.88,87.7,NOAA/NWS ASOS via IEM Archive (provided source file),0,NORMAL,,,,,,2,2,1,2,Winter,0,0.0,0.0,0.0,AWS_VIDP,1311.5126317276297,-3.0,-3.0499999999999545,-12.299999999999997,98.0,0,0.06
2025-01-02 03:00:00,AWS_VECC,Kolkata / Netaji Subhash Chandra Bose Intl,Kolkata,West Bengal,22.6547,88.4467,6.0,13.0,1013.88,93.6,NOAA/NWS ASOS via IEM Archive (provided source file),0,NORMAL,,,,,,3,2,1,2,Winter,0,-1.0,0.0,5.8999999999999915,AWS_VIDP,1311.5126317276297,4.0,-3.0499999999999545,-6.400000000000006,98.0,0,0.06
2025-01-02 03:30:00,AWS_VECC,Kolkata / Netaji Subhash Chandra Bose Intl,Kolkata,West Bengal,22.6547,88.4467,6.0,13.0,1013.88,87.6,NOAA/NWS ASOS via IEM Archive (provided source file),0,NORMAL,,,,,,3,2,1,2,Winter,0,0.0,0.0,-6.0,AWS_VIDP,1311.5126317276297,-4.0,-3.0499999999999545,-12.400000000000006,98.0,0,0.06
2025-01-02 04:00:00,AWS_VECC,Kolkata / Netaji Subhash Chandra Bose Intl,Kolkata,West Bengal,22.6547,88.4467,6.0,13.0,1013.88,93.6,NOAA/NWS ASOS via IEM Archive (provided source file),0,NORMAL,,,,,,4,2,1,2,Winter,0,0.0,0.0,6.0,AWS_VIDP,1311.5126317276297,4.0,-3.0499999999999545,-6.400000000000006,98.0,0,0.06
2025-01-02 04:30:00,AWS_VECC,Kolkata / Netaji Subhash Chandra Bose Intl,Kolkata,West Bengal,22.6547,88.4467,6.0,13.0,1014.9,87.6,NOAA/NWS ASOS via IEM Archive (provided source file),0,NORMAL,,,,,,4,2,1,2,Winter,0,0.0,1.0199999999999818,-6.0,AWS_VIDP,1311.5126317276297,-4.0,-2.0299999999999727,-12.400000000000006,98.0,0,0.06
2025-01-02 05:00:00,AWS_VECC,Kolkata / Netaji Subhash Chandra Bose Intl,Kolkata,West Bengal,22.6547,88.4467,6.0,13.0,1014.9,87.6,NOAA/NWS ASOS via IEM Archive (provided source file),0,NORMAL,,,,,,5,2,1,2,Winter,0,0.0,0.0,0.0,AWS_VIDP,1311.5126317276297,4.0,-2.0299999999999727,-5.800000000000011,100.0,0,0.02
2025-01-02 05:30:00,AWS_VECC,Kolkata / Netaji Subhash Chandra Bose Intl,Kolkata,West Bengal,22.6547,88.4467,6.0,13.0,1014.9,87.6,NOAA/NWS ASOS via IEM Archive (provided source file),0,NORMAL,,,,,,5,2,1,2,Winter,0,0.0,0.0,0.0,AWS_VIDP,1311.5126317276297,-4.0,-2.0299999999999727,-5.800000000000011,100.0,0,0.02
2025-01-02 06:00:00,AWS_VECC,Kolkata / Netaji Subhash Chandra Bose Intl,Kolkata,West Bengal,22.6547,88.4467,6.0,12.0,1015.92,93.6,NOAA/NWS ASOS via IEM Archive (provided source file),0,NORMAL,,,,,,6,2,1,2,Winter,1,-1.0,1.0199999999999818,6.0,AWS_VIDP,1311.5126317276297,4.0,-1.009999999999991,-6.400000000000006,100.0,0,0.02
2025-01-02 06:30:00,AWS_VECC,Kolkata / Netaji Subhash Chandra Bose Intl,Kolkata,West Bengal,22.6547,88.4467,6.0,12.0,100.91,87.6,NOAA/NWS ASOS via IEM Archive (provided source file),0,NORMAL,,,,,,6,2,1,2,Winter,1,0.0,-915.01,-6.0,AWS_VIDP,1311.5126317276297,4.0,-916.02,-12.400000000000006,100.0,0,0.02
2025-01-02 07:00:00,AWS_VECC,Kolkata / Netaji Subhash Chandra Bose Intl,Kolkata,West Bengal,22.6547,88.4467,6.0,12.0,1016.93,93.6,NOAA/NWS ASOS via IEM Archive (provided source file),0,NORMAL,,,,,,7,2,1,2,Winter,1,0.0,916.02,6.0,AWS_VIDP,1311.5126317276297,4.0,-1.0200000000000955,-6.400000000000006,100.0,0,0.02
2025-01-02 07:30:00,AWS_VECC,Kolkata / Netaji Subhash Chandra Bose Intl,Kolkata,West Bengal,22.6547,88.4467,6.0,13.0,100.91,93.6,NOAA/NWS ASOS via IEM Archive (provided source file),0,NORMAL,,,,,,7,2,1,2,Winter,1,1.0,-916.02,0.0,AWS_VIDP,1311.5126317276297,5.0,-917.0400000000001,-6.400000000000006,100.0,0,0.02
2025-01-02 08:00:00,AWS_VECC,Kolkata / Netaji Subhash Chandra Bose Intl,Kolkata,West Bengal,22.6547,88.4467,6.0,14.0,100.91,87.7,NOAA/NWS ASOS via IEM Archive (provided source file),0,NORMAL,,,,,,8,2,1,2,Winter,1,1.0,0.0,-5.8999999999999915,AWS_VIDP,1311.5126317276297,6.0,-917.0400000000001,-12.299999999999997,100.0,0,0.02
2025-01-02 08:30:00,AWS_VECC,Kolkata / Netaji Subhash Chandra Bose Intl,Kolkata,West Bengal,22.6547,88.4467,6.0,14.0,100.91,87.7,NOAA/NWS ASOS via IEM Archive (provided source file),0,NORMAL,,,,,,8,2,1,2,Winter,1,0.0,0.0,0.0,AWS_VIDP,1311.5126317276297,6.0,-918.0500000000001,-12.299999999999997,100.0,0,0.02
2025-01-02 09:00:00,AWS_VECC,Kolkata / Netaji Subhash Chandra Bose Intl,Kolkata,West Bengal,22.6547,88.4467,6.0,15.0,100.91,82.2,NOAA/NWS ASOS via IEM Archive (provided source file),0,NORMAL,,,,,,9,2,1,2,Winter,1,1.0,0.0,-5.5,AWS_VIDP,1311.5126317276297,6.0,-918.0500000000001,-11.200000000000003,100.0,0,0.02
2025-01-02 09:30:00,AWS_VECC,Kolkata / Netaji Subhash Chandra Bose Intl,Kolkata,West Bengal,22.6547,88.4467,6.0,16.0,1017.95,77.1,NOAA/NWS ASOS via IEM Archive (provided source file),0,NORMAL,,,,,,9,2,1,2,Winter,1,1.0,917.0400000000001,-5.1000000000000085,AWS_VIDP,1311.5126317276297,7.0,-2.0299999999999727,-16.30000000000001,100.0,0,0.02
2025-01-02 10:00:00,AWS_VECC,Kolkata / Netaji Subhash Chandra Bose Intl,Kolkata,West Bengal,22.6547,88.4467,6.0,17.0,1017.95,72.4,NOAA/NWS ASOS via IEM Archive (provided source file),0,NORMAL,,,,,,10,2,1,2,Winter,1,1.0,0.0,-4.699999999999989,AWS_VIDP,1311.5126317276297,8.0,-2.0299999999999727,-21.0,100.0,0,0.02
2025-01-02 10:30:00,AWS_VECC,Kolkata / Netaji Subhash Chandra Bose Intl,Kolkata,West Bengal,22.6547,88.4467,6.0,18.0,1016.93,68.0,NOAA/NWS ASOS via IEM Archive (provided source file),0,NORMAL,,,,,,10,2,1,2,Winter,1,1.0,-1.0200000000000955,-4.400000000000006,AWS_VIDP,1311.5126317276297,8.0,-3.050000000000068,-19.400000000000006,100.0,0,0.02
2025-01-02 11:00:00,AWS_VECC,Kolkata / Netaji Subhash Chandra Bose Intl,Kolkata,West Bengal,22.6547,88.4467,6.0,19.0,1016.93,63.8,NOAA/NWS ASOS via IEM Archive (provided source file),0,NORMAL,,,,,,11,2,1,2,Winter,1,1.0,0.0,-4.200000000000003,AWS_VIDP,1311.5126317276297,9.0,-3.050000000000068,-23.60000000000001,100.0,0,0.02
2025-01-02 11:30:00,AWS_VECC,Kolkata / Netaji Subhash Chandra Bose Intl,Kolkata,West Bengal,22.6547,88.4467,6.0,20.0,1015.92,60.0,NOAA/NWS ASOS via IEM Archive (provided source file),0,NORMAL,,,,,,11,2,1,2,Winter,1,1.0,-1.009999999999991,-3.799999999999997,AWS_VIDP,1311.5126317276297,10.0,-4.060000000000059,-27.400000000000006,100.0,0,0.02
2025-01-02 12:00:00,AWS_VECC,Kolkata / Netaji Subhash Chandra Bose Intl,Kolkata,West Bengal,22.6547,88.4467,6.0,20.0,1014.9,56.1,NOAA/NWS ASOS via IEM Archive (provided source file),0,NORMAL,,,,,,12,2,1,2,Winter,1,0.0,-1.0199999999999818,-3.8999999999999986,AWS_VIDP,1311.5126317276297,9.0,-5.080000000000041,-25.6,100.0,0,0.02
2025-01-02 12:30:00,AWS_VECC,Kolkata / Netaji Subhash Chandra Bose Intl,Kolkata,West Bengal,22.6547,88.4467,6.0,21.0,1014.9,56.4,NOAA/NWS ASOS via IEM Archive (provided source file),0,NORMAL,,,,,,12,2,1,2,Winter,1,1.0,0.0,0.29999999999999716,AWS_VIDP,1311.5126317276297,10.0,-5.080000000000041,-25.300000000000004,100.0,0,0.02
2025-01-02 13:00:00,AWS_VECC,Kolkata / Netaji Subhash Chandra Bose Intl,Kolkata,West Bengal,22.6547,88.4467,6.0,21.0,1013.88,56.4,NOAA/NWS ASOS via IEM Archive (provided source file),0,NORMAL,,,,,,13,2,1,2,Winter,1,0.0,-1.0199999999999818,0.0,AWS_VIDP,1311.5126317276297,10.0,-5.080000000000041,-25.300000000000004,100.0,0,0.02
2025-01-02 13:30:00,AWS_VECC,Kolkata / Netaji Subhash Chandra Bose Intl,Kolkata,West Bengal,22.6547,88.4467,6.0,22.0,1013.88,53.0,NOAA/NWS ASOS via IEM Archive (provided source file),0,NORMAL,,,,,,13,2,1,2,Winter,1,1.0,0.0,-3.3999999999999986,AWS_VIDP,1311.5126317276297,10.0,-5.080000000000041,-23.5,100.0,0,0.02
2025-01-02 14:00:00,AWS_VECC,Kolkata / Netaji Subhash Chandra Bose Intl,Kolkata,West Bengal,22.6547,88.4467,6.0,22.0,1013.88,53.0,NOAA/NWS ASOS via IEM Archive (provided source file),0,NORMAL,,,,,,14,2,1,2,Winter,1,0.0,0.0,0.0,AWS_VIDP,1311.5126317276297,10.0,-4.07000000000005,-23.5,100.0,0,0.02
2025-01-02 14:30:00,AWS_VECC,Kolkata / Netaji Subhash Chandra Bose Intl,Kolkata,West Bengal,22.6547,88.4467,6.0,22.0,1012.87,53.0,NOAA/NWS ASOS via IEM Archive (provided source file),0,NORMAL,,,,,,14,2,1,2,Winter,1,0.0,-1.009999999999991,0.0,AWS_VIDP,1311.5126317276297,9.0,-5.080000000000041,-23.700000000000003,100.0,0,0.02
2025-01-02 15:00:00,AWS_VECC,Kolkata / Netaji Subhash Chandra Bose Intl,Kolkata,West Bengal,22.6547,88.4467,6.0,22.0,1012.87,53.0,NOAA/NWS ASOS via IEM Archive (provided source file),0,NORMAL,,,,,,15,2,1,2,Winter,1,0.0,0.0,0.0,AWS_VIDP,1311.5126317276297,9.0,-5.080000000000041,-23.700000000000003,100.0,0,0.02
2025-01-02 15:30:00,AWS_VECC,Kolkata / Netaji Subhash Chandra Bose Intl,Kolkata,West Bengal,22.6547,88.4467,6.0,22.0,1012.87,53.0,NOAA/NWS ASOS via IEM Archive (provided source file),0,NORMAL,,,,,,15,2,1,2,Winter,1,0.0,0.0,0.0,AWS_VIDP,1311.5126317276297,9.0,-5.080000000000041,-23.700000000000003,100.0,0,0.02
2025-01-02 16:00:00,AWS_VECC,Kolkata / Netaji Subhash Chandra Bose Intl,Kolkata,West Bengal,22.6547,88.4467,6.0,22.0,1012.87,53.0,NOAA/NWS ASOS via IEM Archive (provided source file),0,NORMAL,,,,,,16,2,1,2,Winter,1,0.0,0.0,0.0,AWS_VIDP,1311.5126317276297,8.0,-4.059999999999945,-23.799999999999997,100.0,0,0.02
2025-01-02 16:30:00,AWS_VECC,Kolkata / Netaji Subhash Chandra Bose Intl,Kolkata,West Bengal,22.6547,88.4467,6.0,21.0,1012.87,56.4,NOAA/NWS ASOS via IEM Archive (provided source file),0,NORMAL,,,,,,16,2,1,2,Winter,1,-1.0,0.0,3.3999999999999986,AWS_VIDP,1311.5126317276297,7.0,-4.059999999999945,-20.4,100.0,0,0.02
2025-01-02 17:00:00,AWS_VECC,Kolkata / Netaji Subhash Chandra Bose Intl,Kolkata,West Bengal,22.6547,88.4467,6.0,21.0,1013.88,56.4,NOAA/NWS ASOS via IEM Archive (provided source file),0,NORMAL,,,,,,17,2,1,2,Winter,1,0.0,1.009999999999991,0.0,AWS_VIDP,1311.5126317276297,7.0,-3.0499999999999545,-25.699999999999996,100.0,0,0.02
2025-01-02 17:30:00,AWS_VECC,Kolkata / Netaji Subhash Chandra Bose Intl,Kolkata,West Bengal,22.6547,88.4467,6.0,20.0,1013.88,60.0,NOAA/NWS ASOS via IEM Archive (provided source file),0,NORMAL,,,,,,17,2,1,2,Winter,1,-1.0,0.0,3.6000000000000014,AWS_VIDP,1311.5126317276297,7.0,-3.0499999999999545,-27.599999999999994,100.0,0,0.02
2025-01-02 18:00:00,AWS_VECC,Kolkata / Netaji Subhash Chandra Bose Intl,Kolkata,West Bengal,22.6547,88.4467,6.0,19.0,1013.88,63.8,NOAA/NWS ASOS via IEM Archive (provided source file),0,NORMAL,,,,,,18,2,1,2,Winter,0,-1.0,0.0,3.799999999999997,AWS_VIDP,1311.5126317276297,7.0,-3.0499999999999545,-23.799999999999997,100.0,0,0.02
2025-01-02 18:30:00,AWS_VECC,Kolkata / Netaji Subhash Chandra Bose Intl,Kolkata,West Bengal,22.6547,88.4467,6.0,19.0,1013.88,63.8,NOAA/NWS ASOS via IEM Archive (provided source file),0,NORMAL,,,,,,18,2,1,2,Winter,0,0.0,0.0,0.0,AWS_VIDP,1311.5126317276297,8.0,-4.07000000000005,-29.799999999999997,100.0,0,0.02
2025-01-02 19:00:00,AWS_VECC,Kolkata / Netaji Subhash Chandra Bose Intl,Kolkata,West Bengal,22.6547,88.4467,6.0,18.0,1014.9,68.0,NOAA/NWS ASOS via IEM Archive (provided source file),0,NORMAL,,,,,,19,2,1,2,Winter,0,-1.0,1.0199999999999818,4.200000000000003,AWS_VIDP,1311.5126317276297,7.0,-3.050000000000068,-25.599999999999994,100.0,0,0.02
2025-01-02 19:30:00,AWS_VECC,Kolkata / Netaji Subhash Chandra Bose Intl,Kolkata,West Bengal,22.6547,88.4467,6.0,18.0,1014.9,68.0,NOAA/NWS ASOS via IEM Archive (provided source file),0,NORMAL,,,,,,19,2,1,2,Winter,0,0.0,0.0,0.0,AWS_VIDP,1311.5126317276297,7.0,-3.050000000000068,-25.599999999999994,100.0,0,0.02
2025-01-02 20:00:00,AWS_VECC,Kolkata / Netaji Subhash Chandra Bose Intl,Kolkata,West Bengal,22.6547,88.4467,6.0,18.0,1015.92,68.0,NOAA/NWS ASOS via IEM Archive (provided source file),0,NORMAL,,,,,,20,2,1,2,Winter,0,0.0,1.0199999999999818,0.0,AWS_VIDP,1311.5126317276297,7.0,-2.0300000000000864,-25.599999999999994,100.0,0,0.02
2025-01-02 20:30:00,AWS_VECC,Kolkata / Netaji Subhash Chandra Bose Intl,Kolkata,West Bengal,22.6547,88.4467,6.0,17.0,1015.92,72.4,NOAA/NWS ASOS via IEM Archive (provided source file),0,NORMAL,,,,,,20,2,1,2,Winter,0,-1.0,0.0,4.400000000000006,AWS_VIDP,1311.5126317276297,6.0,-2.0300000000000864,-21.19999999999999,100.0,0,0.02
2025-01-02 21:00:00,AWS_VECC,Kolkata / Netaji Subhash Chandra Bose Intl,Kolkata,West Bengal,22.6547,88.4467,6.0,16.0,1015.92,77.1,NOAA/NWS ASOS via IEM Archive (provided source file),0,NORMAL,,,,,,21,2,1,2,Winter,0,-1.0,0.0,4.699999999999989,AWS_VIDP,1311.5126317276297,6.0,-3.0400000000000773,-22.900000000000006,100.0,0,0.02
2025-01-02 21:30:00,AWS_VECC,Kolkata / Netaji Subhash Chandra Bose Intl,Kolkata,West Bengal,22.6547,88.4467,6.0,16.0,1015.92,77.1,NOAA/NWS ASOS via IEM Archive (provided source file),0,NORMAL,,,,,,21,2,1,2,Winter,0,0.0,0.0,0.0,AWS_VIDP,1311.5126317276297,6.0,-3.0400000000000773,-22.900000000000006,100.0,0,0.02
2025-01-02 22:00:00,AWS_VECC,Kolkata / Netaji Subhash Chandra Bose Intl,Kolkata,West Bengal,22.6547,88.4467,6.0,16.0,1015.92,77.1,NOAA/NWS ASOS via IEM Archive (provided source file),0,NORMAL,,,,,,22,2,1,2,Winter,0,0.0,0.0,0.0,AWS_VIDP,1311.5126317276297,7.0,-3.0400000000000773,-22.900000000000006,100.0,0,0.02
2025-01-02 22:30:00,AWS_VECC,Kolkata / Netaji Subhash Chandra Bose Intl,Kolkata,West Bengal,22.6547,88.4467,6.0,16.0,1015.92,77.1,NOAA/NWS ASOS via IEM Archive (provided source file),0,NORMAL,,,,,,22,2,1,2,Winter,0,0.0,0.0,0.0,AWS_VIDP,1311.5126317276297,7.0,-3.0400000000000773,-22.900000000000006,100.0,0,0.02
2025-01-02 23:00:00,AWS_VECC,Kolkata / Netaji Subhash Chandra Bose Intl,Kolkata,West Bengal,22.6547,88.4467,6.0,16.0,1015.92,77.1,NOAA/NWS ASOS via IEM Archive (provided source file),0,NORMAL,,,,,,23,2,1,2,Winter,0,0.0,0.0,0.0,AWS_VIDP,1311.5126317276297,7.0,-3.0400000000000773,-22.900000000000006,100.0,0,0.02
2025-01-02 23:30:00,AWS_VECC,Kolkata / Netaji Subhash Chandra Bose Intl,Kolkata,West Bengal,22.6547,88.4467,6.0,16.0,1015.92,82.4,NOAA/NWS ASOS via IEM Archive (provided source file),0,NORMAL,,,,,,23,2,1,2,Winter,0,0.0,0.0,5.300000000000011,AWS_VIDP,1311.5126317276297,6.0,-3.0400000000000773,-11.099999999999994,100.0,0,0.02
2025-01-03 00:00:00,AWS_VECC,Kolkata / Netaji Subhash Chandra Bose Intl,Kolkata,West Bengal,22.6547,88.4467,6.0,15.0,1015.92,82.2,NOAA/NWS ASOS via IEM Archive (provided source file),0,NORMAL,,,,,,0,3,1,3,Winter,0,-1.0,0.0,-0.20000000000000284,AWS_VIDP,1311.5126317276297,5.0,-2.0300000000000864,-11.299999999999997,100.0,0,0.02
2025-01-03 00:30:00,AWS_VECC,Kolkata / Netaji Subhash Chandra Bose Intl,Kolkata,West Bengal,22.6547,88.4467,6.0,15.0,1014.9,82.2,NOAA/NWS ASOS via IEM Archive (provided source file),0,NORMAL,,,,,,0,3,1,3,Winter,0,0.0,-1.0199999999999818,0.0,AWS_VIDP,1311.5126317276297,6.0,-3.050000000000068,-17.799999999999997,100.0,0,0.02
2025-01-03 01:00:00,AWS_VECC,Kolkata / Netaji Subhash Chandra Bose Intl,Kolkata,West Bengal,22.6547,88.4467,6.0,15.0,1014.9,82.2,NOAA/NWS ASOS via IEM Archive (provided source file),0,NORMAL,,,,,,1,3,1,3,Winter,0,0.0,0.0,0.0,AWS_VIDP,1311.5126317276297,6.0,-3.050000000000068,-17.799999999999997,100.0,0,0.02
2025-01-03 01:30:00,AWS_VECC,Kolkata / Netaji Subhash Chandra Bose Intl,Kolkata,West Bengal,22.6547,88.4467,6.0,15.0,1014.9,82.2,NOAA/NWS ASOS via IEM Archive (provided source file),0,NORMAL,,,,,,1,3,1,3,Winter,0,0.0,0.0,0.0,AWS_VIDP,1311.5126317276297,6.0,-3.050000000000068,-17.799999999999997,100.0,0,0.02
2025-01-03 02:00:00,AWS_VECC,Kolkata / Netaji Subhash Chandra Bose Intl,Kolkata,West Bengal,22.6547,88.4467,6.0,14.0,1014.9,87.7,NOAA/NWS ASOS via IEM Archive (provided source file),0,NORMAL,,,,,,2,3,1,3,Winter,0,-1.0,0.0,5.5,AWS_VIDP,1311.5126317276297,5.0,-3.050000000000068,-12.299999999999997,100.0,0,0.02
2025-01-03 02:30:00,AWS_VECC,Kolkata / Netaji Subhash Chandra Bose Intl,Kolkata,West Bengal,22.6547,88.4467,6.0,14.0,1014.9,87.7,NOAA/NWS ASOS via IEM Archive (provided source file),0,NORMAL,,,,,,2,3,1,3,Winter,0,0.0,0.0,0.0,AWS_VIDP,1311.5126317276297,5.0,-3.050000000000068,-12.299999999999997,100.0,0,0.02
2025-01-03 03:00:00,AWS_VECC,Kolkata / Netaji Subhash Chandra Bose Intl,Kolkata,West Bengal,22.6547,88.4467,6.0,13.0,1014.9,93.6,NOAA/NWS ASOS via IEM Archive (provided source file),0,NORMAL,,,,,,3,3,1,3,Winter,0,-1.0,0.0,5.8999999999999915,AWS_VIDP,1311.5126317276297,4.0,-3.050000000000068,-6.400000000000006,100.0,0,0.02
2025-01-03 03:30:00,AWS_VECC,Kolkata / Netaji Subhash Chandra Bose Intl,Kolkata,West Bengal,22.6547,88.4467,6.0,13.0,1014.9,93.6,NOAA/NWS ASOS via IEM Archive (provided source file),0,NORMAL,,,,,,3,3,1,3,Winter,0,0.0,0.0,0.0,AWS_VIDP,1311.5126317276297,4.0,-3.050000000000068,-6.400000000000006,100.0,0,0.02
2025-01-03 04:00:00,AWS_VECC,Kolkata / Netaji Subhash Chandra Bose Intl,Kolkata,West Bengal,22.6547,88.4467,6.0,13.0,1014.9,93.6,NOAA/NWS ASOS via IEM Archive (provided source file),0,NORMAL,,,,,,4,3,1,3,Winter,0,0.0,0.0,0.0,AWS_VIDP,1311.5126317276297,4.0,-3.050000000000068,-6.400000000000006,100.0,0,0.02
2025-01-03 04:30:00,AWS_VECC,Kolkata / Netaji Subhash Chandra Bose Intl,Kolkata,West Bengal,22.6547,88.4467,6.0,13.0,1014.9,93.6,NOAA/NWS ASOS via IEM Archive (provided source file),0,NORMAL,,,,,,4,3,1,3,Winter,0,0.0,0.0,0.0,AWS_VIDP,1311.5126317276297,4.0,-2.0299999999999727,-6.400000000000006,100.0,0,0.02
2025-01-03 05:00:00,AWS_VECC,Kolkata / Netaji Subhash Chandra Bose Intl,Kolkata,West Bengal,22.6547,88.4467,6.0,12.0,1014.9,93.6,NOAA/NWS ASOS via IEM Archive (provided source file),0,NORMAL,,,,,,5,3,1,3,Winter,0,-1.0,0.0,0.0,AWS_VIDP,1311.5126317276297,3.0,-2.0299999999999727,-6.400000000000006,100.0,0,0.02
2025-01-03 05:30:00,AWS_VECC,Kolkata / Netaji Subhash Chandra Bose Intl,Kolkata,West Bengal,22.6547,88.4467,6.0,13.0,1015.92,87.6,NOAA/NWS ASOS via IEM Archive (provided source file),0,NORMAL,,,,,,5,3,1,3,Winter,0,1.0,1.0199999999999818,-6.0,AWS_VIDP,1311.5126317276297,4.0,-1.009999999999991,-12.400000000000006,100.0,0,0.02
2025-01-03 06:00:00,AWS_VECC,Kolkata / Netaji Subhash Chandra Bose Intl,Kolkata,West Bengal,22.6547,88.4467,6.0,13.0,1015.92,87.6,NOAA/NWS ASOS via IEM Archive (provided source file),0,NORMAL,,,,,,6,3,1,3,Winter,1,0.0,0.0,0.0,AWS_VIDP,1311.5126317276297,5.0,-2.0300000000000864,-12.400000000000006,100.0,0,0.02
2025-01-03 06:30:00,AWS_VECC,Kolkata / Netaji Subhash Chandra Bose Intl,Kolkata,West Bengal,22.6547,88.4467,6.0,13.0,1016.93,87.6,NOAA/NWS ASOS via IEM Archive (provided source file),0,NORMAL,,,,,,6,3,1,3,Winter,1,0.0,1.009999999999991,0.0,AWS_VIDP,1311.5126317276297,5.0,-1.0200000000000955,-12.400000000000006,100.0,0,0.02
2025-01-03 07:00:00,AWS_VECC,Kolkata / Netaji Subhash Chandra Bose Intl,Kolkata,West Bengal,22.6547,88.4467,6.0,13.0,1016.93,87.6,NOAA/NWS ASOS via IEM Archive (provided source file),0,NORMAL,,,,,,7,3,1,3,Winter,1,0.0,0.0,0.0,AWS_VIDP,1311.5126317276297,5.0,-1.0200000000000955,-12.400000000000006,100.0,0,0.02
2025-01-03 07:30:00,AWS_VECC,Kolkata / Netaji Subhash Chandra Bose Intl,Kolkata,West Bengal,22.6547,88.4467,6.0,14.0,1016.93,82.1,NOAA/NWS ASOS via IEM Archive (provided source file),0,NORMAL,,,,,,7,3,1,3,Winter,1,1.0,0.0,-5.5,AWS_VIDP,1311.5126317276297,6.0,-2.0300000000000864,-17.900000000000006,100.0,0,0.02
2025-01-03 08:00:00,AWS_VECC,Kolkata / Netaji Subhash Chandra Bose Intl,Kolkata,West Bengal,22.6547,88.4467,6.0,14.0,1017.95,82.1,NOAA/NWS ASOS via IEM Archive (provided source file),0,NORMAL,,,,,,8,3,1,3,Winter,1,0.0,1.0200000000000955,0.0,AWS_VIDP,1311.5126317276297,6.0,-1.009999999999991,-17.900000000000006,100.0,0,0.02
2025-01-03 09:30:00,AWS_VECC,Kolkata / Netaji Subhash Chandra Bose Intl,Kolkata,West Bengal,22.6547,88.4467,6.0,16.0,1017.95,77.1,NOAA/NWS ASOS via IEM Archive (provided source file),0,NORMAL,,,,,,9,3,1,3,Winter,1,2.0,0.0,-5.0,AWS_VIDP,1311.5126317276297,7.0,-2.0299999999999727,-22.900000000000006,100.0,0,0.02
2025-01-03 10:00:00,AWS_VECC,Kolkata / Netaji Subhash Chandra Bose Intl,Kolkata,West Bengal,22.6547,88.4467,6.0,17.0,1017.95,72.4,NOAA/NWS ASOS via IEM Archive (provided source file),0,NORMAL,,,,,,10,3,1,3,Winter,1,1.0,0.0,-4.699999999999989,AWS_VIDP,1311.5126317276297,7.0,-2.0299999999999727,-27.599999999999994,100.0,0,0.02
2025-01-03 10:30:00,AWS_VECC,Kolkata / Netaji Subhash Chandra Bose Intl,Kolkata,West Bengal,22.6547,88.4467,6.0,18.0,1016.93,68.0,NOAA/NWS ASOS via IEM Archive (provided source file),0,NORMAL,,,,,,10,3,1,3,Winter,1,1.0,-1.0200000000000955,-4.400000000000006,AWS_VIDP,1311.5126317276297,8.0,-4.07000000000005,-32.0,100.0,0,0.02
2025-01-03 11:00:00,AWS_VECC,Kolkata / Netaji Subhash Chandra Bose Intl,Kolkata,West Bengal,22.6547,88.4467,6.0,19.0,1016.93,63.8,NOAA/NWS ASOS via IEM Archive (provided source file),0,NORMAL,,,,,,11,3,1,3,Winter,1,1.0,0.0,-4.200000000000003,AWS_VIDP,1311.5126317276297,8.0,-4.07000000000005,-29.799999999999997,100.0,0,0.02
2025-01-03 11:30:00,AWS_VECC,Kolkata / Netaji Subhash Chandra Bose Intl,Kolkata,West Bengal,22.6547,88.4467,6.0,19.0,1015.92,68.2,NOAA/NWS ASOS via IEM Archive (provided source file),0,NORMAL,,,,,,11,3,1,3,Winter,1,0.0,-1.009999999999991,4.400000000000006,AWS_VIDP,1311.5126317276297,6.0,-4.060000000000059,-13.799999999999997,100.0,0,0.02
2025-01-03 12:00:00,AWS_VECC,Kolkata / Netaji Subhash Chandra Bose Intl,Kolkata,West Bengal,22.6547,88.4467,6.0,20.0,1014.9,64.0,NOAA/NWS ASOS via IEM Archive (provided source file),0,NORMAL,,,,,,12,3,1,3,Winter,1,1.0,-1.0199999999999818,-4.200000000000003,AWS_VIDP,1311.5126317276297,6.0,-5.080000000000041,-23.700000000000003,100.0,0,0.02
2025-01-03 12:30:00,AWS_VECC,Kolkata / Netaji Subhash Chandra Bose Intl,Kolkata,West Bengal,22.6547,88.4467,6.0,21.0,1014.9,60.2,NOAA/NWS ASOS via IEM Archive (provided source file),0,NORMAL,,,,,,12,3,1,3,Winter,1,1.0,0.0,-3.799999999999997,AWS_VIDP,1311.5126317276297,5.0,-14.219999999999914,-22.200000000000003,100.0,0,0.02
2025-01-03 13:00:00,AWS_VECC,Kolkata / Netaji Subhash Chandra Bose Intl,Kolkata,West Bengal,22.6547,88.4467,6.0,21.0,1013.88,64.3,NOAA/NWS ASOS via IEM Archive (provided source file),0,NORMAL,,,,,,13,3,1,3,Winter,1,0.0,-1.0199999999999818,4.099999999999994,AWS_VIDP,1311.5126317276297,5.0,-5.080000000000041,-18.10000000000001,100.0,0,0.02
2025-01-03 13:30:00,AWS_VECC,Kolkata / Netaji Subhash Chandra Bose Intl,Kolkata,West Bengal,22.6547,88.4467,6.0,21.0,1013.88,64.3,NOAA/NWS ASOS via IEM Archive (provided source file),0,NORMAL,,,,,,13,3,1,3,Winter,1,0.0,0.0,0.0,AWS_VIDP,1311.5126317276297,4.0,-5.080000000000041,-18.200000000000003,100.0,0,0.02
2025-01-03 14:00:00,AWS_VECC,Kolkata / Netaji Subhash Chandra Bose Intl,Kolkata,West Bengal,22.6547,88.4467,6.0,21.0,1013.88,64.3,NOAA/NWS ASOS via IEM Archive (provided source file),0,NORMAL,,,,,,14,3,1,3,Winter,1,0.0,0.0,0.0,AWS_VIDP,1311.5126317276297,3.0,-4.07000000000005,-3.700000000000003,100.0,0,0.02
2025-01-03 14:30:00,AWS_VECC,Kolkata / Netaji Subhash Chandra Bose Intl,Kolkata,West Bengal,22.6547,88.4467,6.0,22.0,1012.87,60.4,NOAA/NWS ASOS via IEM Archive (provided source file),0,NORMAL,,,,,,14,3,1,3,Winter,1,1.0,-1.009999999999991,-3.8999999999999986,AWS_VIDP,1311.5126317276297,4.0,-5.080000000000041,-7.600000000000001,100.0,0,0.02
2025-01-03 15:00:00,AWS_VECC,Kolkata / Netaji Subhash Chandra Bose Intl,Kolkata,West Bengal,22.6547,88.4467,6.0,22.0,1012.87,60.4,NOAA/NWS ASOS via IEM Archive (provided source file),0,NORMAL,,,,,,15,3,1,3,Winter,1,0.0,0.0,0.0,AWS_VIDP,1311.5126317276297,4.0,-4.059999999999945,-3.200000000000003,100.0,0,0.02
2025-01-03 15:30:00,AWS_VECC,Kolkata / Netaji Subhash Chandra Bose Intl,Kolkata,West Bengal,22.6547,88.4467,6.0,22.0,1012.87,60.4,NOAA/NWS ASOS via IEM Archive (provided source file),0,NORMAL,,,,,,15,3,1,3,Winter,1,0.0,0.0,0.0,AWS_VIDP,1311.5126317276297,4.0,-4.059999999999945,-3.200000000000003,100.0,0,0.02
2025-01-03 16:00:00,AWS_VECC,Kolkata / Netaji Subhash Chandra Bose Intl,Kolkata,West Bengal,22.6547,88.4467,6.0,22.0,1012.87,60.4,NOAA/NWS ASOS via IEM Archive (provided source file),0,NORMAL,,,,,,16,3,1,3,Winter,1,0.0,0.0,0.0,AWS_VIDP,1311.5126317276297,4.0,-4.059999999999945,-3.200000000000003,100.0,0,0.02
2025-01-03 16:30:00,AWS_VECC,Kolkata / Netaji Subhash Chandra Bose Intl,Kolkata,West Bengal,22.6547,88.4467,6.0,21.0,1012.87,64.3,NOAA/NWS ASOS via IEM Archive (provided source file),0,NORMAL,,,,,,16,3,1,3,Winter,1,-1.0,0.0,3.8999999999999986,AWS_VIDP,1311.5126317276297,3.0,-4.059999999999945,0.6999999999999957,100.0,0,0.02
2025-01-03 17:00:00,AWS_VECC,Kolkata / Netaji Subhash Chandra Bose Intl,Kolkata,West Bengal,22.6547,88.4467,6.0,21.0,1013.88,64.3,NOAA/NWS ASOS via IEM Archive (provided source file),0,NORMAL,,,,,,17,3,1,3,Winter,1,0.0,1.009999999999991,0.0,AWS_VIDP,1311.5126317276297,3.0,-3.0499999999999545,0.6999999999999957,100.0,0,0.02
2025-01-03 17:30:00,AWS_VECC,Kolkata / Netaji Subhash Chandra Bose Intl,Kolkata,West Bengal,22.6547,88.4467,6.0,21.0,1013.88,64.3,NOAA/NWS ASOS via IEM Archive (provided source file),0,NORMAL,,,,,,17,3,1,3,Winter,1,0.0,0.0,0.0,AWS_VIDP,1311.5126317276297,4.0,-3.0499999999999545,-8.100000000000009,100.0,0,0.02
2025-01-03 18:00:00,AWS_VECC,Kolkata / Netaji Subhash Chandra Bose Intl,Kolkata,West Bengal,22.6547,88.4467,6.0,21.0,1013.88,64.3,NOAA/NWS ASOS via IEM Archive (provided source file),0,NORMAL,,,,,,18,3,1,3,Winter,0,0.0,0.0,0.0,AWS_VIDP,1311.5126317276297,6.0,-3.0499999999999545,-17.900000000000006,100.0,0,0.02
2025-01-03 18:30:00,AWS_VECC,Kolkata / Netaji Subhash Chandra Bose Intl,Kolkata,West Bengal,22.6547,88.4467,6.0,20.0,1013.88,68.4,NOAA/NWS ASOS via IEM Archive (provided source file),0,NORMAL,,,,,,18,3,1,3,Winter,0,-1.0,0.0,4.1000000000000085,AWS_VIDP,1311.5126317276297,5.0,-3.0499999999999545,-13.799999999999997,100.0,0,0.02
2025-01-03 19:00:00,AWS_VECC,Kolkata / Netaji Subhash Chandra Bose Intl,Kolkata,West Bengal,22.6547,88.4467,6.0,20.0,1014.9,68.4,NOAA/NWS ASOS via IEM Archive (provided source file),0,NORMAL,,,,,,19,3,1,3,Winter,0,0.0,1.0199999999999818,0.0,AWS_VIDP,1311.5126317276297,6.0,-2.0299999999999727,-19.299999999999997,100.0,0,0.02
2025-01-03 19:30:00,AWS_VECC,Kolkata / Netaji Subhash Chandra Bose Intl,Kolkata,West Bengal,22.6547,88.4467,6.0,19.0,1014.9,72.7,NOAA/NWS ASOS via IEM Archive (provided source file),0,NORMAL,,,,,,19,3,1,3,Winter,0,-1.0,0.0,4.299999999999997,AWS_VIDP,1311.5126317276297,6.0,-2.0299999999999727,-20.89999999999999,100.0,0,0.02
2025-01-03 20:00:00,AWS_VECC,Kolkata / Netaji Subhash Chandra Bose Intl,Kolkata,West Bengal,22.6547,88.4467,6.0,18.0,1014.9,77.4,NOAA/NWS ASOS via IEM Archive (provided source file),0,NORMAL,,,,,,20,3,1,3,Winter,0,-1.0,0.0,4.700000000000003,AWS_VIDP,1311.5126317276297,5.0,-2.0299999999999727,-16.19999999999999,100.0,0,0.02
2025-01-03 20:30:00,AWS_VECC,Kolkata / Netaji Subhash Chandra Bose Intl,Kolkata,West Bengal,22.6547,88.4467,6.0,17.0,1014.9,82.5,NOAA/NWS ASOS via IEM Archive (provided source file),0,NORMAL,,,,,,20,3,1,3,Winter,0,-1.0,0.0,5.099999999999994,AWS_VIDP,1311.5126317276297,4.0,-2.0299999999999727,-11.099999999999994,100.0,0,0.02
2025-01-03 21:00:00,AWS_VECC,Kolkata / Netaji Subhash Chandra Bose Intl,Kolkata,West Bengal,22.6547,88.4467,6.0,17.0,1014.9,82.5,NOAA/NWS ASOS via IEM Archive (provided source file),0,NORMAL,,,,,,21,3,1,3,Winter,0,0.0,0.0,0.0,AWS_VIDP,1311.5126317276297,5.0,-2.0299999999999727,-11.099999999999994,100.0,0,0.02
2025-01-03 21:30:00,AWS_VECC,Kolkata / Netaji Subhash Chandra Bose Intl,Kolkata,West Bengal,22.6547,88.4467,6.0,17.0,1014.9,82.5,NOAA/NWS ASOS via IEM Archive (provided source file),0,NORMAL,,,,,,21,3,1,3,Winter,0,0.0,0.0,0.0,AWS_VIDP,1311.5126317276297,7.0,-2.0299999999999727,,100.0,0,0.02
2025-01-03 22:00:00,AWS_VECC,Kolkata / Netaji Subhash Chandra Bose Intl,Kolkata,West Bengal,22.6547,88.4467,6.0,17.0,1014.9,82.5,NOAA/NWS ASOS via IEM Archive (provided source file),0,NORMAL,,,,,,22,3,1,3,Winter,0,0.0,0.0,0.0,AWS_VIDP,1311.5126317276297,6.0,-2.0299999999999727,-11.099999999999994,100.0,0,0.02
2025-01-03 22:30:00,AWS_VECC,Kolkata / Netaji Subhash Chandra Bose Intl,Kolkata,West Bengal,22.6547,88.4467,6.0,16.0,1014.9,87.9,NOAA/NWS ASOS via IEM Archive (provided source file),0,NORMAL,,,,,,22,3,1,3,Winter,0,-1.0,0.0,5.400000000000006,AWS_VIDP,1311.5126317276297,6.0,-2.0299999999999727,-12.099999999999994,100.0,0,0.02
2025-01-03 23:00:00,AWS_VECC,Kolkata / Netaji Subhash Chandra Bose Intl,Kolkata,West Bengal,22.6547,88.4467,6.0,16.0,1014.9,87.9,NOAA/NWS ASOS via IEM Archive (provided source file),0,NORMAL,,,,,,23,3,1,3,Winter,0,0.0,0.0,0.0,AWS_VIDP,1311.5126317276297,6.0,-2.0299999999999727,-12.099999999999994,100.0,0,0.02
2025-01-03 23:30:00,AWS_VECC,Kolkata / Netaji Subhash Chandra Bose Intl,Kolkata,West Bengal,22.6547,88.4467,6.0,16.0,1013.88,87.9,NOAA/NWS ASOS via IEM Archive (provided source file),0,NORMAL,,,,,,23,3,1,3,Winter,0,0.0,-1.0199999999999818,0.0,AWS_VIDP,1311.5126317276297,6.0,-3.0499999999999545,-12.099999999999994,100.0,0,0.02
2025-01-04 00:00:00,AWS_VECC,Kolkata / Netaji Subhash Chandra Bose Intl,Kolkata,West Bengal,22.6547,88.4467,6.0,15.0,1013.88,93.7,NOAA/NWS ASOS via IEM Archive (provided source file),0,NORMAL,,,,,,0,4,1,4,Winter,0,-1.0,0.0,5.799999999999997,AWS_VIDP,1311.5126317276297,5.0,-2.0399999999999636,-6.299999999999997,100.0,0,0.02
2025-01-04 00:30:00,AWS_VECC,Kolkata / Netaji Subhash Chandra Bose Intl,Kolkata,West Bengal,22.6547,88.4467,6.0,15.0,1013.88,93.7,NOAA/NWS ASOS via IEM Archive (provided source file),0,NORMAL,,,,,,0,4,1,4,Winter,0,0.0,0.0,0.0,AWS_VIDP,1311.5126317276297,5.0,-2.0399999999999636,-6.299999999999997,100.0,0,0.02
2025-01-04 01:00:00,AWS_VECC,Kolkata / Netaji Subhash Chandra Bose Intl,Kolkata,West Bengal,22.6547,88.4467,6.0,16.0,1013.88,87.9,NOAA/NWS ASOS via IEM Archive (provided source file),0,NORMAL,,,,,,1,4,1,4,Winter,0,1.0,0.0,-5.799999999999997,AWS_VIDP,1311.5126317276297,6.0,-2.0399999999999636,-12.099999999999994,100.0,0,0.02
2025-01-04 01:30:00,AWS_VECC,Kolkata / Netaji Subhash Chandra Bose Intl,Kolkata,West Bengal,22.6547,88.4467,6.0,16.0,1013.88,87.9,NOAA/NWS ASOS via IEM Archive (provided source file),0,NORMAL,,,,,,1,4,1,4,Winter,0,0.0,0.0,0.0,AWS_VIDP,1311.5126317276297,6.0,-2.0399999999999636,-12.099999999999994,100.0,0,0.02
2025-01-04 02:00:00,AWS_VECC,Kolkata / Netaji Subhash Chandra Bose Intl,Kolkata,West Bengal,22.6547,88.4467,6.0,16.0,1012.87,87.9,NOAA/NWS ASOS via IEM Archive (provided source file),0,NORMAL,,,,,,2,4,1,4,Winter,0,0.0,-1.009999999999991,0.0,AWS_VIDP,1311.5126317276297,6.0,-3.0499999999999545,-12.099999999999994,100.0,0,0.02
2025-01-04 02:30:00,AWS_VECC,Kolkata / Netaji Subhash Chandra Bose Intl,Kolkata,West Bengal,22.6547,88.4467,6.0,15.0,1012.87,93.7,NOAA/NWS ASOS via IEM Archive (provided source file),0,NORMAL,,,,,,2,4,1,4,Winter,0,-1.0,0.0,5.799999999999997,AWS_VIDP,1311.5126317276297,5.0,-3.0499999999999545,-6.299999999999997,100.0,0,0.02
2025-01-04 03:00:00,AWS_VECC,Kolkata / Netaji Subhash Chandra Bose Intl,Kolkata,West Bengal,22.6547,88.4467,6.0,15.0,1012.87,93.7,NOAA/NWS ASOS via IEM Archive (provided source file),0,NORMAL,,,,,,3,4,1,4,Winter,0,0.0,0.0,0.0,AWS_VIDP,1311.5126317276297,5.0,-3.0499999999999545,-6.299999999999997,100.0,0,0.02
2025-01-04 03:30:00,AWS_VECC,Kolkata / Netaji Subhash Chandra Bose Intl,Kolkata,West Bengal,22.6547,88.4467,6.0,15.0,1012.87,93.7,NOAA/NWS ASOS via IEM Archive (provided source file),0,NORMAL,,,,,,3,4,1,4,Winter,0,0.0,0.0,0.0,AWS_VIDP,1311.5126317276297,5.0,-2.0299999999999727,-6.299999999999997,100.0,0,0.02
2025-01-04 04:00:00,AWS_VECC,Kolkata / Netaji Subhash Chandra Bose Intl,Kolkata,West Bengal,22.6547,88.4467,6.0,14.0,1012.87,93.7,NOAA/NWS ASOS via IEM Archive (provided source file),0,NORMAL,,,,,,4,4,1,4,Winter,0,-1.0,0.0,0.0,AWS_VIDP,1311.5126317276297,4.0,-2.0299999999999727,-6.299999999999997,100.0,0,0.02
2025-01-04 04:30:00,AWS_VECC,Kolkata / Netaji Subhash Chandra Bose Intl,Kolkata,West Bengal,22.6547,88.4467,6.0,14.0,1012.87,93.7,NOAA/NWS ASOS via IEM Archive (provided source file),0,NORMAL,,,,,,4,4,1,4,Winter,0,0.0,0.0,0.0,AWS_VIDP,1311.5126317276297,4.0,-2.0299999999999727,-6.299999999999997,100.0,0,0.02
2025-01-04 05:00:00,AWS_VECC,Kolkata / Netaji Subhash Chandra Bose Intl,Kolkata,West Bengal,22.6547,88.4467,6.0,14.0,1012.87,93.7,NOAA/NWS ASOS via IEM Archive (provided source file),0,NORMAL,,,,,,5,4,1,4,Winter,0,0.0,0.0,0.0,AWS_VIDP,1311.5126317276297,4.0,-2.0299999999999727,-6.299999999999997,100.0,0,0.02
2025-01-04 05:30:00,AWS_VECC,Kolkata / Netaji Subhash Chandra Bose Intl,Kolkata,West Bengal,22.6547,88.4467,6.0,14.0,1013.88,93.7,NOAA/NWS ASOS via IEM Archive (provided source file),0,NORMAL,,,,,,5,4,1,4,Winter,0,0.0,1.009999999999991,0.0,AWS_VIDP,1311.5126317276297,4.0,-1.0199999999999818,-6.299999999999997,100.0,0,0.02
2025-01-04 06:00:00,AWS_VECC,Kolkata / Netaji Subhash Chandra Bose Intl,Kolkata,West Bengal,22.6547,88.4467,6.0,14.0,1013.88,93.7,NOAA/NWS ASOS via IEM Archive (provided source file),0,NORMAL,,,,,,6,4,1,4,Winter,1,0.0,0.0,0.0,AWS_VIDP,1311.5126317276297,4.0,-1.0199999999999818,-6.299999999999997,100.0,0,0.02
2025-01-04 06:30:00,AWS_VECC,Kolkata / Netaji Subhash Chandra Bose Intl,Kolkata,West Bengal,22.6547,88.4467,6.0,15.0,14.9,93.7,NOAA/NWS ASOS via IEM Archive (provided source file),0,NORMAL,,,,,,6,4,1,4,Winter,1,1.0,-998.98,0.0,AWS_VIDP,1311.5126317276297,5.0,-1001.02,-6.299999999999997,100.0,0,0.02
2025-01-04 07:00:00,AWS_VECC,Kolkata / Netaji Subhash Chandra Bose Intl,Kolkata,West Bengal,22.6547,88.4467,6.0,16.0,14.9,87.9,NOAA/NWS ASOS via IEM Archive (provided source file),0,NORMAL,,,,,,7,4,1,4,Winter,1,1.0,0.0,-5.799999999999997,AWS_VIDP,1311.5126317276297,7.0,-1001.02,-12.099999999999994,100.0,0,0.02
2025-01-04 07:30:00,AWS_VECC,Kolkata / Netaji Subhash Chandra Bose Intl,Kolkata,West Bengal,22.6547,88.4467,6.0,16.0,14.9,87.9,NOAA/NWS ASOS via IEM Archive (provided source file),0,NORMAL,,,,,,7,4,1,4,Winter,1,0.0,0.0,0.0,AWS_VIDP,1311.5126317276297,7.0,-1001.02,-12.099999999999994,100.0,0,0.02
2025-01-04 08:00:00,AWS_VECC,Kolkata / Netaji Subhash Chandra Bose Intl,Kolkata,West Bengal,22.6547,88.4467,6.0,16.0,100.91,82.4,NOAA/NWS ASOS via IEM Archive (provided source file),0,NORMAL,,,,,,8,4,1,4,Winter,1,0.0,86.00999999999999,-5.5,AWS_VIDP,1311.5126317276297,7.0,-916.02,-17.599999999999994,100.0,0,0.02
2025-01-04 08:30:00,AWS_VECC,Kolkata / Netaji Subhash Chandra Bose Intl,Kolkata,West Bengal,22.6547,88.4467,6.0,17.0,100.91,77.3,NOAA/NWS ASOS via IEM Archive (provided source file),0,NORMAL,,,,,,8,4,1,4,Winter,1,1.0,0.0,-5.1000000000000085,AWS_VIDP,1311.5126317276297,8.0,-916.02,-22.700000000000003,100.0,0,0.02
2025-01-04 09:00:00,AWS_VECC,Kolkata / Netaji Subhash Chandra Bose Intl,Kolkata,West Bengal,22.6547,88.4467,6.0,17.0,100.91,77.3,NOAA/NWS ASOS via IEM Archive (provided source file),0,NORMAL,,,,,,9,4,1,4,Winter,1,0.0,0.0,0.0,AWS_VIDP,1311.5126317276297,8.0,-917.0400000000001,-22.700000000000003,100.0,0,0.02
2025-01-04 09:30:00,AWS_VECC,Kolkata / Netaji Subhash Chandra Bose Intl,Kolkata,West Bengal,22.6547,88.4467,6.0,18.0,100.91,77.4,NOAA/NWS ASOS via IEM Archive (provided source file),0,NORMAL,,,,,,9,4,1,4,Winter,1,1.0,0.0,0.10000000000000853,AWS_VIDP,1311.5126317276297,8.0,-917.0400000000001,-22.599999999999994,100.0,0,0.02
2025-01-04 10:00:00,AWS_VECC,Kolkata / Netaji Subhash Chandra Bose Intl,Kolkata,West Bengal,22.6547,88.4467,6.0,19.0,100.91,72.7,NOAA/NWS ASOS via IEM Archive (provided source file),0,NORMAL,,,,,,10,4,1,4,Winter,1,1.0,0.0,-4.700000000000003,AWS_VIDP,1311.5126317276297,9.0,-918.0500000000001,-27.299999999999997,100.0,0,0.02
2025-01-04 10:30:00,AWS_VECC,Kolkata / Netaji Subhash Chandra Bose Intl,Kolkata,West Bengal,22.6547,88.4467,6.0,20.0,100.91,68.4,NOAA/NWS ASOS via IEM Archive (provided source file),0,NORMAL,,,,,,10,4,1,4,Winter,1,1.0,0.0,-4.299999999999997,AWS_VIDP,1311.5126317276297,9.0,-918.0500000000001,-31.599999999999994,100.0,0,0.02
2025-01-04 11:00:00,AWS_VECC,Kolkata / Netaji Subhash Chandra Bose Intl,Kolkata,West Bengal,22.6547,88.4467,6.0,21.0,100.91,64.3,NOAA/NWS ASOS via IEM Archive (provided source file),0,NORMAL,,,,,,11,4,1,4,Winter,1,1.0,0.0,-4.1000000000000085,AWS_VIDP,1311.5126317276297,9.0,-917.0400000000001,-29.299999999999997,100.0,0,0.02
2025-01-04 11:30:00,AWS_VECC,Kolkata / Netaji Subhash Chandra Bose Intl,Kolkata,West Bengal,22.6547,88.4467,6.0,21.0,100.91,68.6,NOAA/NWS ASOS via IEM Archive (provided source file),0,NORMAL,,,,,,11,4,1,4,Winter,1,0.0,0.0,4.299999999999997,AWS_VIDP,1311.5126317276297,8.0,-917.0400000000001,-25.0,100.0,0,0.02
2025-01-04 12:00:00,AWS_VECC,Kolkata / Netaji Subhash Chandra Bose Intl,Kolkata,West Bengal,22.6547,88.4467,6.0,22.0,1013.88,64.5,NOAA/NWS ASOS via IEM Archive (provided source file),0,NORMAL,,,,,,12,4,1,4,Winter,1,1.0,912.97,-4.099999999999994,AWS_VIDP,1311.5126317276297,7.0,-4.07000000000005,-23.299999999999997,100.0,0,0.02
2025-01-04 12:30:00,AWS_VECC,Kolkata / Netaji Subhash Chandra Bose Intl,Kolkata,West Bengal,22.6547,88.4467,6.0,23.0,1012.87,60.7,NOAA/NWS ASOS via IEM Archive (provided source file),0,NORMAL,,,,,,12,4,1,4,Winter,1,1.0,-1.009999999999991,-3.799999999999997,AWS_VIDP,1311.5126317276297,6.0,-4.059999999999945,-27.299999999999997,100.0,0,0.02
2025-01-04 13:00:00,AWS_VECC,Kolkata / Netaji Subhash Chandra Bose Intl,Kolkata,West Bengal,22.6547,88.4467,6.0,23.0,1012.87,60.7,NOAA/NWS ASOS via IEM Archive (provided source file),0,NORMAL,,,,,,13,4,1,4,Winter,1,0.0,0.0,0.0,AWS_VIDP,1311.5126317276297,6.0,-3.0499999999999545,-27.299999999999997,100.0,0,0.02
2025-01-04 13:30:00,AWS_VECC,Kolkata / Netaji Subhash Chandra Bose Intl,Kolkata,West Bengal,22.6547,88.4467,6.0,23.0,1011.85,60.7,NOAA/NWS ASOS via IEM Archive (provided source file),0,NORMAL,,,,,,13,4,1,4,Winter,1,0.0,-1.0199999999999818,0.0,AWS_VIDP,1311.5126317276297,4.0,-4.069999999999936,-16.89999999999999,100.0,0,0.02
2025-01-04 14:00:00,AWS_VECC,Kolkata / Netaji Subhash Chandra Bose Intl,Kolkata,West Bengal,22.6547,88.4467,6.0,24.0,1011.85,57.1,NOAA/NWS ASOS via IEM Archive (provided source file),0,NORMAL,,,,,,14,4,1,4,Winter,1,1.0,0.0,-3.6000000000000014,AWS_VIDP,1311.5126317276297,4.0,-4.069999999999936,-20.699999999999996,100.0,0,0.02
2025-01-04 14:30:00,AWS_VECC,Kolkata / Netaji Subhash Chandra Bose Intl,Kolkata,West Bengal,22.6547,88.4467,6.0,24.0,1011.85,57.1,NOAA/NWS ASOS via IEM Archive (provided source file),0,NORMAL,,,,,,14,4,1,4,Winter,1,0.0,0.0,0.0,AWS_VIDP,1311.5126317276297,4.0,-3.0499999999999545,-11.300000000000004,100.0,0,0.02
2025-01-04 15:00:00,AWS_VECC,Kolkata / Netaji Subhash Chandra Bose Intl,Kolkata,West Bengal,22.6547,88.4467,6.0,24.0,1010.84,57.1,NOAA/NWS ASOS via IEM Archive (provided source file),0,NORMAL,,,,,,15,4,1,4,Winter,1,0.0,-1.009999999999991,0.0,AWS_VIDP,1311.5126317276297,4.0,-4.059999999999945,-11.300000000000004,100.0,0,0.02
2025-01-04 15:30:00,AWS_VECC,Kolkata / Netaji Subhash Chandra Bose Intl,Kolkata,West Bengal,22.6547,88.4467,6.0,24.0,1010.84,57.1,NOAA/NWS ASOS via IEM Archive (provided source file),0,NORMAL,,,,,,15,4,1,4,Winter,1,0.0,0.0,0.0,AWS_VIDP,1311.5126317276297,5.0,-4.059999999999945,-15.600000000000001,100.0,0,0.02
2025-01-04 16:00:00,AWS_VECC,Kolkata / Netaji Subhash Chandra Bose Intl,Kolkata,West Bengal,22.6547,88.4467,6.0,24.0,1010.84,57.1,NOAA/NWS ASOS via IEM Archive (provided source file),0,NORMAL,,,,,,16,4,1,4,Winter,1,0.0,0.0,0.0,AWS_VIDP,1311.5126317276297,5.0,-3.0399999999999636,-15.600000000000001,100.0,0,0.02
2025-01-04 16:30:00,AWS_VECC,Kolkata / Netaji Subhash Chandra Bose Intl,Kolkata,West Bengal,22.6547,88.4467,6.0,23.0,1010.84,60.7,NOAA/NWS ASOS via IEM Archive (provided source file),0,NORMAL,,,,,,16,4,1,4,Winter,1,-1.0,0.0,3.6000000000000014,AWS_VIDP,1311.5126317276297,5.0,-3.0399999999999636,-11.899999999999991,100.0,0,0.02
2025-01-04 17:00:00,AWS_VECC,Kolkata / Netaji Subhash Chandra Bose Intl,Kolkata,West Bengal,22.6547,88.4467,6.0,23.0,1011.85,60.7,NOAA/NWS ASOS via IEM Archive (provided source file),0,NORMAL,,,,,,17,4,1,4,Winter,1,0.0,1.009999999999991,0.0,AWS_VIDP,1311.5126317276297,6.0,-2.0299999999999727,-11.700000000000003,100.0,0,0.02
2025-01-04 17:30:00,AWS_VECC,Kolkata / Netaji Subhash Chandra Bose Intl,Kolkata,West Bengal,22.6547,88.4467,6.0,22.0,1011.85,64.5,NOAA/NWS ASOS via IEM Archive (provided source file),0,NORMAL,,,,,,17,4,1,4,Winter,1,-1.0,0.0,3.799999999999997,AWS_VIDP,1311.5126317276297,7.0,-2.0299999999999727,-12.5,100.0,0,0.02
2025-01-04 18:00:00,AWS_VECC,Kolkata / Netaji Subhash Chandra Bose Intl,Kolkata,West Bengal,22.6547,88.4467,6.0,20.0,1011.85,77.8,NOAA/NWS ASOS via IEM Archive (provided source file),0,NORMAL,,,,,,18,4,1,4,Winter,0,-2.0,0.0,13.299999999999997,AWS_VIDP,1311.5126317276297,5.0,-3.0499999999999545,0.7999999999999972,100.0,0,0.02
2025-01-04 18:30:00,AWS_VECC,Kolkata / Netaji Subhash Chandra Bose Intl,Kolkata,West Bengal,22.6547,88.4467,6.0,20.0,1012.87,77.8,NOAA/NWS ASOS via IEM Archive (provided source file),0,NORMAL,,,,,,18,4,1,4,Winter,0,0.0,1.0199999999999818,0.0,AWS_VIDP,1311.5126317276297,6.0,-2.0299999999999727,-9.900000000000006,100.0,0,0.02
2025-01-04 19:00:00,AWS_VECC,Kolkata / Netaji Subhash Chandra Bose Intl,Kolkata,West Bengal,22.6547,88.4467,6.0,19.0,1012.87,82.7,NOAA/NWS ASOS via IEM Archive (provided source file),0,NORMAL,,,,,,19,4,1,4,Winter,0,-1.0,0.0,4.900000000000006,AWS_VIDP,1311.5126317276297,6.0,-2.0299999999999727,-10.899999999999991,100.0,0,0.02
2025-01-04 19:30:00,AWS_VECC,Kolkata / Netaji Subhash Chandra Bose Intl,Kolkata,West Bengal,22.6547,88.4467,6.0,18.0,1013.88,88.1,NOAA/NWS ASOS via IEM Archive (provided source file),0,NORMAL,,,,,,19,4,1,4,Winter,0,-1.0,1.009999999999991,5.3999999999999915,AWS_VIDP,1311.5126317276297,5.0,-1.0199999999999818,-5.5,100.0,0,0.02
2025-01-04 20:00:00,AWS_VECC,Kolkata / Netaji Subhash Chandra Bose Intl,Kolkata,West Bengal,22.6547,88.4467,6.0,18.0,1013.88,88.1,NOAA/NWS ASOS via IEM Archive (provided source file),0,NORMAL,,,,,,20,4,1,4,Winter,0,0.0,0.0,0.0,AWS_VIDP,1311.5126317276297,6.0,-2.0399999999999636,-5.5,100.0,0,0.02
2025-01-04 20:30:00,AWS_VECC,Kolkata / Netaji Subhash Chandra Bose Intl,Kolkata,West Bengal,22.6547,88.4467,6.0,18.0,1013.88,88.1,NOAA/NWS ASOS via IEM Archive (provided source file),0,NORMAL,,,,,,20,4,1,4,Winter,0,0.0,0.0,0.0,AWS_VIDP,1311.5126317276297,7.0,-2.0399999999999636,-11.900000000000006,100.0,0,0.02
2025-01-04 21:00:00,AWS_VECC,Kolkata / Netaji Subhash Chandra Bose Intl,Kolkata,West Bengal,22.6547,88.4467,6.0,18.0,1013.88,88.1,NOAA/NWS ASOS via IEM Archive (provided source file),0,NORMAL,,,,,,21,4,1,4,Winter,0,0.0,0.0,0.0,AWS_VIDP,1311.5126317276297,7.0,-2.0399999999999636,-11.900000000000006,100.0,0,0.02
2025-01-04 21:30:00,AWS_VECC,Kolkata / Netaji Subhash Chandra Bose Intl,Kolkata,West Bengal,22.6547,88.4467,6.0,18.0,1014.9,88.1,NOAA/NWS ASOS via IEM Archive (provided source file),0,NORMAL,,,,,,21,4,1,4,Winter,0,0.0,1.0199999999999818,0.0,AWS_VIDP,1311.5126317276297,7.0,-1.0199999999999818,-11.900000000000006,100.0,0,0.02
2025-01-04 22:00:00,AWS_VECC,Kolkata / Netaji Subhash Chandra Bose Intl,Kolkata,West Bengal,22.6547,88.4467,6.0,17.0,1014.9,93.8,NOAA/NWS ASOS via IEM Archive (provided source file),0,NORMAL,,,,,,22,4,1,4,Winter,0,-1.0,0.0,5.700000000000003,AWS_VIDP,1311.5126317276297,6.0,-1.0199999999999818,-6.200000000000003,100.0,0,0.02
2025-01-04 22:30:00,AWS_VECC,Kolkata / Netaji Subhash Chandra Bose Intl,Kolkata,West Bengal,22.6547,88.4467,6.0,17.0,1013.88,88.0,NOAA/NWS ASOS via IEM Archive (provided source file),0,NORMAL,,,,,,22,4,1,4,Winter,0,0.0,-1.0199999999999818,-5.799999999999997,AWS_VIDP,1311.5126317276297,6.0,-2.0399999999999636,-12.0,100.0,0,0.02
2025-01-04 23:00:00,AWS_VECC,Kolkata / Netaji Subhash Chandra Bose Intl,Kolkata,West Bengal,22.6547,88.4467,6.0,16.0,1013.88,93.8,NOAA/NWS ASOS via IEM Archive (provided source file),0,NORMAL,,,,,,23,4,1,4,Winter,0,-1.0,0.0,5.799999999999997,AWS_VIDP,1311.5126317276297,6.0,-2.0399999999999636,-6.200000000000003,100.0,0,0.02
2025-01-04 23:30:00,AWS_VECC,Kolkata / Netaji Subhash Chandra Bose Intl,Kolkata,West Bengal,22.6547,88.4467,6.0,16.0,1013.88,93.8,NOAA/NWS ASOS via IEM Archive (provided source file),0,NORMAL,,,,,,23,4,1,4,Winter,0,0.0,0.0,0.0,AWS_VIDP,1311.5126317276297,6.0,-2.0399999999999636,-6.200000000000003,100.0,0,0.02
2025-01-04 23:58:00,AWS_VECC,Kolkata / Netaji Subhash Chandra Bose Intl,Kolkata,West Bengal,22.6547,88.4467,6.0,16.0,1013.88,93.8,NOAA/NWS ASOS via IEM Archive (provided source file),0,NORMAL,,,,,,23,4,1,4,Winter,0,0.0,0.0,0.0,AWS_VIDP,1311.5126317276297,,,,100.0,0,0.02
2025-01-05 00:00:00,AWS_VECC,Kolkata / Netaji Subhash Chandra Bose Intl,Kolkata,West Bengal,22.6547,88.4467,6.0,16.0,1013.88,93.8,NOAA/NWS ASOS via IEM Archive (provided source file),0,NORMAL,,,,,,0,5,1,5,Winter,0,0.0,0.0,0.0,AWS_VIDP,1311.5126317276297,6.0,-2.0399999999999636,-6.200000000000003,100.0,0,0.02
2025-01-05 00:30:00,AWS_VECC,Kolkata / Netaji Subhash Chandra Bose Intl,Kolkata,West Bengal,22.6547,88.4467,6.0,16.0,1013.88,93.8,NOAA/NWS ASOS via IEM Archive (provided source file),0,NORMAL,,,,,,0,5,1,5,Winter,0,0.0,0.0,0.0,AWS_VIDP,1311.5126317276297,6.0,-2.0399999999999636,-6.200000000000003,100.0,0,0.02
2025-01-05 01:00:00,AWS_VECC,Kolkata / Netaji Subhash Chandra Bose Intl,Kolkata,West Bengal,22.6547,88.4467,6.0,16.0,1013.88,93.8,NOAA/NWS ASOS via IEM Archive (provided source file),0,NORMAL,,,,,,1,5,1,5,Winter,0,0.0,0.0,0.0,AWS_VIDP,1311.5126317276297,6.0,-2.0399999999999636,-6.200000000000003,100.0,0,0.02
2025-01-05 01:30:00,AWS_VECC,Kolkata / Netaji Subhash Chandra Bose Intl,Kolkata,West Bengal,22.6547,88.4467,6.0,16.0,1012.87,87.9,NOAA/NWS ASOS via IEM Archive (provided source file),0,NORMAL,,,,,,1,5,1,5,Winter,0,0.0,-1.009999999999991,-5.8999999999999915,AWS_VIDP,1311.5126317276297,6.0,-3.0499999999999545,-12.099999999999994,100.0,0,0.02
2025-01-05 02:00:00,AWS_VECC,Kolkata / Netaji Subhash Chandra Bose Intl,Kolkata,West Bengal,22.6547,88.4467,6.0,16.0,1012.87,93.8,NOAA/NWS ASOS via IEM Archive (provided source file),0,NORMAL,,,,,,2,5,1,5,Winter,0,0.0,0.0,5.8999999999999915,AWS_VIDP,1311.5126317276297,6.0,-3.0499999999999545,-6.200000000000003,100.0,0,0.02
2025-01-05 02:30:00,AWS_VECC,Kolkata / Netaji Subhash Chandra Bose Intl,Kolkata,West Bengal,22.6547,88.4467,6.0,15.0,1012.87,93.7,NOAA/NWS ASOS via IEM Archive (provided source file),0,NORMAL,,,,,,2,5,1,5,Winter,0,-1.0,0.0,-0.09999999999999432,AWS_VIDP,1311.5126317276297,5.0,-3.0499999999999545,-6.299999999999997,100.0,0,0.02
2025-01-05 03:00:00,AWS_VECC,Kolkata / Netaji Subhash Chandra Bose Intl,Kolkata,West Bengal,22.6547,88.4467,6.0,14.0,1012.87,93.7,NOAA/NWS ASOS via IEM Archive (provided source file),0,NORMAL,,,,,,3,5,1,5,Winter,0,-1.0,0.0,0.0,AWS_VIDP,1311.5126317276297,4.0,-3.0499999999999545,-6.299999999999997,100.0,0,0.02
2025-01-05 03:30:00,AWS_VECC,Kolkata / Netaji Subhash Chandra Bose Intl,Kolkata,West Bengal,22.6547,88.4467,6.0,14.0,1012.87,100.0,NOAA/NWS ASOS via IEM Archive (provided source file),0,NORMAL,,,,,,3,5,1,5,Winter,0,0.0,0.0,6.299999999999997,AWS_VIDP,1311.5126317276297,4.0,-2.0299999999999727,0.0,100.0,0,0.02
2025-01-05 04:00:00,AWS_VECC,Kolkata / Netaji Subhash Chandra Bose Intl,Kolkata,West Bengal,22.6547,88.4467,6.0,15.0,1012.87,93.7,NOAA/NWS ASOS via IEM Archive (provided source file),0,NORMAL,,,,,,4,5,1,5,Winter,0,1.0,0.0,-6.299999999999997,AWS_VIDP,1311.5126317276297,5.0,-2.0299999999999727,-6.299999999999997,100.0,0,0.02
2025-01-05 04:30:00,AWS_VECC,Kolkata / Netaji Subhash Chandra Bose Intl,Kolkata,West Bengal,22.6547,88.4467,6.0,15.0,600.07,93.7,NOAA/NWS ASOS via IEM Archive (provided source file),0,NORMAL,,,,,,4,5,1,5,Winter,0,0.0,-412.79999999999995,0.0,AWS_VIDP,1311.5126317276297,5.0,-414.8299999999999,-6.299999999999997,100.0,0,0.02
2025-01-01 00:00:00,AWS_VIDP,New Delhi / Indira Gandhi Intl,Delhi,Delhi,28.5667,77.1167,233.0,10.0,1019.98,93.5,NOAA/NWS ASOS via IEM Archive (provided source file),0,NORMAL,,,,,,0,1,1,1,Winter,0,,,,AWS_VAAH,757.3475677791808,-10.0,3.050000000000068,20.599999999999994,100.0,0,0.02
2025-01-01 00:30:00,AWS_VIDP,New Delhi / Indira Gandhi Intl,Delhi,Delhi,28.5667,77.1167,233.0,10.0,1019.98,93.5,NOAA/NWS ASOS via IEM Archive (provided source file),0,NORMAL,,,,,,0,1,1,1,Winter,0,0.0,0.0,0.0,AWS_VAAH,757.3475677791808,-9.0,3.050000000000068,15.900000000000006,100.0,0,0.02
2025-01-01 01:00:00,AWS_VIDP,New Delhi / Indira Gandhi Intl,Delhi,Delhi,28.5667,77.1167,233.0,10.0,1018.96,93.5,NOAA/NWS ASOS via IEM Archive (provided source file),0,NORMAL,,,,,,1,1,1,1,Winter,0,0.0,-1.0199999999999818,0.0,AWS_VAAH,757.3475677791808,-8.0,3.0400000000000773,16.099999999999994,100.0,0,0.02
2025-01-01 01:30:00,AWS_VIDP,New Delhi / Indira Gandhi Intl,Delhi,Delhi,28.5667,77.1167,233.0,9.0,1018.96,93.4,NOAA/NWS ASOS via IEM Archive (provided source file),0,NORMAL,,,,,,1,1,1,1,Winter,0,-1.0,0.0,-0.09999999999999432,AWS_VAAH,757.3475677791808,-9.0,3.0400000000000773,10.800000000000011,100.0,0,0.02
2025-01-01 02:00:00,AWS_VIDP,New Delhi / Indira Gandhi Intl,Delhi,Delhi,28.5667,77.1167,233.0,9.0,1018.96,93.4,NOAA/NWS ASOS via IEM Archive (provided source file),0,NORMAL,,,,,,2,1,1,1,Winter,0,0.0,0.0,0.0,AWS_VAAH,757.3475677791808,-8.0,3.0400000000000773,10.900000000000006,100.0,0,0.02
2025-01-01 02:30:00,AWS_VIDP,New Delhi / Indira Gandhi Intl,Delhi,Delhi,28.5667,77.1167,233.0,9.0,1018.96,93.4,NOAA/NWS ASOS via IEM Archive (provided source file),0,NORMAL,,,,,,2,1,1,1,Winter,0,0.0,0.0,0.0,AWS_VAAH,757.3475677791808,-8.0,3.0400000000000773,10.900000000000006,100.0,0,0.02
2025-01-01 03:00:00,AWS_VIDP,New Delhi / Indira Gandhi Intl,Delhi,Delhi,28.5667,77.1167,233.0,9.0,1018.96,93.4,NOAA/NWS ASOS via IEM Archive (provided source file),0,NORMAL,,,,,,3,1,1,1,Winter,0,0.0,0.0,0.0,AWS_VAAH,757.3475677791808,-8.0,3.0400000000000773,10.900000000000006,100.0,0,0.02
2025-01-01 03:30:00,AWS_VIDP,New Delhi / Indira Gandhi Intl,Delhi,Delhi,28.5667,77.1167,233.0,9.0,1018.96,93.4,NOAA/NWS ASOS via IEM Archive (provided source file),0,NORMAL,,,,,,3,1,1,1,Winter,0,0.0,0.0,0.0,AWS_VAAH,757.3475677791808,-8.0,4.060000000000059,10.900000000000006,100.0,0,0.02
2025-01-01 04:00:00,AWS_VIDP,New Delhi / Indira Gandhi Intl,Delhi,Delhi,28.5667,77.1167,233.0,9.0,1017.95,93.4,NOAA/NWS ASOS via IEM Archive (provided source file),0,NORMAL,,,,,,4,1,1,1,Winter,0,0.0,-1.009999999999991,0.0,AWS_VAAH,757.3475677791808,-8.0,3.050000000000068,10.900000000000006,100.0,0,0.02
2025-01-01 04:30:00,AWS_VIDP,New Delhi / Indira Gandhi Intl,Delhi,Delhi,28.5667,77.1167,233.0,9.0,1018.96,93.4,NOAA/NWS ASOS via IEM Archive (provided source file),0,NORMAL,,,,,,4,1,1,1,Winter,0,0.0,1.009999999999991,0.0,AWS_VAAH,757.3475677791808,-8.0,4.060000000000059,16.10000000000001,100.0,0,0.02
2025-01-01 05:00:00,AWS_VIDP,New Delhi / Indira Gandhi Intl,Delhi,Delhi,28.5667,77.1167,233.0,8.0,1018.96,100.0,NOAA/NWS ASOS via IEM Archive (provided source file),0,NORMAL,,,,,,5,1,1,1,Winter,0,-1.0,0.0,6.599999999999994,AWS_VAAH,757.3475677791808,-9.0,4.060000000000059,22.700000000000003,100.0,0,0.02
2025-01-01 05:30:00,AWS_VIDP,New Delhi / Indira Gandhi Intl,Delhi,Delhi,28.5667,77.1167,233.0,8.0,1018.96,100.0,NOAA/NWS ASOS via IEM Archive (provided source file),0,NORMAL,,,,,,5,1,1,1,Winter,0,0.0,0.0,0.0,AWS_VAAH,757.3475677791808,,,,100.0,0,0.02
2025-01-01 06:00:00,AWS_VIDP,New Delhi / Indira Gandhi Intl,Delhi,Delhi,28.5667,77.1167,233.0,8.0,1018.96,100.0,NOAA/NWS ASOS via IEM Archive (provided source file),0,NORMAL,,,,,,6,1,1,1,Winter,1,0.0,0.0,0.0,AWS_VAAH,757.3475677791808,,,,100.0,0,0.02
2025-01-01 06:30:00,AWS_VIDP,New Delhi / Indira Gandhi Intl,Delhi,Delhi,28.5667,77.1167,233.0,8.0,1018.96,100.0,NOAA/NWS ASOS via IEM Archive (provided source file),0,NORMAL,,,,,,6,1,1,1,Winter,1,0.0,0.0,0.0,AWS_VAAH,757.3475677791808,-8.0,4.060000000000059,17.599999999999994,100.0,0,0.02
2025-01-01 07:00:00,AWS_VIDP,New Delhi / Indira Gandhi Intl,Delhi,Delhi,28.5667,77.1167,233.0,8.0,1018.96,100.0,NOAA/NWS ASOS via IEM Archive (provided source file),0,NORMAL,,,,,,7,1,1,1,Winter,1,0.0,0.0,0.0,AWS_VAAH,757.3475677791808,-8.0,4.060000000000059,17.599999999999994,100.0,0,0.02
2025-01-01 07:30:00,AWS_VIDP,New Delhi / Indira Gandhi Intl,Delhi,Delhi,28.5667,77.1167,233.0,8.0,1018.96,100.0,NOAA/NWS ASOS via IEM Archive (provided source file),0,NORMAL,,,,,,7,1,1,1,Winter,1,0.0,0.0,0.0,AWS_VAAH,757.3475677791808,-8.0,3.0400000000000773,17.599999999999994,100.0,0,0.02
2025-01-01 08:00:00,AWS_VIDP,New Delhi / Indira Gandhi Intl,Delhi,Delhi,28.5667,77.1167,233.0,8.0,1019.98,100.0,NOAA/NWS ASOS via IEM Archive (provided source file),0,NORMAL,,,,,,8,1,1,1,Winter,1,0.0,1.0199999999999818,0.0,AWS_VAAH,757.3475677791808,-8.0,3.050000000000068,17.599999999999994,100.0,0,0.02
2025-01-01 08:30:00,AWS_VIDP,New Delhi / Indira Gandhi Intl,Delhi,Delhi,28.5667,77.1167,233.0,9.0,1019.98,93.4,NOAA/NWS ASOS via IEM Archive (provided source file),0,NORMAL,,,,,,8,1,1,1,Winter,1,1.0,0.0,-6.599999999999994,AWS_VAAH,757.3475677791808,-7.0,3.050000000000068,16.30000000000001,100.0,0,0.02
2025-01-01 09:00:00,AWS_VIDP,New Delhi / Indira Gandhi Intl,Delhi,Delhi,28.5667,77.1167,233.0,9.0,1019.98,93.4,NOAA/NWS ASOS via IEM Archive (provided source file),0,NORMAL,,,,,,9,1,1,1,Winter,1,0.0,0.0,0.0,AWS_VAAH,757.3475677791808,-8.0,3.050000000000068,21.0,100.0,0,0.02
2025-01-01 09:30:00,AWS_VIDP,New Delhi / Indira Gandhi Intl,Delhi,Delhi,28.5667,77.1167,233.0,9.0,1019.98,93.4,NOAA/NWS ASOS via IEM Archive (provided source file),0,NORMAL,,,,,,9,1,1,1,Winter,1,0.0,0.0,0.0,AWS_VAAH,757.3475677791808,-9.0,2.0299999999999727,25.400000000000006,100.0,0,0.02
2025-01-01 10:00:00,AWS_VIDP,New Delhi / Indira Gandhi Intl,Delhi,Delhi,28.5667,77.1167,233.0,9.0,1021.0,93.4,NOAA/NWS ASOS via IEM Archive (provided source file),0,NORMAL,,,,,,10,1,1,1,Winter,1,0.0,1.0199999999999818,0.0,AWS_VAAH,757.3475677791808,-9.0,3.0499999999999545,20.80000000000001,100.0,0,0.02
2025-01-01 10:30:00,AWS_VIDP,New Delhi / Indira Gandhi Intl,Delhi,Delhi,28.5667,77.1167,233.0,10.0,1021.0,87.4,NOAA/NWS ASOS via IEM Archive (provided source file),0,NORMAL,,,,,,10,1,1,1,Winter,1,1.0,0.0,-6.0,AWS_VAAH,757.3475677791808,-10.0,3.0499999999999545,23.400000000000006,100.0,0,0.02
2025-01-01 11:00:00,AWS_VIDP,New Delhi / Indira Gandhi Intl,Delhi,Delhi,28.5667,77.1167,233.0,11.0,1021.0,81.7,NOAA/NWS ASOS via IEM Archive (provided source file),0,NORMAL,,,,,,11,1,1,1,Winter,1,1.0,0.0,-5.700000000000003,AWS_VAAH,757.3475677791808,-28.0,3.0499999999999545,17.400000000000006,100.0,0,0.02
2025-01-01 11:30:00,AWS_VIDP,New Delhi / Indira Gandhi Intl,Delhi,Delhi,28.5667,77.1167,233.0,11.0,1021.0,87.5,NOAA/NWS ASOS via IEM Archive (provided source file),0,NORMAL,,,,,,11,1,1,1,Winter,1,0.0,0.0,5.799999999999997,AWS_VAAH,757.3475677791808,-11.0,4.07000000000005,27.1,100.0,0,0.02
2025-01-01 12:00:00,AWS_VIDP,New Delhi / Indira Gandhi Intl,Delhi,Delhi,28.5667,77.1167,233.0,12.0,1019.98,93.6,NOAA/NWS ASOS via IEM Archive (provided source file),0,NORMAL,,,,,,12,1,1,1,Winter,1,1.0,-1.0199999999999818,6.099999999999994,AWS_VAAH,757.3475677791808,-11.0,3.050000000000068,32.89999999999999,100.0,0,0.02
2025-01-01 12:30:00,AWS_VIDP,New Delhi / Indira Gandhi Intl,Delhi,Delhi,28.5667,77.1167,233.0,12.0,1019.98,93.6,NOAA/NWS ASOS via IEM Archive (provided source file),0,NORMAL,,,,,,12,1,1,1,Winter,1,0.0,0.0,0.0,AWS_VAAH,757.3475677791808,-12.0,4.060000000000059,36.49999999999999,100.0,0,0.02
2025-01-01 13:00:00,AWS_VIDP,New Delhi / Indira Gandhi Intl,Delhi,Delhi,28.5667,77.1167,233.0,12.0,1018.96,93.6,NOAA/NWS ASOS via IEM Archive (provided source file),0,NORMAL,,,,,,13,1,1,1,Winter,1,0.0,-1.0199999999999818,0.0,AWS_VAAH,757.3475677791808,-13.0,3.0400000000000773,39.8,100.0,0,0.02
2025-01-01 13:30:00,AWS_VIDP,New Delhi / Indira Gandhi Intl,Delhi,Delhi,28.5667,77.1167,233.0,12.0,1017.95,87.6,NOAA/NWS ASOS via IEM Archive (provided source file),0,NORMAL,,,,,,13,1,1,1,Winter,1,0.0,-1.009999999999991,-6.0,AWS_VAAH,757.3475677791808,-13.0,3.050000000000068,33.8,100.0,0,0.02
2025-01-01 14:00:00,AWS_VIDP,New Delhi / Indira Gandhi Intl,Delhi,Delhi,28.5667,77.1167,233.0,12.0,1017.95,87.6,NOAA/NWS ASOS via IEM Archive (provided source file),0,NORMAL,,,,,,14,1,1,1,Winter,1,0.0,0.0,0.0,AWS_VAAH,757.3475677791808,-13.0,4.07000000000005,33.8,100.0,0,0.02
2025-01-01 14:30:00,AWS_VIDP,New Delhi / Indira Gandhi Intl,Delhi,Delhi,28.5667,77.1167,233.0,13.0,1017.95,82.0,NOAA/NWS ASOS via IEM Archive (provided source file),0,NORMAL,,,,,,14,1,1,1,Winter,1,1.0,0.0,-5.599999999999994,AWS_VAAH,757.3475677791808,-13.0,4.07000000000005,31.299999999999997,100.0,0,0.02
2025-01-01 15:00:00,AWS_VIDP,New Delhi / Indira Gandhi Intl,Delhi,Delhi,28.5667,77.1167,233.0,13.0,1017.95,82.0,NOAA/NWS ASOS via IEM Archive (provided source file),0,NORMAL,,,,,,15,1,1,1,Winter,1,0.0,0.0,0.0,AWS_VAAH,757.3475677791808,-13.0,4.07000000000005,31.299999999999997,100.0,0,0.02
2025-01-01 15:30:00,AWS_VIDP,New Delhi / Indira Gandhi Intl,Delhi,Delhi,28.5667,77.1167,233.0,13.0,1017.95,82.0,NOAA/NWS ASOS via IEM Archive (provided source file),0,NORMAL,,,,,,15,1,1,1,Winter,1,0.0,0.0,0.0,AWS_VAAH,757.3475677791808,-14.0,5.080000000000041,37.2,100.0,0,0.02
2025-01-01 16:00:00,AWS_VIDP,New Delhi / Indira Gandhi Intl,Delhi,Delhi,28.5667,77.1167,233.0,13.0,1017.95,76.7,NOAA/NWS ASOS via IEM Archive (provided source file),1,FROZEN_SENSOR,frozen_sensor,HIGH,relative_humidity_pct,controlled_fault_injection,Humidity value frozen across an unusually persistent interval.,16,1,1,1,Winter,1,0.0,0.0,-5.299999999999997,AWS_VAAH,757.3475677791808,-14.0,5.080000000000041,31.900000000000006,83.0,1,0.135
2025-01-01 16:30:00,AWS_VIDP,New Delhi / Indira Gandhi Intl,Delhi,Delhi,28.5667,77.1167,233.0,13.0,1016.93,76.7,NOAA/NWS ASOS via IEM Archive (provided source file),1,FROZEN_SENSOR,frozen_sensor,HIGH,relative_humidity_pct,controlled_fault_injection,Humidity value frozen across an unusually persistent interval.,16,1,1,1,Winter,1,0.0,-1.0200000000000955,0.0,AWS_VAAH,757.3475677791808,-13.0,4.059999999999945,29.200000000000003,81.0,1,0.175
2025-01-01 17:00:00,AWS_VIDP,New Delhi / Indira Gandhi Intl,Delhi,Delhi,28.5667,77.1167,233.0,13.0,1016.93,76.7,NOAA/NWS ASOS via IEM Archive (provided source file),1,FROZEN_SENSOR,frozen_sensor,HIGH,relative_humidity_pct,controlled_fault_injection,Humidity value frozen across an unusually persistent interval.,17,1,1,1,Winter,1,0.0,0.0,0.0,AWS_VAAH,757.3475677791808,-13.0,4.059999999999945,29.200000000000003,79.0,1,0.215
2025-01-01 17:30:00,AWS_VIDP,New Delhi / Indira Gandhi Intl,Delhi,Delhi,28.5667,77.1167,233.0,12.0,1017.95,76.7,NOAA/NWS ASOS via IEM Archive (provided source file),1,FROZEN_SENSOR,frozen_sensor,HIGH,relative_humidity_pct,controlled_fault_injection,Humidity value frozen across an unusually persistent interval.,17,1,1,1,Winter,1,-1.0,1.0200000000000955,0.0,AWS_VAAH,757.3475677791808,-14.0,5.080000000000041,29.200000000000003,77.0,1,0.255
2025-01-01 18:00:00,AWS_VIDP,New Delhi / Indira Gandhi Intl,Delhi,Delhi,28.5667,77.1167,233.0,11.0,1017.95,76.7,NOAA/NWS ASOS via IEM Archive (provided source file),1,FROZEN_SENSOR,frozen_sensor,HIGH,relative_humidity_pct,controlled_fault_injection,Humidity value frozen across an unusually persistent interval.,18,1,1,1,Winter,0,-1.0,0.0,0.0,AWS_VAAH,757.3475677791808,-14.0,4.07000000000005,26.300000000000004,75.0,1,0.295
2025-01-01 18:30:00,AWS_VIDP,New Delhi / Indira Gandhi Intl,Delhi,Delhi,28.5667,77.1167,233.0,11.0,1017.95,76.7,NOAA/NWS ASOS via IEM Archive (provided source file),1,FROZEN_SENSOR,frozen_sensor,HIGH,relative_humidity_pct,controlled_fault_injection,Humidity value frozen across an unusually persistent interval.,18,1,1,1,Winter,0,0.0,0.0,0.0,AWS_VAAH,757.3475677791808,-13.0,4.07000000000005,26.5,73.0,1,0.335
2025-01-01 19:00:00,AWS_VIDP,New Delhi / Indira Gandhi Intl,Delhi,Delhi,28.5667,77.1167,233.0,11.0,1017.95,76.7,NOAA/NWS ASOS via IEM Archive (provided source file),1,FROZEN_SENSOR,frozen_sensor,HIGH,relative_humidity_pct,controlled_fault_injection,Humidity value frozen across an unusually persistent interval.,19,1,1,1,Winter,0,0.0,0.0,0.0,AWS_VAAH,757.3475677791808,-12.0,4.07000000000005,23.400000000000006,71.0,1,0.375
2025-01-01 19:30:00,AWS_VIDP,New Delhi / Indira Gandhi Intl,Delhi,Delhi,28.5667,77.1167,233.0,11.0,1017.95,76.7,NOAA/NWS ASOS via IEM Archive (provided source file),1,FROZEN_SENSOR,frozen_sensor,HIGH,relative_humidity_pct,controlled_fault_injection,Humidity value frozen across an unusually persistent interval.,19,1,1,1,Winter,0,0.0,0.0,0.0,AWS_VAAH,757.3475677791808,-11.0,3.050000000000068,20.1,69.0,1,0.415
2025-01-01 20:00:00,AWS_VIDP,New Delhi / Indira Gandhi Intl,Delhi,Delhi,28.5667,77.1167,233.0,10.0,1018.96,93.5,NOAA/NWS ASOS via IEM Archive (provided source file),0,NORMAL,,,,,,20,1,1,1,Winter,0,-1.0,1.009999999999991,16.799999999999997,AWS_VAAH,757.3475677791808,-11.0,4.060000000000059,29.200000000000003,86.0,0,0.3
2025-01-01 20:30:00,AWS_VIDP,New Delhi / Indira Gandhi Intl,Delhi,Delhi,28.5667,77.1167,233.0,10.0,1018.96,93.5,NOAA/NWS ASOS via IEM Archive (provided source file),0,NORMAL,,,,,,20,1,1,1,Winter,0,0.0,0.0,0.0,AWS_VAAH,757.3475677791808,-11.0,4.060000000000059,33.3,88.0,0,0.26
2025-01-01 21:00:00,AWS_VIDP,New Delhi / Indira Gandhi Intl,Delhi,Delhi,28.5667,77.1167,233.0,10.0,1018.96,93.5,NOAA/NWS ASOS via IEM Archive (provided source file),0,NORMAL,,,,,,21,1,1,1,Winter,0,0.0,0.0,0.0,AWS_VAAH,757.3475677791808,-11.0,3.0400000000000773,29.200000000000003,90.0,0,0.22
2025-01-01 21:30:00,AWS_VIDP,New Delhi / Indira Gandhi Intl,Delhi,Delhi,28.5667,77.1167,233.0,10.0,1018.96,93.5,NOAA/NWS ASOS via IEM Archive (provided source file),0,NORMAL,,,,,,21,1,1,1,Winter,0,0.0,0.0,0.0,AWS_VAAH,757.3475677791808,,3.0400000000000773,33.3,92.0,0,0.18
2025-01-01 22:00:00,AWS_VIDP,New Delhi / Indira Gandhi Intl,Delhi,Delhi,28.5667,77.1167,233.0,10.0,1018.96,93.5,NOAA/NWS ASOS via IEM Archive (provided source file),0,NORMAL,,,,,,22,1,1,1,Winter,0,0.0,0.0,0.0,AWS_VAAH,757.3475677791808,,3.0400000000000773,44.1,94.0,0,0.14
2025-01-01 22:30:00,AWS_VIDP,New Delhi / Indira Gandhi Intl,Delhi,Delhi,28.5667,77.1167,233.0,10.0,1018.96,93.5,NOAA/NWS ASOS via IEM Archive (provided source file),0,NORMAL,,,,,,22,1,1,1,Winter,0,0.0,0.0,0.0,AWS_VAAH,757.3475677791808,,3.0400000000000773,41.0,96.0,0,0.1
2025-01-01 23:00:00,AWS_VIDP,New Delhi / Indira Gandhi Intl,Delhi,Delhi,28.5667,77.1167,233.0,10.0,1018.96,93.5,NOAA/NWS ASOS via IEM Archive (provided source file),0,NORMAL,,,,,,23,1,1,1,Winter,0,0.0,0.0,0.0,AWS_VAAH,757.3475677791808,,3.0400000000000773,41.0,98.0,0,0.06
2025-01-01 23:30:00,AWS_VIDP,New Delhi / Indira Gandhi Intl,Delhi,Delhi,28.5667,77.1167,233.0,10.0,1018.96,93.5,NOAA/NWS ASOS via IEM Archive (provided source file),0,NORMAL,,,,,,23,1,1,1,Winter,0,0.0,0.0,0.0,AWS_VAAH,757.3475677791808,,3.0400000000000773,33.8,100.0,0,0.02
2025-01-02 00:00:00,AWS_VIDP,New Delhi / Indira Gandhi Intl,Delhi,Delhi,28.5667,77.1167,233.0,9.0,1017.95,93.4,NOAA/NWS ASOS via IEM Archive (provided source file),0,NORMAL,,,,,,0,2,1,2,Winter,0,-1.0,-1.009999999999991,-0.09999999999999432,AWS_VAAH,757.3475677791808,,2.0300000000000864,33.7,100.0,0,0.02
2025-01-02 00:30:00,AWS_VIDP,New Delhi / Indira Gandhi Intl,Delhi,Delhi,28.5667,77.1167,233.0,9.0,1017.95,93.4,NOAA/NWS ASOS via IEM Archive (provided source file),0,NORMAL,,,,,,0,2,1,2,Winter,0,0.0,0.0,0.0,AWS_VAAH,757.3475677791808,-10.0,2.0300000000000864,33.7,100.0,0,0.02
2025-01-02 01:00:00,AWS_VIDP,New Delhi / Indira Gandhi Intl,Delhi,Delhi,28.5667,77.1167,233.0,9.0,1017.95,93.4,NOAA/NWS ASOS via IEM Archive (provided source file),0,NORMAL,,,,,,1,2,1,2,Winter,0,0.0,0.0,0.0,AWS_VAAH,757.3475677791808,-9.0,2.0300000000000864,29.800000000000004,100.0,0,0.02
2025-01-02 01:30:00,AWS_VIDP,New Delhi / Indira Gandhi Intl,Delhi,Delhi,28.5667,77.1167,233.0,9.0,1017.95,93.4,NOAA/NWS ASOS via IEM Archive (provided source file),0,NORMAL,,,,,,1,2,1,2,Winter,0,0.0,0.0,0.0,AWS_VAAH,757.3475677791808,-9.0,3.050000000000068,29.800000000000004,100.0,0,0.02
2025-01-02 02:00:00,AWS_VIDP,New Delhi / Indira Gandhi Intl,Delhi,Delhi,28.5667,77.1167,233.0,9.0,1017.95,93.4,NOAA/NWS ASOS via IEM Archive (provided source file),0,NORMAL,,,,,,2,2,1,2,Winter,0,0.0,0.0,0.0,AWS_VAAH,757.3475677791808,-9.0,3.050000000000068,29.800000000000004,100.0,0,0.02
2025-01-02 02:30:00,AWS_VIDP,New Delhi / Indira Gandhi Intl,Delhi,Delhi,28.5667,77.1167,233.0,17.0,1016.93,100.0,NOAA/NWS ASOS via IEM Archive (provided source file),1,INTERMITTENT_FAILURE,intermittent_failure,HIGH,temperature_c,controlled_fault_injection,Alternating normal/faulty temperature readings.,2,2,1,2,Winter,0,8.0,-1.0200000000000955,6.599999999999994,AWS_VAAH,757.3475677791808,-1.0,2.0299999999999727,36.4,83.0,1,0.135
2025-01-02 03:00:00,AWS_VIDP,New Delhi / Indira Gandhi Intl,Delhi,Delhi,28.5667,77.1167,233.0,9.0,1016.93,100.0,NOAA/NWS ASOS via IEM Archive (provided source file),1,INTERMITTENT_FAILURE,intermittent_failure,HIGH,temperature_c,controlled_fault_injection,Alternating normal/faulty temperature readings.,3,2,1,2,Winter,0,-8.0,0.0,0.0,AWS_VAAH,757.3475677791808,-9.0,2.0299999999999727,32.0,81.0,1,0.175
2025-01-02 03:30:00,AWS_VIDP,New Delhi / Indira Gandhi Intl,Delhi,Delhi,28.5667,77.1167,233.0,17.0,1016.93,100.0,NOAA/NWS ASOS via IEM Archive (provided source file),1,INTERMITTENT_FAILURE,intermittent_failure,HIGH,temperature_c,controlled_fault_injection,Alternating normal/faulty temperature readings.,3,2,1,2,Winter,0,8.0,0.0,0.0,AWS_VAAH,757.3475677791808,0.0,2.0299999999999727,27.599999999999994,79.0,1,0.215
2025-01-02 04:00:00,AWS_VIDP,New Delhi / Indira Gandhi Intl,Delhi,Delhi,28.5667,77.1167,233.0,9.0,1016.93,100.0,NOAA/NWS ASOS via IEM Archive (provided source file),1,INTERMITTENT_FAILURE,intermittent_failure,HIGH,temperature_c,controlled_fault_injection,Alternating normal/faulty temperature readings.,4,2,1,2,Winter,0,-8.0,0.0,0.0,AWS_VAAH,757.3475677791808,-8.0,2.0299999999999727,27.599999999999994,77.0,1,0.255
2025-01-02 04:30:00,AWS_VIDP,New Delhi / Indira Gandhi Intl,Delhi,Delhi,28.5667,77.1167,233.0,17.0,1016.93,100.0,NOAA/NWS ASOS via IEM Archive (provided source file),1,INTERMITTENT_FAILURE,intermittent_failure,HIGH,temperature_c,controlled_fault_injection,Alternating normal/faulty temperature readings.,4,2,1,2,Winter,0,8.0,0.0,0.0,AWS_VAAH,757.3475677791808,1.0,3.0499999999999545,27.799999999999997,75.0,1,0.295
2025-01-02 05:00:00,AWS_VIDP,New Delhi / Indira Gandhi Intl,Delhi,Delhi,28.5667,77.1167,233.0,9.0,1016.93,93.4,NOAA/NWS ASOS via IEM Archive (provided source file),1,INTERMITTENT_FAILURE,intermittent_failure,HIGH,temperature_c,controlled_fault_injection,Alternating normal/faulty temperature readings.,5,2,1,2,Winter,0,-8.0,0.0,-6.599999999999994,AWS_VAAH,757.3475677791808,-7.0,2.0299999999999727,21.200000000000003,73.0,1,0.335
2025-01-02 05:30:00,AWS_VIDP,New Delhi / Indira Gandhi Intl,Delhi,Delhi,28.5667,77.1167,233.0,17.0,1016.93,93.4,NOAA/NWS ASOS via IEM Archive (provided source file),1,INTERMITTENT_FAILURE,intermittent_failure,HIGH,temperature_c,controlled_fault_injection,Alternating normal/faulty temperature readings.,5,2,1,2,Winter,0,8.0,0.0,0.0,AWS_VAAH,757.3475677791808,1.0,2.0299999999999727,25.900000000000006,71.0,1,0.375
2025-01-02 06:00:00,AWS_VIDP,New Delhi / Indira Gandhi Intl,Delhi,Delhi,28.5667,77.1167,233.0,8.0,1016.93,100.0,NOAA/NWS ASOS via IEM Archive (provided source file),1,INTERMITTENT_FAILURE,intermittent_failure,HIGH,temperature_c,controlled_fault_injection,Alternating normal/faulty temperature readings.,6,2,1,2,Winter,1,-9.0,0.0,6.599999999999994,AWS_VAAH,757.3475677791808,-8.0,2.0299999999999727,32.5,69.0,1,0.415
2025-01-02 06:30:00,AWS_VIDP,New Delhi / Indira Gandhi Intl,Delhi,Delhi,28.5667,77.1167,233.0,8.0,1016.93,100.0,NOAA/NWS ASOS via IEM Archive (provided source file),0,NORMAL,,,,,,6,2,1,2,Winter,1,0.0,0.0,0.0,AWS_VAAH,757.3475677791808,-7.0,2.0299999999999727,32.7,86.0,0,0.3
2025-01-02 07:00:00,AWS_VIDP,New Delhi / Indira Gandhi Intl,Delhi,Delhi,28.5667,77.1167,233.0,8.0,1017.95,100.0,NOAA/NWS ASOS via IEM Archive (provided source file),0,NORMAL,,,,,,7,2,1,2,Winter,1,0.0,1.0200000000000955,0.0,AWS_VAAH,757.3475677791808,-7.0,2.0300000000000864,32.7,88.0,0,0.26
2025-01-02 07:30:00,AWS_VIDP,New Delhi / Indira Gandhi Intl,Delhi,Delhi,28.5667,77.1167,233.0,8.0,1017.95,100.0,NOAA/NWS ASOS via IEM Archive (provided source file),0,NORMAL,,,,,,7,2,1,2,Winter,1,0.0,0.0,0.0,AWS_VAAH,757.3475677791808,-7.0,2.0300000000000864,32.7,90.0,0,0.22
2025-01-02 08:00:00,AWS_VIDP,New Delhi / Indira Gandhi Intl,Delhi,Delhi,28.5667,77.1167,233.0,8.0,1017.95,100.0,NOAA/NWS ASOS via IEM Archive (provided source file),0,NORMAL,,,,,,8,2,1,2,Winter,1,0.0,0.0,0.0,AWS_VAAH,757.3475677791808,-8.0,2.0300000000000864,32.5,92.0,0,0.18
2025-01-02 08:30:00,AWS_VIDP,New Delhi / Indira Gandhi Intl,Delhi,Delhi,28.5667,77.1167,233.0,8.0,1018.96,100.0,NOAA/NWS ASOS via IEM Archive (provided source file),0,NORMAL,,,,,,8,2,1,2,Winter,1,0.0,1.009999999999991,0.0,AWS_VAAH,757.3475677791808,-9.0,2.0300000000000864,40.7,94.0,0,0.14
2025-01-02 09:00:00,AWS_VIDP,New Delhi / Indira Gandhi Intl,Delhi,Delhi,28.5667,77.1167,233.0,9.0,1018.96,93.4,NOAA/NWS ASOS via IEM Archive (provided source file),0,NORMAL,,,,,,9,2,1,2,Winter,1,1.0,0.0,-6.599999999999994,AWS_VAAH,757.3475677791808,-9.0,2.0300000000000864,33.900000000000006,96.0,0,0.1
2025-01-02 09:30:00,AWS_VIDP,New Delhi / Indira Gandhi Intl,Delhi,Delhi,28.5667,77.1167,233.0,9.0,1019.98,93.4,NOAA/NWS ASOS via IEM Archive (provided source file),0,NORMAL,,,,,,9,2,1,2,Winter,1,0.0,1.0199999999999818,0.0,AWS_VAAH,757.3475677791808,-10.0,2.0299999999999727,33.7,98.0,0,0.06
2025-01-02 10:00:00,AWS_VIDP,New Delhi / Indira Gandhi Intl,Delhi,Delhi,28.5667,77.1167,233.0,9.0,1019.98,93.4,NOAA/NWS ASOS via IEM Archive (provided source file),0,NORMAL,,,,,,10,2,1,2,Winter,1,0.0,0.0,0.0,AWS_VAAH,757.3475677791808,-11.0,2.0299999999999727,37.300000000000004,100.0,0,0.02
2025-01-02 10:30:00,AWS_VIDP,New Delhi / Indira Gandhi Intl,Delhi,Delhi,28.5667,77.1167,233.0,10.0,1019.98,87.4,NOAA/NWS ASOS via IEM Archive (provided source file),0,NORMAL,,,,,,10,2,1,2,Winter,1,1.0,0.0,-6.0,AWS_VAAH,757.3475677791808,-11.0,2.0299999999999727,31.000000000000007,100.0,0,0.02
2025-01-02 11:00:00,AWS_VIDP,New Delhi / Indira Gandhi Intl,Delhi,Delhi,28.5667,77.1167,233.0,10.0,1019.98,87.4,NOAA/NWS ASOS via IEM Archive (provided source file),0,NORMAL,,,,,,11,2,1,2,Winter,1,0.0,0.0,0.0,AWS_VAAH,757.3475677791808,-12.0,2.0299999999999727,34.400000000000006,100.0,0,0.02
2025-01-02 11:30:00,AWS_VIDP,New Delhi / Indira Gandhi Intl,Delhi,Delhi,28.5667,77.1167,233.0,10.0,1019.98,87.4,NOAA/NWS ASOS via IEM Archive (provided source file),0,NORMAL,,,,,,11,2,1,2,Winter,1,0.0,0.0,0.0,AWS_VAAH,757.3475677791808,-14.0,3.050000000000068,37.2,100.0,0,0.02
2025-01-02 12:00:00,AWS_VIDP,New Delhi / Indira Gandhi Intl,Delhi,Delhi,28.5667,77.1167,233.0,11.0,1019.98,81.7,NOAA/NWS ASOS via IEM Archive (provided source file),0,NORMAL,,,,,,12,2,1,2,Winter,1,1.0,0.0,-5.700000000000003,AWS_VAAH,757.3475677791808,-14.0,3.050000000000068,31.300000000000004,100.0,0,0.02
2025-01-02 12:30:00,AWS_VIDP,New Delhi / Indira Gandhi Intl,Delhi,Delhi,28.5667,77.1167,233.0,11.0,1019.98,81.7,NOAA/NWS ASOS via IEM Archive (provided source file),0,NORMAL,,,,,,12,2,1,2,Winter,1,0.0,0.0,0.0,AWS_VAAH,757.3475677791808,-14.0,4.060000000000059,34.5,100.0,0,0.02
2025-01-02 13:00:00,AWS_VIDP,New Delhi / Indira Gandhi Intl,Delhi,Delhi,28.5667,77.1167,233.0,11.0,1018.96,81.7,NOAA/NWS ASOS via IEM Archive (provided source file),0,NORMAL,,,,,,13,2,1,2,Winter,1,0.0,-1.0199999999999818,0.0,AWS_VAAH,757.3475677791808,-15.0,4.060000000000059,37.2,100.0,0,0.02
2025-01-02 13:30:00,AWS_VIDP,New Delhi / Indira Gandhi Intl,Delhi,Delhi,28.5667,77.1167,233.0,12.0,1018.96,76.5,NOAA/NWS ASOS via IEM Archive (provided source file),0,NORMAL,,,,,,13,2,1,2,Winter,1,1.0,0.0,-5.200000000000003,AWS_VAAH,757.3475677791808,-15.0,4.060000000000059,31.700000000000003,100.0,0,0.02
2025-01-02 14:00:00,AWS_VIDP,New Delhi / Indira Gandhi Intl,Delhi,Delhi,28.5667,77.1167,233.0,12.0,1017.95,76.5,NOAA/NWS ASOS via IEM Archive (provided source file),0,NORMAL,,,,,,14,2,1,2,Winter,1,0.0,-1.009999999999991,0.0,AWS_VAAH,757.3475677791808,-16.0,4.07000000000005,34.3,100.0,0,0.02
2025-01-02 14:30:00,AWS_VIDP,New Delhi / Indira Gandhi Intl,Delhi,Delhi,28.5667,77.1167,233.0,13.0,1017.95,76.7,NOAA/NWS ASOS via IEM Archive (provided source file),0,NORMAL,,,,,,14,2,1,2,Winter,1,1.0,0.0,0.20000000000000284,AWS_VAAH,757.3475677791808,-15.0,4.07000000000005,34.5,100.0,0,0.02
2025-01-02 15:00:00,AWS_VIDP,New Delhi / Indira Gandhi Intl,Delhi,Delhi,28.5667,77.1167,233.0,13.0,1017.95,76.7,NOAA/NWS ASOS via IEM Archive (provided source file),0,NORMAL,,,,,,15,2,1,2,Winter,1,0.0,0.0,0.0,AWS_VAAH,757.3475677791808,-16.0,5.080000000000041,36.800000000000004,100.0,0,0.02
2025-01-02 15:30:00,AWS_VIDP,New Delhi / Indira Gandhi Intl,Delhi,Delhi,28.5667,77.1167,233.0,13.0,1017.95,76.7,NOAA/NWS ASOS via IEM Archive (provided source file),0,NORMAL,,,,,,15,2,1,2,Winter,1,0.0,0.0,0.0,AWS_VAAH,757.3475677791808,-16.0,5.080000000000041,36.800000000000004,100.0,0,0.02
2025-01-02 16:00:00,AWS_VIDP,New Delhi / Indira Gandhi Intl,Delhi,Delhi,28.5667,77.1167,233.0,14.0,1016.93,76.8,NOAA/NWS ASOS via IEM Archive (provided source file),0,NORMAL,,,,,,16,2,1,2,Winter,1,1.0,-1.0200000000000955,0.09999999999999432,AWS_VAAH,757.3475677791808,-15.0,4.059999999999945,34.3,100.0,0,0.02
2025-01-02 16:30:00,AWS_VIDP,New Delhi / Indira Gandhi Intl,Delhi,Delhi,28.5667,77.1167,233.0,14.0,1016.93,76.8,NOAA/NWS ASOS via IEM Archive (provided source file),0,NORMAL,,,,,,16,2,1,2,Winter,1,0.0,0.0,0.0,AWS_VAAH,757.3475677791808,-14.0,4.059999999999945,31.699999999999996,100.0,0,0.02
2025-01-02 17:00:00,AWS_VIDP,New Delhi / Indira Gandhi Intl,Delhi,Delhi,28.5667,77.1167,233.0,14.0,1016.93,82.1,NOAA/NWS ASOS via IEM Archive (provided source file),0,NORMAL,,,,,,17,2,1,2,Winter,1,0.0,0.0,5.299999999999997,AWS_VAAH,757.3475677791808,-14.0,4.059999999999945,36.99999999999999,100.0,0,0.02
2025-01-02 17:30:00,AWS_VIDP,New Delhi / Indira Gandhi Intl,Delhi,Delhi,28.5667,77.1167,233.0,13.0,1016.93,87.6,NOAA/NWS ASOS via IEM Archive (provided source file),0,NORMAL,,,,,,17,2,1,2,Winter,1,-1.0,0.0,5.5,AWS_VAAH,757.3475677791808,-15.0,4.059999999999945,39.599999999999994,100.0,0,0.02
2025-01-02 18:00:00,AWS_VIDP,New Delhi / Indira Gandhi Intl,Delhi,Delhi,28.5667,77.1167,233.0,12.0,1016.93,87.6,NOAA/NWS ASOS via IEM Archive (provided source file),0,NORMAL,,,,,,18,2,1,2,Winter,0,-1.0,0.0,0.0,AWS_VAAH,757.3475677791808,-14.0,3.0499999999999545,36.89999999999999,100.0,0,0.02
2025-01-02 18:30:00,AWS_VIDP,New Delhi / Indira Gandhi Intl,Delhi,Delhi,28.5667,77.1167,233.0,11.0,1017.95,93.6,NOAA/NWS ASOS via IEM Archive (provided source file),0,NORMAL,,,,,,18,2,1,2,Winter,0,-1.0,1.0200000000000955,6.0,AWS_VAAH,757.3475677791808,-15.0,4.07000000000005,42.89999999999999,100.0,0,0.02
2025-01-02 19:00:00,AWS_VIDP,New Delhi / Indira Gandhi Intl,Delhi,Delhi,28.5667,77.1167,233.0,11.0,1017.95,93.6,NOAA/NWS ASOS via IEM Archive (provided source file),0,NORMAL,,,,,,19,2,1,2,Winter,0,0.0,0.0,0.0,AWS_VAAH,757.3475677791808,-14.0,4.07000000000005,39.8,100.0,0,0.02
2025-01-02 19:30:00,AWS_VIDP,New Delhi / Indira Gandhi Intl,Delhi,Delhi,28.5667,77.1167,233.0,11.0,1017.95,93.6,NOAA/NWS ASOS via IEM Archive (provided source file),0,NORMAL,,,,,,19,2,1,2,Winter,0,0.0,0.0,0.0,AWS_VAAH,757.3475677791808,-14.0,3.050000000000068,43.199999999999996,100.0,0,0.02
2025-01-02 20:00:00,AWS_VIDP,New Delhi / Indira Gandhi Intl,Delhi,Delhi,28.5667,77.1167,233.0,11.0,1017.95,93.6,NOAA/NWS ASOS via IEM Archive (provided source file),0,NORMAL,,,,,,20,2,1,2,Winter,0,0.0,0.0,0.0,AWS_VAAH,757.3475677791808,-13.0,3.050000000000068,39.99999999999999,100.0,0,0.02
2025-01-02 20:30:00,AWS_VIDP,New Delhi / Indira Gandhi Intl,Delhi,Delhi,28.5667,77.1167,233.0,11.0,1017.95,93.6,NOAA/NWS ASOS via IEM Archive (provided source file),0,NORMAL,,,,,,20,2,1,2,Winter,0,0.0,0.0,0.0,AWS_VAAH,757.3475677791808,-11.0,3.050000000000068,33.199999999999996,100.0,0,0.02
2025-01-02 21:00:00,AWS_VIDP,New Delhi / Indira Gandhi Intl,Delhi,Delhi,28.5667,77.1167,233.0,10.0,1018.96,100.0,NOAA/NWS ASOS via IEM Archive (provided source file),0,NORMAL,,,,,,21,2,1,2,Winter,0,-1.0,1.009999999999991,6.400000000000006,AWS_VAAH,757.3475677791808,-12.0,3.0400000000000773,39.6,100.0,0,0.02
2025-01-02 21:30:00,AWS_VIDP,New Delhi / Indira Gandhi Intl,Delhi,Delhi,28.5667,77.1167,233.0,10.0,1018.96,100.0,NOAA/NWS ASOS via IEM Archive (provided source file),0,NORMAL,,,,,,21,2,1,2,Winter,0,0.0,0.0,0.0,AWS_VAAH,757.3475677791808,-10.0,3.0400000000000773,27.099999999999994,100.0,0,0.02
2025-01-02 22:00:00,AWS_VIDP,New Delhi / Indira Gandhi Intl,Delhi,Delhi,28.5667,77.1167,233.0,9.0,1018.96,100.0,NOAA/NWS ASOS via IEM Archive (provided source file),0,NORMAL,,,,,,22,2,1,2,Winter,0,-1.0,0.0,0.0,AWS_VAAH,757.3475677791808,-11.0,3.0400000000000773,27.099999999999994,100.0,0,0.02
2025-01-02 22:30:00,AWS_VIDP,New Delhi / Indira Gandhi Intl,Delhi,Delhi,28.5667,77.1167,233.0,9.0,1018.96,100.0,NOAA/NWS ASOS via IEM Archive (provided source file),0,NORMAL,,,,,,22,2,1,2,Winter,0,0.0,0.0,0.0,AWS_VAAH,757.3475677791808,-11.0,3.0400000000000773,31.599999999999994,100.0,0,0.02
2025-01-02 23:00:00,AWS_VIDP,New Delhi / Indira Gandhi Intl,Delhi,Delhi,28.5667,77.1167,233.0,9.0,1018.96,100.0,NOAA/NWS ASOS via IEM Archive (provided source file),0,NORMAL,,,,,,23,2,1,2,Winter,0,0.0,0.0,0.0,AWS_VAAH,757.3475677791808,-10.0,3.0400000000000773,27.299999999999997,100.0,0,0.02
2025-01-02 23:30:00,AWS_VIDP,New Delhi / Indira Gandhi Intl,Delhi,Delhi,28.5667,77.1167,233.0,10.0,1018.96,93.5,NOAA/NWS ASOS via IEM Archive (provided source file),0,NORMAL,,,,,,23,2,1,2,Winter,0,1.0,0.0,-6.5,AWS_VAAH,757.3475677791808,-10.0,3.0400000000000773,33.5,100.0,0,0.02
2025-01-03 00:00:00,AWS_VIDP,New Delhi / Indira Gandhi Intl,Delhi,Delhi,28.5667,77.1167,233.0,10.0,1017.95,93.5,NOAA/NWS ASOS via IEM Archive (provided source file),0,NORMAL,,,,,,0,3,1,3,Winter,0,0.0,-1.009999999999991,0.0,AWS_VAAH,757.3475677791808,-10.0,3.050000000000068,41.0,100.0,0,0.02
2025-01-03 00:30:00,AWS_VIDP,New Delhi / Indira Gandhi Intl,Delhi,Delhi,28.5667,77.1167,233.0,9.0,1017.95,100.0,NOAA/NWS ASOS via IEM Archive (provided source file),0,NORMAL,,,,,,0,3,1,3,Winter,0,-1.0,0.0,6.5,AWS_VAAH,757.3475677791808,-10.0,3.050000000000068,44.1,100.0,0,0.02
2025-01-03 01:00:00,AWS_VIDP,New Delhi / Indira Gandhi Intl,Delhi,Delhi,28.5667,77.1167,233.0,9.0,1017.95,100.0,NOAA/NWS ASOS via IEM Archive (provided source file),0,NORMAL,,,,,,1,3,1,3,Winter,0,0.0,0.0,0.0,AWS_VAAH,757.3475677791808,-9.0,3.050000000000068,44.4,100.0,0,0.02
2025-01-03 01:30:00,AWS_VIDP,New Delhi / Indira Gandhi Intl,Delhi,Delhi,28.5667,77.1167,233.0,9.0,1017.95,100.0,NOAA/NWS ASOS via IEM Archive (provided source file),0,NORMAL,,,,,,1,3,1,3,Winter,0,0.0,0.0,0.0,AWS_VAAH,757.3475677791808,-8.0,3.050000000000068,40.7,100.0,0,0.02
2025-01-03 02:00:00,AWS_VIDP,New Delhi / Indira Gandhi Intl,Delhi,Delhi,28.5667,77.1167,233.0,9.0,1017.95,100.0,NOAA/NWS ASOS via IEM Archive (provided source file),0,NORMAL,,,,,,2,3,1,3,Winter,0,0.0,0.0,0.0,AWS_VAAH,757.3475677791808,-8.0,3.050000000000068,40.7,100.0,0,0.02
2025-01-03 02:30:00,AWS_VIDP,New Delhi / Indira Gandhi Intl,Delhi,Delhi,28.5667,77.1167,233.0,9.0,1017.95,100.0,NOAA/NWS ASOS via IEM Archive (provided source file),0,NORMAL,,,,,,2,3,1,3,Winter,0,0.0,0.0,0.0,AWS_VAAH,757.3475677791808,-8.0,3.050000000000068,48.3,100.0,0,0.02
2025-01-03 03:00:00,AWS_VIDP,New Delhi / Indira Gandhi Intl,Delhi,Delhi,28.5667,77.1167,233.0,9.0,1017.95,100.0,NOAA/NWS ASOS via IEM Archive (provided source file),0,NORMAL,,,,,,3,3,1,3,Winter,0,0.0,0.0,0.0,AWS_VAAH,757.3475677791808,-8.0,3.050000000000068,48.3,100.0,0,0.02
2025-01-03 03:30:00,AWS_VIDP,New Delhi / Indira Gandhi Intl,Delhi,Delhi,28.5667,77.1167,233.0,9.0,1017.95,100.0,NOAA/NWS ASOS via IEM Archive (provided source file),0,NORMAL,,,,,,3,3,1,3,Winter,0,0.0,0.0,0.0,AWS_VAAH,757.3475677791808,-7.0,4.07000000000005,44.9,100.0,0,0.02
2025-01-03 04:00:00,AWS_VIDP,New Delhi / Indira Gandhi Intl,Delhi,Delhi,28.5667,77.1167,233.0,9.0,1017.95,100.0,NOAA/NWS ASOS via IEM Archive (provided source file),0,NORMAL,,,,,,4,3,1,3,Winter,0,0.0,0.0,0.0,AWS_VAAH,757.3475677791808,-7.0,4.07000000000005,44.9,100.0,0,0.02
2025-01-03 04:30:00,AWS_VIDP,New Delhi / Indira Gandhi Intl,Delhi,Delhi,28.5667,77.1167,233.0,9.0,1016.93,100.0,NOAA/NWS ASOS via IEM Archive (provided source file),0,NORMAL,,,,,,4,3,1,3,Winter,0,0.0,-1.0200000000000955,0.0,AWS_VAAH,757.3475677791808,-7.0,2.0299999999999727,41.0,100.0,0,0.02
2025-01-03 05:00:00,AWS_VIDP,New Delhi / Indira Gandhi Intl,Delhi,Delhi,28.5667,77.1167,233.0,9.0,1016.93,100.0,NOAA/NWS ASOS via IEM Archive (provided source file),0,NORMAL,,,,,,5,3,1,3,Winter,0,0.0,0.0,0.0,AWS_VAAH,757.3475677791808,-7.0,2.0299999999999727,41.0,100.0,0,0.02
2025-01-03 05:30:00,AWS_VIDP,New Delhi / Indira Gandhi Intl,Delhi,Delhi,28.5667,77.1167,233.0,9.0,1016.93,100.0,NOAA/NWS ASOS via IEM Archive (provided source file),0,NORMAL,,,,,,5,3,1,3,Winter,0,0.0,0.0,0.0,AWS_VAAH,757.3475677791808,-7.0,2.0299999999999727,41.0,100.0,0,0.02
2025-01-03 06:00:00,AWS_VIDP,New Delhi / Indira Gandhi Intl,Delhi,Delhi,28.5667,77.1167,233.0,8.0,1017.95,100.0,NOAA/NWS ASOS via IEM Archive (provided source file),0,NORMAL,,,,,,6,3,1,3,Winter,1,-1.0,1.0200000000000955,0.0,AWS_VAAH,757.3475677791808,-8.0,3.050000000000068,36.8,100.0,0,0.02
2025-01-03 06:30:00,AWS_VIDP,New Delhi / Indira Gandhi Intl,Delhi,Delhi,28.5667,77.1167,233.0,8.0,1017.95,100.0,NOAA/NWS ASOS via IEM Archive (provided source file),0,NORMAL,,,,,,6,3,1,3,Winter,1,0.0,0.0,0.0,AWS_VAAH,757.3475677791808,-8.0,3.050000000000068,36.8,100.0,0,0.02
2025-01-03 07:00:00,AWS_VIDP,New Delhi / Indira Gandhi Intl,Delhi,Delhi,28.5667,77.1167,233.0,8.0,1017.95,100.0,NOAA/NWS ASOS via IEM Archive (provided source file),0,NORMAL,,,,,,7,3,1,3,Winter,1,0.0,0.0,0.0,AWS_VAAH,757.3475677791808,-9.0,3.050000000000068,40.7,100.0,0,0.02
2025-01-03 07:30:00,AWS_VIDP,New Delhi / Indira Gandhi Intl,Delhi,Delhi,28.5667,77.1167,233.0,8.0,1018.96,100.0,NOAA/NWS ASOS via IEM Archive (provided source file),0,NORMAL,,,,,,7,3,1,3,Winter,1,0.0,1.009999999999991,0.0,AWS_VAAH,757.3475677791808,-9.0,4.060000000000059,40.7,100.0,0,0.02
2025-01-03 08:00:00,AWS_VIDP,New Delhi / Indira Gandhi Intl,Delhi,Delhi,28.5667,77.1167,233.0,8.0,1018.96,100.0,NOAA/NWS ASOS via IEM Archive (provided source file),0,NORMAL,,,,,,8,3,1,3,Winter,1,0.0,0.0,0.0,AWS_VAAH,757.3475677791808,-9.0,3.0400000000000773,40.7,100.0,0,0.02
2025-01-03 08:30:00,AWS_VIDP,New Delhi / Indira Gandhi Intl,Delhi,Delhi,28.5667,77.1167,233.0,8.0,1018.96,100.0,NOAA/NWS ASOS via IEM Archive (provided source file),0,NORMAL,,,,,,8,3,1,3,Winter,1,0.0,0.0,0.0,AWS_VAAH,757.3475677791808,-9.0,3.0400000000000773,40.7,100.0,0,0.02
2025-01-03 09:00:00,AWS_VIDP,New Delhi / Indira Gandhi Intl,Delhi,Delhi,28.5667,77.1167,233.0,9.0,1019.98,100.0,NOAA/NWS ASOS via IEM Archive (provided source file),0,NORMAL,,,,,,9,3,1,3,Winter,1,1.0,1.0199999999999818,0.0,AWS_VAAH,757.3475677791808,-8.0,3.050000000000068,36.6,100.0,0,0.02
2025-01-03 09:30:00,AWS_VIDP,New Delhi / Indira Gandhi Intl,Delhi,Delhi,28.5667,77.1167,233.0,9.0,1019.98,100.0,NOAA/NWS ASOS via IEM Archive (provided source file),0,NORMAL,,,,,,9,3,1,3,Winter,1,0.0,0.0,0.0,AWS_VAAH,757.3475677791808,-9.0,3.050000000000068,40.5,100.0,0,0.02
2025-01-03 10:00:00,AWS_VIDP,New Delhi / Indira Gandhi Intl,Delhi,Delhi,28.5667,77.1167,233.0,10.0,1019.98,100.0,NOAA/NWS ASOS via IEM Archive (provided source file),0,NORMAL,,,,,,10,3,1,3,Winter,1,1.0,0.0,0.0,AWS_VAAH,757.3475677791808,-10.0,3.050000000000068,47.5,100.0,0,0.02
2025-01-03 10:30:00,AWS_VIDP,New Delhi / Indira Gandhi Intl,Delhi,Delhi,28.5667,77.1167,233.0,10.0,1021.0,100.0,NOAA/NWS ASOS via IEM Archive (provided source file),0,NORMAL,,,,,,10,3,1,3,Winter,1,0.0,1.0199999999999818,0.0,AWS_VAAH,757.3475677791808,-12.0,4.07000000000005,53.6,100.0,0,0.02
2025-01-03 11:00:00,AWS_VIDP,New Delhi / Indira Gandhi Intl,Delhi,Delhi,28.5667,77.1167,233.0,11.0,1021.0,93.6,NOAA/NWS ASOS via IEM Archive (provided source file),0,NORMAL,,,,,,11,3,1,3,Winter,1,1.0,0.0,-6.400000000000006,AWS_VAAH,757.3475677791808,-12.0,4.07000000000005,46.89999999999999,100.0,0,0.02
2025-01-03 11:30:00,AWS_VIDP,New Delhi / Indira Gandhi Intl,Delhi,Delhi,28.5667,77.1167,233.0,13.0,1019.98,82.0,NOAA/NWS ASOS via IEM Archive (provided source file),0,NORMAL,,,,,,11,3,1,3,Winter,1,2.0,-1.0199999999999818,-11.599999999999994,AWS_VAAH,757.3475677791808,-11.0,3.050000000000068,38.0,100.0,0,0.02
2025-01-03 12:00:00,AWS_VIDP,New Delhi / Indira Gandhi Intl,Delhi,Delhi,28.5667,77.1167,233.0,14.0,1019.98,87.7,NOAA/NWS ASOS via IEM Archive (provided source file),0,NORMAL,,,,,,12,3,1,3,Winter,1,1.0,0.0,5.700000000000003,AWS_VAAH,757.3475677791808,-10.0,3.050000000000068,43.7,100.0,0,0.02
2025-01-03 12:30:00,AWS_VIDP,New Delhi / Indira Gandhi Intl,Delhi,Delhi,28.5667,77.1167,233.0,16.0,1029.12,82.4,NOAA/NWS ASOS via IEM Archive (provided source file),0,NORMAL,,,,,,12,3,1,3,Winter,1,2.0,9.139999999999873,-5.299999999999997,AWS_VAAH,757.3475677791808,-9.0,13.199999999999932,41.00000000000001,100.0,0,0.02
2025-01-03 13:00:00,AWS_VIDP,New Delhi / Indira Gandhi Intl,Delhi,Delhi,28.5667,77.1167,233.0,16.0,1018.96,82.4,NOAA/NWS ASOS via IEM Archive (provided source file),0,NORMAL,,,,,,13,3,1,3,Winter,1,0.0,-10.159999999999854,0.0,AWS_VAAH,757.3475677791808,-10.0,4.060000000000059,40.7,100.0,0,0.02
2025-01-03 13:30:00,AWS_VIDP,New Delhi / Indira Gandhi Intl,Delhi,Delhi,28.5667,77.1167,233.0,17.0,1018.96,82.5,NOAA/NWS ASOS via IEM Archive (provided source file),0,NORMAL,,,,,,13,3,1,3,Winter,1,1.0,0.0,0.09999999999999432,AWS_VAAH,757.3475677791808,-10.0,4.060000000000059,45.7,100.0,0,0.02
2025-01-03 14:00:00,AWS_VIDP,New Delhi / Indira Gandhi Intl,Delhi,Delhi,28.5667,77.1167,233.0,18.0,1017.95,68.0,NOAA/NWS ASOS via IEM Archive (provided source file),0,NORMAL,,,,,,14,3,1,3,Winter,1,1.0,-1.009999999999991,-14.5,AWS_VAAH,757.3475677791808,-10.0,4.07000000000005,35.5,100.0,0,0.02
2025-01-03 14:30:00,AWS_VIDP,New Delhi / Indira Gandhi Intl,Delhi,Delhi,28.5667,77.1167,233.0,18.0,1017.95,68.0,NOAA/NWS ASOS via IEM Archive (provided source file),0,NORMAL,,,,,,14,3,1,3,Winter,1,0.0,0.0,0.0,AWS_VAAH,757.3475677791808,-11.0,4.07000000000005,37.4,100.0,0,0.02
2025-01-03 15:00:00,AWS_VIDP,New Delhi / Indira Gandhi Intl,Delhi,Delhi,28.5667,77.1167,233.0,18.0,1016.93,63.6,NOAA/NWS ASOS via IEM Archive (provided source file),0,NORMAL,,,,,,15,3,1,3,Winter,1,0.0,-1.0200000000000955,-4.399999999999999,AWS_VAAH,757.3475677791808,-11.0,3.0499999999999545,33.0,100.0,0,0.02
2025-01-03 15:30:00,AWS_VIDP,New Delhi / Indira Gandhi Intl,Delhi,Delhi,28.5667,77.1167,233.0,18.0,1016.93,63.6,NOAA/NWS ASOS via IEM Archive (provided source file),0,NORMAL,,,,,,15,3,1,3,Winter,1,0.0,0.0,0.0,AWS_VAAH,757.3475677791808,-12.0,4.059999999999945,40.0,100.0,0,0.02
2025-01-03 16:00:00,AWS_VIDP,New Delhi / Indira Gandhi Intl,Delhi,Delhi,28.5667,77.1167,233.0,18.0,1016.93,63.6,NOAA/NWS ASOS via IEM Archive (provided source file),0,NORMAL,,,,,,16,3,1,3,Winter,1,0.0,0.0,0.0,AWS_VAAH,757.3475677791808,-12.0,4.059999999999945,36.6,100.0,0,0.02
2025-01-03 16:30:00,AWS_VIDP,New Delhi / Indira Gandhi Intl,Delhi,Delhi,28.5667,77.1167,233.0,18.0,1016.93,63.6,NOAA/NWS ASOS via IEM Archive (provided source file),0,NORMAL,,,,,,16,3,1,3,Winter,1,0.0,0.0,0.0,AWS_VAAH,757.3475677791808,-11.0,4.059999999999945,33.0,100.0,0,0.02
2025-01-03 17:00:00,AWS_VIDP,New Delhi / Indira Gandhi Intl,Delhi,Delhi,28.5667,77.1167,233.0,18.0,1016.93,63.6,NOAA/NWS ASOS via IEM Archive (provided source file),0,NORMAL,,,,,,17,3,1,3,Winter,1,0.0,0.0,0.0,AWS_VAAH,757.3475677791808,-11.0,4.059999999999945,30.9,100.0,0,0.02
2025-01-03 17:30:00,AWS_VIDP,New Delhi / Indira Gandhi Intl,Delhi,Delhi,28.5667,77.1167,233.0,17.0,1016.93,72.4,NOAA/NWS ASOS via IEM Archive (provided source file),0,NORMAL,,,,,,17,3,1,3,Winter,1,-1.0,0.0,8.800000000000004,AWS_VAAH,757.3475677791808,-11.0,4.059999999999945,39.900000000000006,100.0,0,0.02
2025-01-03 18:00:00,AWS_VIDP,New Delhi / Indira Gandhi Intl,Delhi,Delhi,28.5667,77.1167,233.0,15.0,1016.93,82.2,NOAA/NWS ASOS via IEM Archive (provided source file),0,NORMAL,,,,,,18,3,1,3,Winter,0,-2.0,0.0,9.799999999999997,AWS_VAAH,757.3475677791808,-12.0,4.059999999999945,45.400000000000006,100.0,0,0.02
2025-01-03 18:30:00,AWS_VIDP,New Delhi / Indira Gandhi Intl,Delhi,Delhi,28.5667,77.1167,233.0,15.0,1016.93,82.2,NOAA/NWS ASOS via IEM Archive (provided source file),0,NORMAL,,,,,,18,3,1,3,Winter,0,0.0,0.0,0.0,AWS_VAAH,757.3475677791808,-10.0,4.059999999999945,40.800000000000004,100.0,0,0.02
2025-01-03 19:00:00,AWS_VIDP,New Delhi / Indira Gandhi Intl,Delhi,Delhi,28.5667,77.1167,233.0,14.0,1016.93,87.7,NOAA/NWS ASOS via IEM Archive (provided source file),0,NORMAL,,,,,,19,3,1,3,Winter,0,-1.0,0.0,5.5,AWS_VAAH,757.3475677791808,-10.0,4.059999999999945,40.7,100.0,0,0.02
2025-01-03 19:30:00,AWS_VIDP,New Delhi / Indira Gandhi Intl,Delhi,Delhi,28.5667,77.1167,233.0,13.0,1016.93,93.6,NOAA/NWS ASOS via IEM Archive (provided source file),0,NORMAL,,,,,,19,3,1,3,Winter,0,-1.0,0.0,5.8999999999999915,AWS_VAAH,757.3475677791808,-10.0,3.0499999999999545,43.699999999999996,100.0,0,0.02
2025-01-03 20:00:00,AWS_VIDP,New Delhi / Indira Gandhi Intl,Delhi,Delhi,28.5667,77.1167,233.0,13.0,1016.93,93.6,NOAA/NWS ASOS via IEM Archive (provided source file),0,NORMAL,,,,,,20,3,1,3,Winter,0,0.0,0.0,0.0,AWS_VAAH,757.3475677791808,-10.0,3.0499999999999545,40.3,100.0,0,0.02
2025-01-03 20:30:00,AWS_VIDP,New Delhi / Indira Gandhi Intl,Delhi,Delhi,28.5667,77.1167,233.0,13.0,1016.93,93.6,NOAA/NWS ASOS via IEM Archive (provided source file),0,NORMAL,,,,,,20,3,1,3,Winter,0,0.0,0.0,0.0,AWS_VAAH,757.3475677791808,-10.0,3.0499999999999545,43.699999999999996,100.0,0,0.02
2025-01-03 21:00:00,AWS_VIDP,New Delhi / Indira Gandhi Intl,Delhi,Delhi,28.5667,77.1167,233.0,12.0,1016.93,93.6,NOAA/NWS ASOS via IEM Archive (provided source file),0,NORMAL,,,,,,21,3,1,3,Winter,0,-1.0,0.0,0.0,AWS_VAAH,757.3475677791808,,,,100.0,0,0.02
2025-01-03 21:30:00,AWS_VIDP,New Delhi / Indira Gandhi Intl,Delhi,Delhi,28.5667,77.1167,233.0,10.0,1016.93,,NOAA/NWS ASOS via IEM Archive (provided source file),0,NORMAL,,,,,,21,3,1,3,Winter,0,-2.0,0.0,,AWS_VAAH,757.3475677791808,-11.0,3.0499999999999545,,100.0,0,0.02
2025-01-03 22:00:00,AWS_VIDP,New Delhi / Indira Gandhi Intl,Delhi,Delhi,28.5667,77.1167,233.0,11.0,1016.93,93.6,NOAA/NWS ASOS via IEM Archive (provided source file),0,NORMAL,,,,,,22,3,1,3,Winter,0,1.0,0.0,,AWS_VAAH,757.3475677791808,-10.0,3.0499999999999545,33.39999999999999,100.0,0,0.02
2025-01-03 22:30:00,AWS_VIDP,New Delhi / Indira Gandhi Intl,Delhi,Delhi,28.5667,77.1167,233.0,10.0,1016.93,100.0,NOAA/NWS ASOS via IEM Archive (provided source file),0,NORMAL,,,,,,22,3,1,3,Winter,0,-1.0,0.0,6.400000000000006,AWS_VAAH,757.3475677791808,-11.0,3.0499999999999545,39.8,100.0,0,0.02
2025-01-03 23:00:00,AWS_VIDP,New Delhi / Indira Gandhi Intl,Delhi,Delhi,28.5667,77.1167,233.0,10.0,1016.93,100.0,NOAA/NWS ASOS via IEM Archive (provided source file),0,NORMAL,,,,,,23,3,1,3,Winter,0,0.0,0.0,0.0,AWS_VAAH,757.3475677791808,-9.0,3.0499999999999545,31.799999999999997,100.0,0,0.02
2025-01-03 23:30:00,AWS_VIDP,New Delhi / Indira Gandhi Intl,Delhi,Delhi,28.5667,77.1167,233.0,10.0,1016.93,100.0,NOAA/NWS ASOS via IEM Archive (provided source file),0,NORMAL,,,,,,23,3,1,3,Winter,0,0.0,0.0,0.0,AWS_VAAH,757.3475677791808,-9.0,3.0499999999999545,27.299999999999997,100.0,0,0.02
2025-01-04 00:00:00,AWS_VIDP,New Delhi / Indira Gandhi Intl,Delhi,Delhi,28.5667,77.1167,233.0,10.0,1015.92,100.0,NOAA/NWS ASOS via IEM Archive (provided source file),0,NORMAL,,,,,,0,4,1,4,Winter,0,0.0,-1.009999999999991,0.0,AWS_VAAH,757.3475677791808,-10.0,2.0399999999999636,36.0,100.0,0,0.02
2025-01-04 00:30:00,AWS_VIDP,New Delhi / Indira Gandhi Intl,Delhi,Delhi,28.5667,77.1167,233.0,10.0,1015.92,100.0,NOAA/NWS ASOS via IEM Archive (provided source file),0,NORMAL,,,,,,0,4,1,4,Winter,0,0.0,0.0,0.0,AWS_VAAH,757.3475677791808,-8.0,2.0399999999999636,22.599999999999994,100.0,0,0.02
2025-01-04 01:00:00,AWS_VIDP,New Delhi / Indira Gandhi Intl,Delhi,Delhi,28.5667,77.1167,233.0,10.0,1015.92,100.0,NOAA/NWS ASOS via IEM Archive (provided source file),0,NORMAL,,,,,,1,4,1,4,Winter,0,0.0,0.0,0.0,AWS_VAAH,757.3475677791808,-8.0,2.0399999999999636,27.400000000000006,100.0,0,0.02
2025-01-04 01:30:00,AWS_VIDP,New Delhi / Indira Gandhi Intl,Delhi,Delhi,28.5667,77.1167,233.0,10.0,1015.92,100.0,NOAA/NWS ASOS via IEM Archive (provided source file),0,NORMAL,,,,,,1,4,1,4,Winter,0,0.0,0.0,0.0,AWS_VAAH,757.3475677791808,-7.0,3.0499999999999545,22.700000000000003,100.0,0,0.02
2025-01-04 02:00:00,AWS_VIDP,New Delhi / Indira Gandhi Intl,Delhi,Delhi,28.5667,77.1167,233.0,10.0,1015.92,100.0,NOAA/NWS ASOS via IEM Archive (provided source file),0,NORMAL,,,,,,2,4,1,4,Winter,0,0.0,0.0,0.0,AWS_VAAH,757.3475677791808,-8.0,3.0499999999999545,32.0,100.0,0,0.02
2025-01-04 02:30:00,AWS_VIDP,New Delhi / Indira Gandhi Intl,Delhi,Delhi,28.5667,77.1167,233.0,10.0,1015.92,100.0,NOAA/NWS ASOS via IEM Archive (provided source file),0,NORMAL,,,,,,2,4,1,4,Winter,0,0.0,0.0,0.0,AWS_VAAH,757.3475677791808,-7.0,3.0499999999999545,22.700000000000003,100.0,0,0.02
2025-01-04 03:00:00,AWS_VIDP,New Delhi / Indira Gandhi Intl,Delhi,Delhi,28.5667,77.1167,233.0,10.0,1015.92,100.0,NOAA/NWS ASOS via IEM Archive (provided source file),0,NORMAL,,,,,,3,4,1,4,Winter,0,0.0,0.0,0.0,AWS_VAAH,757.3475677791808,-6.0,3.0499999999999545,17.599999999999994,100.0,0,0.02
2025-01-04 03:30:00,AWS_VIDP,New Delhi / Indira Gandhi Intl,Delhi,Delhi,28.5667,77.1167,233.0,10.0,1014.9,100.0,NOAA/NWS ASOS via IEM Archive (provided source file),0,NORMAL,,,,,,3,4,1,4,Winter,0,0.0,-1.0199999999999818,0.0,AWS_VAAH,757.3475677791808,-6.0,2.0299999999999727,22.900000000000006,100.0,0,0.02
2025-01-04 04:00:00,AWS_VIDP,New Delhi / Indira Gandhi Intl,Delhi,Delhi,28.5667,77.1167,233.0,10.0,1014.9,100.0,NOAA/NWS ASOS via IEM Archive (provided source file),0,NORMAL,,,,,,4,4,1,4,Winter,0,0.0,0.0,0.0,AWS_VAAH,757.3475677791808,-7.0,2.0299999999999727,27.599999999999994,100.0,0,0.02
2025-01-04 04:30:00,AWS_VIDP,New Delhi / Indira Gandhi Intl,Delhi,Delhi,28.5667,77.1167,233.0,10.0,1014.9,100.0,NOAA/NWS ASOS via IEM Archive (provided source file),0,NORMAL,,,,,,4,4,1,4,Winter,0,0.0,0.0,0.0,AWS_VAAH,757.3475677791808,-7.0,2.0299999999999727,32.2,100.0,0,0.02
2025-01-04 05:00:00,AWS_VIDP,New Delhi / Indira Gandhi Intl,Delhi,Delhi,28.5667,77.1167,233.0,10.0,1014.9,100.0,NOAA/NWS ASOS via IEM Archive (provided source file),0,NORMAL,,,,,,5,4,1,4,Winter,0,0.0,0.0,0.0,AWS_VAAH,757.3475677791808,-8.0,2.0299999999999727,36.4,100.0,0,0.02
2025-01-04 05:30:00,AWS_VIDP,New Delhi / Indira Gandhi Intl,Delhi,Delhi,28.5667,77.1167,233.0,10.0,1014.9,100.0,NOAA/NWS ASOS via IEM Archive (provided source file),0,NORMAL,,,,,,5,4,1,4,Winter,0,0.0,0.0,0.0,AWS_VAAH,757.3475677791808,-7.0,2.0299999999999727,32.2,100.0,0,0.02
2025-01-04 06:00:00,AWS_VIDP,New Delhi / Indira Gandhi Intl,Delhi,Delhi,28.5667,77.1167,233.0,10.0,1014.9,100.0,NOAA/NWS ASOS via IEM Archive (provided source file),0,NORMAL,,,,,,6,4,1,4,Winter,1,0.0,0.0,0.0,AWS_VAAH,757.3475677791808,-7.0,2.0299999999999727,32.2,100.0,0,0.02
2025-01-04 06:30:00,AWS_VIDP,New Delhi / Indira Gandhi Intl,Delhi,Delhi,28.5667,77.1167,233.0,10.0,1015.92,100.0,NOAA/NWS ASOS via IEM Archive (provided source file),0,NORMAL,,,,,,6,4,1,4,Winter,1,0.0,1.0199999999999818,0.0,AWS_VAAH,757.3475677791808,-6.0,3.0499999999999545,27.799999999999997,100.0,0,0.02
2025-01-04 07:00:00,AWS_VIDP,New Delhi / Indira Gandhi Intl,Delhi,Delhi,28.5667,77.1167,233.0,9.0,1015.92,100.0,NOAA/NWS ASOS via IEM Archive (provided source file),0,NORMAL,,,,,,7,4,1,4,Winter,1,-1.0,0.0,0.0,AWS_VAAH,757.3475677791808,-6.0,2.0399999999999636,28.0,100.0,0,0.02
2025-01-04 07:30:00,AWS_VIDP,New Delhi / Indira Gandhi Intl,Delhi,Delhi,28.5667,77.1167,233.0,9.0,1015.92,100.0,NOAA/NWS ASOS via IEM Archive (provided source file),0,NORMAL,,,,,,7,4,1,4,Winter,1,0.0,0.0,0.0,AWS_VAAH,757.3475677791808,-6.0,2.0399999999999636,23.0,100.0,0,0.02
2025-01-04 08:00:00,AWS_VIDP,New Delhi / Indira Gandhi Intl,Delhi,Delhi,28.5667,77.1167,233.0,9.0,1016.93,100.0,NOAA/NWS ASOS via IEM Archive (provided source file),0,NORMAL,,,,,,8,4,1,4,Winter,1,0.0,1.009999999999991,0.0,AWS_VAAH,757.3475677791808,-7.0,3.0499999999999545,27.799999999999997,100.0,0,0.02
2025-01-04 08:30:00,AWS_VIDP,New Delhi / Indira Gandhi Intl,Delhi,Delhi,28.5667,77.1167,233.0,9.0,1016.93,100.0,NOAA/NWS ASOS via IEM Archive (provided source file),0,NORMAL,,,,,,8,4,1,4,Winter,1,0.0,0.0,0.0,AWS_VAAH,757.3475677791808,-8.0,2.0299999999999727,27.599999999999994,100.0,0,0.02
2025-01-04 09:00:00,AWS_VIDP,New Delhi / Indira Gandhi Intl,Delhi,Delhi,28.5667,77.1167,233.0,9.0,1017.95,100.0,NOAA/NWS ASOS via IEM Archive (provided source file),0,NORMAL,,,,,,9,4,1,4,Winter,1,0.0,1.0200000000000955,0.0,AWS_VAAH,757.3475677791808,-8.0,3.050000000000068,32.2,100.0,0,0.02
2025-01-04 09:30:00,AWS_VIDP,New Delhi / Indira Gandhi Intl,Delhi,Delhi,28.5667,77.1167,233.0,10.0,1017.95,100.0,NOAA/NWS ASOS via IEM Archive (provided source file),0,NORMAL,,,,,,9,4,1,4,Winter,1,1.0,0.0,0.0,AWS_VAAH,757.3475677791808,-9.0,2.0300000000000864,40.3,100.0,0,0.02
2025-01-04 10:00:00,AWS_VIDP,New Delhi / Indira Gandhi Intl,Delhi,Delhi,28.5667,77.1167,233.0,10.0,1018.96,100.0,NOAA/NWS ASOS via IEM Archive (provided source file),0,NORMAL,,,,,,10,4,1,4,Winter,1,0.0,1.009999999999991,0.0,AWS_VAAH,757.3475677791808,-11.0,3.0400000000000773,47.2,100.0,0,0.02
2025-01-04 10:30:00,AWS_VIDP,New Delhi / Indira Gandhi Intl,Delhi,Delhi,28.5667,77.1167,233.0,11.0,1018.96,100.0,NOAA/NWS ASOS via IEM Archive (provided source file),0,NORMAL,,,,,,10,4,1,4,Winter,1,1.0,0.0,0.0,AWS_VAAH,757.3475677791808,-11.0,3.0400000000000773,50.4,100.0,0,0.02
2025-01-04 11:00:00,AWS_VIDP,New Delhi / Indira Gandhi Intl,Delhi,Delhi,28.5667,77.1167,233.0,12.0,1017.95,93.6,NOAA/NWS ASOS via IEM Archive (provided source file),0,NORMAL,,,,,,11,4,1,4,Winter,1,1.0,-1.009999999999991,-6.400000000000006,AWS_VAAH,757.3475677791808,-12.0,2.0300000000000864,49.599999999999994,100.0,0,0.02
2025-01-04 11:30:00,AWS_VIDP,New Delhi / Indira Gandhi Intl,Delhi,Delhi,28.5667,77.1167,233.0,13.0,1017.95,93.6,NOAA/NWS ASOS via IEM Archive (provided source file),0,NORMAL,,,,,,11,4,1,4,Winter,1,1.0,0.0,0.0,AWS_VAAH,757.3475677791808,-12.0,3.050000000000068,52.199999999999996,100.0,0,0.02
2025-01-04 12:00:00,AWS_VIDP,New Delhi / Indira Gandhi Intl,Delhi,Delhi,28.5667,77.1167,233.0,15.0,1017.95,87.8,NOAA/NWS ASOS via IEM Archive (provided source file),0,NORMAL,,,,,,12,4,1,4,Winter,1,2.0,0.0,-5.799999999999997,AWS_VAAH,757.3475677791808,-11.0,3.050000000000068,46.099999999999994,100.0,0,0.02
2025-01-04 12:30:00,AWS_VIDP,New Delhi / Indira Gandhi Intl,Delhi,Delhi,28.5667,77.1167,233.0,17.0,1016.93,88.0,NOAA/NWS ASOS via IEM Archive (provided source file),0,NORMAL,,,,,,12,4,1,4,Winter,1,2.0,-1.0200000000000955,0.20000000000000284,AWS_VAAH,757.3475677791808,-10.0,3.0499999999999545,51.2,100.0,0,0.02
2025-01-04 13:00:00,AWS_VIDP,New Delhi / Indira Gandhi Intl,Delhi,Delhi,28.5667,77.1167,233.0,17.0,1015.92,88.0,NOAA/NWS ASOS via IEM Archive (provided source file),0,NORMAL,,,,,,13,4,1,4,Winter,1,0.0,-1.009999999999991,0.0,AWS_VAAH,757.3475677791808,-11.0,3.0499999999999545,50.9,100.0,0,0.02
2025-01-04 13:30:00,AWS_VIDP,New Delhi / Indira Gandhi Intl,Delhi,Delhi,28.5667,77.1167,233.0,19.0,1015.92,77.6,NOAA/NWS ASOS via IEM Archive (provided source file),0,NORMAL,,,,,,13,4,1,4,Winter,1,2.0,0.0,-10.400000000000006,AWS_VAAH,757.3475677791808,-9.0,3.0499999999999545,42.89999999999999,100.0,0,0.02
2025-01-04 14:00:00,AWS_VIDP,New Delhi / Indira Gandhi Intl,Delhi,Delhi,28.5667,77.1167,233.0,20.0,1015.92,77.8,NOAA/NWS ASOS via IEM Archive (provided source file),0,NORMAL,,,,,,14,4,1,4,Winter,1,1.0,0.0,0.20000000000000284,AWS_VAAH,757.3475677791808,-9.0,3.0499999999999545,45.099999999999994,100.0,0,0.02
2025-01-04 14:30:00,AWS_VIDP,New Delhi / Indira Gandhi Intl,Delhi,Delhi,28.5667,77.1167,233.0,20.0,1014.9,68.4,NOAA/NWS ASOS via IEM Archive (provided source file),0,NORMAL,,,,,,14,4,1,4,Winter,1,0.0,-1.0199999999999818,-9.399999999999991,AWS_VAAH,757.3475677791808,-9.0,3.0499999999999545,35.7,100.0,0,0.02
2025-01-04 15:00:00,AWS_VIDP,New Delhi / Indira Gandhi Intl,Delhi,Delhi,28.5667,77.1167,233.0,20.0,1014.9,68.4,NOAA/NWS ASOS via IEM Archive (provided source file),0,NORMAL,,,,,,15,4,1,4,Winter,1,0.0,0.0,0.0,AWS_VAAH,757.3475677791808,-10.0,4.059999999999945,44.800000000000004,100.0,0,0.02
2025-01-04 15:30:00,AWS_VIDP,New Delhi / Indira Gandhi Intl,Delhi,Delhi,28.5667,77.1167,233.0,19.0,1014.9,72.7,NOAA/NWS ASOS via IEM Archive (provided source file),0,NORMAL,,,,,,15,4,1,4,Winter,1,-1.0,0.0,4.299999999999997,AWS_VAAH,757.3475677791808,-11.0,4.059999999999945,45.7,100.0,0,0.02
2025-01-04 16:00:00,AWS_VIDP,New Delhi / Indira Gandhi Intl,Delhi,Delhi,28.5667,77.1167,233.0,19.0,1013.88,72.7,NOAA/NWS ASOS via IEM Archive (provided source file),0,NORMAL,,,,,,16,4,1,4,Winter,1,0.0,-1.0199999999999818,0.0,AWS_VAAH,757.3475677791808,-12.0,3.0399999999999636,48.900000000000006,100.0,0,0.02
2025-01-04 16:30:00,AWS_VIDP,New Delhi / Indira Gandhi Intl,Delhi,Delhi,28.5667,77.1167,233.0,18.0,1013.88,72.6,NOAA/NWS ASOS via IEM Archive (provided source file),0,NORMAL,,,,,,16,4,1,4,Winter,1,-1.0,0.0,-0.10000000000000853,AWS_VAAH,757.3475677791808,-12.0,3.0399999999999636,45.599999999999994,100.0,0,0.02
2025-01-04 17:00:00,AWS_VIDP,New Delhi / Indira Gandhi Intl,Delhi,Delhi,28.5667,77.1167,233.0,17.0,1013.88,72.4,NOAA/NWS ASOS via IEM Archive (provided source file),0,NORMAL,,,,,,17,4,1,4,Winter,1,-1.0,0.0,-0.19999999999998863,AWS_VAAH,757.3475677791808,-12.0,3.0399999999999636,43.800000000000004,100.0,0,0.02
2025-01-04 17:30:00,AWS_VIDP,New Delhi / Indira Gandhi Intl,Delhi,Delhi,28.5667,77.1167,233.0,15.0,1013.88,77.0,NOAA/NWS ASOS via IEM Archive (provided source file),0,NORMAL,,,,,,17,4,1,4,Winter,1,-2.0,0.0,4.599999999999994,AWS_VAAH,757.3475677791808,-13.0,3.0399999999999636,44.5,100.0,0,0.02
2025-01-04 18:00:00,AWS_VIDP,New Delhi / Indira Gandhi Intl,Delhi,Delhi,28.5667,77.1167,233.0,15.0,1014.9,77.0,NOAA/NWS ASOS via IEM Archive (provided source file),0,NORMAL,,,,,,18,4,1,4,Winter,0,0.0,1.0199999999999818,0.0,AWS_VAAH,757.3475677791808,-12.0,4.059999999999945,42.6,100.0,0,0.02
2025-01-04 18:30:00,AWS_VIDP,New Delhi / Indira Gandhi Intl,Delhi,Delhi,28.5667,77.1167,233.0,14.0,1014.9,87.7,NOAA/NWS ASOS via IEM Archive (provided source file),0,NORMAL,,,,,,18,4,1,4,Winter,0,-1.0,0.0,10.700000000000003,AWS_VAAH,757.3475677791808,-11.0,3.0499999999999545,46.300000000000004,100.0,0,0.02
2025-01-04 19:00:00,AWS_VIDP,New Delhi / Indira Gandhi Intl,Delhi,Delhi,28.5667,77.1167,233.0,13.0,1014.9,93.6,NOAA/NWS ASOS via IEM Archive (provided source file),0,NORMAL,,,,,,19,4,1,4,Winter,0,-1.0,0.0,5.8999999999999915,AWS_VAAH,757.3475677791808,-12.0,3.0499999999999545,52.199999999999996,100.0,0,0.02
2025-01-04 19:30:00,AWS_VIDP,New Delhi / Indira Gandhi Intl,Delhi,Delhi,28.5667,77.1167,233.0,13.0,1014.9,93.6,NOAA/NWS ASOS via IEM Archive (provided source file),0,NORMAL,,,,,,19,4,1,4,Winter,0,0.0,0.0,0.0,AWS_VAAH,757.3475677791808,-11.0,3.0499999999999545,46.599999999999994,100.0,0,0.02
2025-01-04 20:00:00,AWS_VIDP,New Delhi / Indira Gandhi Intl,Delhi,Delhi,28.5667,77.1167,233.0,12.0,1015.92,93.6,NOAA/NWS ASOS via IEM Archive (provided source file),0,NORMAL,,,,,,20,4,1,4,Winter,0,-1.0,1.0199999999999818,0.0,AWS_VAAH,757.3475677791808,-10.0,3.0499999999999545,36.99999999999999,100.0,0,0.02
2025-01-04 20:30:00,AWS_VIDP,New Delhi / Indira Gandhi Intl,Delhi,Delhi,28.5667,77.1167,233.0,11.0,1015.92,100.0,NOAA/NWS ASOS via IEM Archive (provided source file),0,NORMAL,,,,,,20,4,1,4,Winter,0,-1.0,0.0,6.400000000000006,AWS_VAAH,757.3475677791808,-13.0,3.0499999999999545,53.0,100.0,0,0.02
2025-01-04 21:00:00,AWS_VIDP,New Delhi / Indira Gandhi Intl,Delhi,Delhi,28.5667,77.1167,233.0,11.0,1015.92,100.0,NOAA/NWS ASOS via IEM Archive (provided source file),0,NORMAL,,,,,,21,4,1,4,Winter,0,0.0,0.0,0.0,AWS_VAAH,757.3475677791808,-11.0,3.0499999999999545,43.4,100.0,0,0.02
2025-01-04 21:30:00,AWS_VIDP,New Delhi / Indira Gandhi Intl,Delhi,Delhi,28.5667,77.1167,233.0,11.0,1015.92,100.0,NOAA/NWS ASOS via IEM Archive (provided source file),0,NORMAL,,,,,,21,4,1,4,Winter,0,0.0,0.0,0.0,AWS_VAAH,757.3475677791808,-11.0,3.0499999999999545,43.4,100.0,0,0.02
2025-01-04 22:00:00,AWS_VIDP,New Delhi / Indira Gandhi Intl,Delhi,Delhi,28.5667,77.1167,233.0,11.0,1015.92,100.0,NOAA/NWS ASOS via IEM Archive (provided source file),0,NORMAL,,,,,,22,4,1,4,Winter,0,0.0,0.0,0.0,AWS_VAAH,757.3475677791808,-10.0,3.0499999999999545,35.7,100.0,0,0.02
2025-01-04 22:30:00,AWS_VIDP,New Delhi / Indira Gandhi Intl,Delhi,Delhi,28.5667,77.1167,233.0,11.0,1015.92,100.0,NOAA/NWS ASOS via IEM Archive (provided source file),0,NORMAL,,,,,,22,4,1,4,Winter,0,0.0,0.0,0.0,AWS_VAAH,757.3475677791808,-10.0,2.0399999999999636,35.7,100.0,0,0.02
2025-01-04 23:00:00,AWS_VIDP,New Delhi / Indira Gandhi Intl,Delhi,Delhi,28.5667,77.1167,233.0,10.0,1015.92,100.0,NOAA/NWS ASOS via IEM Archive (provided source file),0,NORMAL,,,,,,23,4,1,4,Winter,0,-1.0,0.0,0.0,AWS_VAAH,757.3475677791808,-11.0,3.0499999999999545,35.7,100.0,0,0.02
2025-01-04 23:30:00,AWS_VIDP,New Delhi / Indira Gandhi Intl,Delhi,Delhi,28.5667,77.1167,233.0,10.0,1015.92,100.0,NOAA/NWS ASOS via IEM Archive (provided source file),0,NORMAL,,,,,,23,4,1,4,Winter,0,0.0,0.0,0.0,AWS_VAAH,757.3475677791808,-11.0,3.0499999999999545,35.7,100.0,0,0.02
2025-01-05 00:00:00,AWS_VIDP,New Delhi / Indira Gandhi Intl,Delhi,Delhi,28.5667,77.1167,233.0,10.0,1015.92,100.0,NOAA/NWS ASOS via IEM Archive (provided source file),0,NORMAL,,,,,,0,5,1,5,Winter,0,0.0,0.0,0.0,AWS_VAAH,757.3475677791808,-11.0,3.0499999999999545,35.7,100.0,0,0.02
2025-01-05 00:30:00,AWS_VIDP,New Delhi / Indira Gandhi Intl,Delhi,Delhi,28.5667,77.1167,233.0,10.0,1015.92,100.0,NOAA/NWS ASOS via IEM Archive (provided source file),0,NORMAL,,,,,,0,5,1,5,Winter,0,0.0,0.0,0.0,AWS_VAAH,757.3475677791808,-10.0,3.0499999999999545,31.599999999999994,100.0,0,0.02
2025-01-05 01:00:00,AWS_VIDP,New Delhi / Indira Gandhi Intl,Delhi,Delhi,28.5667,77.1167,233.0,10.0,1015.92,100.0,NOAA/NWS ASOS via IEM Archive (provided source file),0,NORMAL,,,,,,1,5,1,5,Winter,0,0.0,0.0,0.0,AWS_VAAH,757.3475677791808,-8.0,3.0499999999999545,22.599999999999994,100.0,0,0.02
2025-01-05 01:30:00,AWS_VIDP,New Delhi / Indira Gandhi Intl,Delhi,Delhi,28.5667,77.1167,233.0,10.0,1015.92,100.0,NOAA/NWS ASOS via IEM Archive (provided source file),0,NORMAL,,,,,,1,5,1,5,Winter,0,0.0,0.0,0.0,AWS_VAAH,757.3475677791808,-9.0,4.069999999999936,27.299999999999997,100.0,0,0.02
2025-01-05 02:00:00,AWS_VIDP,New Delhi / Indira Gandhi Intl,Delhi,Delhi,28.5667,77.1167,233.0,10.0,1015.92,100.0,NOAA/NWS ASOS via IEM Archive (provided source file),0,NORMAL,,,,,,2,5,1,5,Winter,0,0.0,0.0,0.0,AWS_VAAH,757.3475677791808,-8.0,4.069999999999936,27.400000000000006,100.0,0,0.02
2025-01-05 02:30:00,AWS_VIDP,New Delhi / Indira Gandhi Intl,Delhi,Delhi,28.5667,77.1167,233.0,10.0,1015.92,100.0,NOAA/NWS ASOS via IEM Archive (provided source file),0,NORMAL,,,,,,2,5,1,5,Winter,0,0.0,0.0,0.0,AWS_VAAH,757.3475677791808,-8.0,4.069999999999936,27.400000000000006,100.0,0,0.02
2025-01-05 03:00:00,AWS_VIDP,New Delhi / Indira Gandhi Intl,Delhi,Delhi,28.5667,77.1167,233.0,10.0,1015.92,100.0,NOAA/NWS ASOS via IEM Archive (provided source file),0,NORMAL,,,,,,3,5,1,5,Winter,0,0.0,0.0,0.0,AWS_VAAH,757.3475677791808,-8.0,4.069999999999936,27.400000000000006,100.0,0,0.02
2025-01-05 03:30:00,AWS_VIDP,New Delhi / Indira Gandhi Intl,Delhi,Delhi,28.5667,77.1167,233.0,10.0,1014.9,100.0,NOAA/NWS ASOS via IEM Archive (provided source file),0,NORMAL,,,,,,3,5,1,5,Winter,0,0.0,-1.0199999999999818,0.0,AWS_VAAH,757.3475677791808,-8.0,3.0499999999999545,27.400000000000006,100.0,0,0.02
2025-01-05 04:00:00,AWS_VIDP,New Delhi / Indira Gandhi Intl,Delhi,Delhi,28.5667,77.1167,233.0,10.0,1014.9,100.0,NOAA/NWS ASOS via IEM Archive (provided source file),0,NORMAL,,,,,,4,5,1,5,Winter,0,0.0,0.0,0.0,AWS_VAAH,757.3475677791808,-8.0,3.0499999999999545,32.0,100.0,0,0.02
2025-01-05 04:30:00,AWS_VIDP,New Delhi / Indira Gandhi Intl,Delhi,Delhi,28.5667,77.1167,233.0,10.0,1014.9,100.0,NOAA/NWS ASOS via IEM Archive (provided source file),0,NORMAL,,,,,,4,5,1,5,Winter,0,0.0,0.0,0.0,AWS_VAAH,757.3475677791808,-8.0,3.0499999999999545,32.0,100.0,0,0.02
2025-01-01 00:00:00,AWS_VOBL,Bengaluru / Kempegowda Intl,Bengaluru,Karnataka,13.1979,77.7063,915.0,18.0,1019.98,88.1,NOAA/NWS ASOS via IEM Archive (provided source file),0,NORMAL,,,,,,0,1,1,1,Winter,0,,,,AWS_VOMM,268.91547791167454,-8.0,6.100000000000023,-0.7000000000000028,100.0,0,0.02
2025-01-01 00:30:00,AWS_VOBL,Bengaluru / Kempegowda Intl,Bengaluru,Karnataka,13.1979,77.7063,915.0,18.0,1018.96,88.1,NOAA/NWS ASOS via IEM Archive (provided source file),0,NORMAL,,,,,,0,1,1,1,Winter,0,0.0,-1.0199999999999818,0.0,AWS_VOMM,268.91547791167454,-8.0,5.080000000000041,-0.7000000000000028,100.0,0,0.02
2025-01-01 01:00:00,AWS_VOBL,Bengaluru / Kempegowda Intl,Bengaluru,Karnataka,13.1979,77.7063,915.0,18.0,1018.96,88.1,NOAA/NWS ASOS via IEM Archive (provided source file),0,NORMAL,,,,,,1,1,1,1,Winter,0,0.0,0.0,0.0,AWS_VOMM,268.91547791167454,-8.0,5.080000000000041,-0.7000000000000028,100.0,0,0.02
2025-01-01 01:30:00,AWS_VOBL,Bengaluru / Kempegowda Intl,Bengaluru,Karnataka,13.1979,77.7063,915.0,18.0,1018.96,88.1,NOAA/NWS ASOS via IEM Archive (provided source file),0,NORMAL,,,,,,1,1,1,1,Winter,0,0.0,0.0,0.0,AWS_VOMM,268.91547791167454,-7.0,6.090000000000032,-6.1000000000000085,100.0,0,0.02
2025-01-01 02:00:00,AWS_VOBL,Bengaluru / Kempegowda Intl,Bengaluru,Karnataka,13.1979,77.7063,915.0,17.0,1018.96,93.8,NOAA/NWS ASOS via IEM Archive (provided source file),0,NORMAL,,,,,,2,1,1,1,Winter,0,-1.0,0.0,5.700000000000003,AWS_VOMM,268.91547791167454,-8.0,6.090000000000032,5.099999999999994,100.0,0,0.02
2025-01-01 02:30:00,AWS_VOBL,Bengaluru / Kempegowda Intl,Bengaluru,Karnataka,13.1979,77.7063,915.0,17.0,1017.95,93.8,NOAA/NWS ASOS via IEM Archive (provided source file),0,NORMAL,,,,,,2,1,1,1,Winter,0,0.0,-1.009999999999991,0.0,AWS_VOMM,268.91547791167454,-8.0,5.080000000000041,5.099999999999994,100.0,0,0.02
2025-01-01 03:00:00,AWS_VOBL,Bengaluru / Kempegowda Intl,Bengaluru,Karnataka,13.1979,77.7063,915.0,17.0,1017.95,93.8,NOAA/NWS ASOS via IEM Archive (provided source file),0,NORMAL,,,,,,3,1,1,1,Winter,0,0.0,0.0,0.0,AWS_VOMM,268.91547791167454,-8.0,5.080000000000041,5.099999999999994,100.0,0,0.02
2025-01-01 03:30:00,AWS_VOBL,Bengaluru / Kempegowda Intl,Bengaluru,Karnataka,13.1979,77.7063,915.0,16.0,1016.93,100.0,NOAA/NWS ASOS via IEM Archive (provided source file),0,NORMAL,,,,,,3,1,1,1,Winter,0,-1.0,-1.0200000000000955,6.200000000000003,AWS_VOMM,268.91547791167454,-9.0,5.079999999999927,11.299999999999997,100.0,0,0.02
2025-01-01 04:00:00,AWS_VOBL,Bengaluru / Kempegowda Intl,Bengaluru,Karnataka,13.1979,77.7063,915.0,16.0,1016.93,93.8,NOAA/NWS ASOS via IEM Archive (provided source file),0,NORMAL,,,,,,4,1,1,1,Winter,0,0.0,0.0,-6.200000000000003,AWS_VOMM,268.91547791167454,-9.0,5.079999999999927,5.099999999999994,100.0,0,0.02
2025-01-01 04:30:00,AWS_VOBL,Bengaluru / Kempegowda Intl,Bengaluru,Karnataka,13.1979,77.7063,915.0,15.0,1016.93,100.0,NOAA/NWS ASOS via IEM Archive (provided source file),0,NORMAL,,,,,,4,1,1,1,Winter,0,-1.0,0.0,6.200000000000003,AWS_VOMM,268.91547791167454,-10.0,5.079999999999927,11.299999999999997,100.0,0,0.02
2025-01-01 05:00:00,AWS_VOBL,Bengaluru / Kempegowda Intl,Bengaluru,Karnataka,13.1979,77.7063,915.0,16.0,1017.95,100.0,NOAA/NWS ASOS via IEM Archive (provided source file),0,NORMAL,,,,,,5,1,1,1,Winter,0,1.0,1.0200000000000955,0.0,AWS_VOMM,268.91547791167454,-8.0,6.100000000000023,5.900000000000006,100.0,0,0.02
2025-01-01 05:30:00,AWS_VOBL,Bengaluru / Kempegowda Intl,Bengaluru,Karnataka,13.1979,77.7063,915.0,15.0,1017.95,100.0,NOAA/NWS ASOS via IEM Archive (provided source file),0,NORMAL,,,,,,5,1,1,1,Winter,0,-1.0,0.0,0.0,AWS_VOMM,268.91547791167454,-9.0,6.100000000000023,5.900000000000006,100.0,0,0.02
2025-01-01 06:00:00,AWS_VOBL,Bengaluru / Kempegowda Intl,Bengaluru,Karnataka,13.1979,77.7063,915.0,15.0,1017.95,100.0,NOAA/NWS ASOS via IEM Archive (provided source file),0,NORMAL,,,,,,6,1,1,1,Winter,1,0.0,0.0,0.0,AWS_VOMM,268.91547791167454,-9.0,5.080000000000041,5.900000000000006,100.0,0,0.02
2025-01-01 06:30:00,AWS_VOBL,Bengaluru / Kempegowda Intl,Bengaluru,Karnataka,13.1979,77.7063,915.0,15.0,1017.95,100.0,NOAA/NWS ASOS via IEM Archive (provided source file),0,NORMAL,,,,,,6,1,1,1,Winter,1,0.0,0.0,0.0,AWS_VOMM,268.91547791167454,-9.0,5.080000000000041,5.900000000000006,100.0,0,0.02
2025-01-01 07:00:00,AWS_VOBL,Bengaluru / Kempegowda Intl,Bengaluru,Karnataka,13.1979,77.7063,915.0,15.0,1017.95,100.0,NOAA/NWS ASOS via IEM Archive (provided source file),0,NORMAL,,,,,,7,1,1,1,Winter,1,0.0,0.0,0.0,AWS_VOMM,268.91547791167454,-9.0,5.080000000000041,5.900000000000006,100.0,0,0.02
2025-01-01 07:30:00,AWS_VOBL,Bengaluru / Kempegowda Intl,Bengaluru,Karnataka,13.1979,77.7063,915.0,15.0,1018.96,100.0,NOAA/NWS ASOS via IEM Archive (provided source file),0,NORMAL,,,,,,7,1,1,1,Winter,1,0.0,1.009999999999991,0.0,AWS_VOMM,268.91547791167454,-9.0,5.080000000000041,5.900000000000006,100.0,0,0.02
2025-01-01 08:00:00,AWS_VOBL,Bengaluru / Kempegowda Intl,Bengaluru,Karnataka,13.1979,77.7063,915.0,16.0,1018.96,93.8,NOAA/NWS ASOS via IEM Archive (provided source file),0,NORMAL,,,,,,8,1,1,1,Winter,1,1.0,0.0,-6.200000000000003,AWS_VOMM,268.91547791167454,-9.0,5.080000000000041,5.099999999999994,100.0,0,0.02
2025-01-01 08:30:00,AWS_VOBL,Bengaluru / Kempegowda Intl,Bengaluru,Karnataka,13.1979,77.7063,915.0,16.0,1019.98,100.0,NOAA/NWS ASOS via IEM Archive (provided source file),0,NORMAL,,,,,,8,1,1,1,Winter,1,0.0,1.0199999999999818,6.200000000000003,AWS_VOMM,268.91547791167454,-9.0,5.080000000000041,11.299999999999997,100.0,0,0.02
2025-01-01 09:00:00,AWS_VOBL,Bengaluru / Kempegowda Intl,Bengaluru,Karnataka,13.1979,77.7063,915.0,18.0,1019.98,88.1,NOAA/NWS ASOS via IEM Archive (provided source file),0,NORMAL,,,,,,9,1,1,1,Winter,1,2.0,0.0,-11.900000000000006,AWS_VOMM,268.91547791167454,-8.0,5.080000000000041,-0.7000000000000028,100.0,0,0.02
2025-01-01 09:30:00,AWS_VOBL,Bengaluru / Kempegowda Intl,Bengaluru,Karnataka,13.1979,77.7063,915.0,20.0,1019.98,77.8,NOAA/NWS ASOS via IEM Archive (provided source file),0,NORMAL,,,,,,9,1,1,1,Winter,1,2.0,0.0,-10.299999999999997,AWS_VOMM,268.91547791167454,-7.0,5.080000000000041,-11.0,100.0,0,0.02
2025-01-01 10:00:00,AWS_VOBL,Bengaluru / Kempegowda Intl,Bengaluru,Karnataka,13.1979,77.7063,915.0,21.0,1019.98,68.6,NOAA/NWS ASOS via IEM Archive (provided source file),0,NORMAL,,,,,,10,1,1,1,Winter,1,1.0,0.0,-9.200000000000003,AWS_VOMM,268.91547791167454,-7.0,5.080000000000041,-10.300000000000011,100.0,0,0.02
2025-01-01 10:30:00,AWS_VOBL,Bengaluru / Kempegowda Intl,Bengaluru,Karnataka,13.1979,77.7063,915.0,23.0,1019.98,60.7,NOAA/NWS ASOS via IEM Archive (provided source file),0,NORMAL,,,,,,10,1,1,1,Winter,1,2.0,0.0,-7.8999999999999915,AWS_VOMM,268.91547791167454,-5.0,5.080000000000041,-18.200000000000003,100.0,0,0.02
2025-01-01 11:00:00,AWS_VOBL,Bengaluru / Kempegowda Intl,Bengaluru,Karnataka,13.1979,77.7063,915.0,23.0,1019.98,53.3,NOAA/NWS ASOS via IEM Archive (provided source file),0,NORMAL,,,,,,11,1,1,1,Winter,1,0.0,0.0,-7.400000000000006,AWS_VOMM,268.91547791167454,-6.0,5.080000000000041,-21.10000000000001,100.0,0,0.02
2025-01-01 11:30:00,AWS_VOBL,Bengaluru / Kempegowda Intl,Bengaluru,Karnataka,13.1979,77.7063,915.0,24.0,1018.96,50.2,NOAA/NWS ASOS via IEM Archive (provided source file),0,NORMAL,,,,,,11,1,1,1,Winter,1,1.0,-1.0199999999999818,-3.0999999999999943,AWS_VOMM,268.91547791167454,-5.0,5.080000000000041,-24.200000000000003,100.0,0,0.02
2025-01-01 12:00:00,AWS_VOBL,Bengaluru / Kempegowda Intl,Bengaluru,Karnataka,13.1979,77.7063,915.0,24.0,1018.96,50.2,NOAA/NWS ASOS via IEM Archive (provided source file),0,NORMAL,,,,,,12,1,1,1,Winter,1,0.0,0.0,0.0,AWS_VOMM,268.91547791167454,-5.0,5.080000000000041,-19.89999999999999,100.0,0,0.02
2025-01-01 12:30:00,AWS_VOBL,Bengaluru / Kempegowda Intl,Bengaluru,Karnataka,13.1979,77.7063,915.0,24.0,1017.95,50.2,NOAA/NWS ASOS via IEM Archive (provided source file),0,NORMAL,,,,,,12,1,1,1,Winter,1,0.0,-1.009999999999991,0.0,AWS_VOMM,268.91547791167454,-6.0,5.080000000000041,-16.0,100.0,0,0.02
2025-01-01 13:00:00,AWS_VOBL,Bengaluru / Kempegowda Intl,Bengaluru,Karnataka,13.1979,77.7063,915.0,25.0,1017.95,44.2,NOAA/NWS ASOS via IEM Archive (provided source file),0,NORMAL,,,,,,13,1,1,1,Winter,1,1.0,0.0,-6.0,AWS_VOMM,268.91547791167454,-5.0,5.080000000000041,-22.0,100.0,0,0.02
2025-01-01 13:30:00,AWS_VOBL,Bengaluru / Kempegowda Intl,Bengaluru,Karnataka,13.1979,77.7063,915.0,26.0,1016.93,41.7,NOAA/NWS ASOS via IEM Archive (provided source file),0,NORMAL,,,,,,13,1,1,1,Winter,1,1.0,-1.0200000000000955,-2.5,AWS_VOMM,268.91547791167454,-4.0,5.079999999999927,-20.5,100.0,0,0.02
2025-01-01 14:00:00,AWS_VOBL,Bengaluru / Kempegowda Intl,Bengaluru,Karnataka,13.1979,77.7063,915.0,26.0,1015.92,39.0,NOAA/NWS ASOS via IEM Archive (provided source file),0,NORMAL,,,,,,14,1,1,1,Winter,1,0.0,-1.009999999999991,-2.700000000000003,AWS_VOMM,268.91547791167454,-4.0,4.069999999999936,-23.200000000000003,100.0,0,0.02
2025-01-01 14:30:00,AWS_VOBL,Bengaluru / Kempegowda Intl,Bengaluru,Karnataka,13.1979,77.7063,915.0,26.0,1015.92,39.0,NOAA/NWS ASOS via IEM Archive (provided source file),0,NORMAL,,,,,,14,1,1,1,Winter,1,0.0,0.0,0.0,AWS_VOMM,268.91547791167454,-3.0,5.079999999999927,-31.099999999999994,100.0,0,0.02
2025-01-01 15:00:00,AWS_VOBL,Bengaluru / Kempegowda Intl,Bengaluru,Karnataka,13.1979,77.7063,915.0,26.0,1015.92,39.0,NOAA/NWS ASOS via IEM Archive (provided source file),0,NORMAL,,,,,,15,1,1,1,Winter,1,0.0,0.0,0.0,AWS_VOMM,268.91547791167454,-4.0,5.079999999999927,-27.200000000000003,100.0,0,0.02
2025-01-01 15:30:00,AWS_VOBL,Bengaluru / Kempegowda Intl,Bengaluru,Karnataka,13.1979,77.7063,915.0,26.0,1014.9,39.0,NOAA/NWS ASOS via IEM Archive (provided source file),0,NORMAL,,,,,,15,1,1,1,Winter,1,0.0,-1.0199999999999818,0.0,AWS_VOMM,268.91547791167454,-3.0,4.059999999999945,-31.099999999999994,100.0,0,0.02
2025-01-01 16:00:00,AWS_VOBL,Bengaluru / Kempegowda Intl,Bengaluru,Karnataka,13.1979,77.7063,915.0,26.0,1014.9,41.7,NOAA/NWS ASOS via IEM Archive (provided source file),0,NORMAL,,,,,,16,1,1,1,Winter,1,0.0,0.0,2.700000000000003,AWS_VOMM,268.91547791167454,-2.0,4.059999999999945,-32.599999999999994,100.0,0,0.02
2025-01-01 16:30:00,AWS_VOBL,Bengaluru / Kempegowda Intl,Bengaluru,Karnataka,13.1979,77.7063,915.0,25.0,1014.9,44.2,NOAA/NWS ASOS via IEM Archive (provided source file),0,NORMAL,,,,,,16,1,1,1,Winter,1,-1.0,0.0,2.5,AWS_VOMM,268.91547791167454,-4.0,4.059999999999945,-25.89999999999999,100.0,0,0.02
2025-01-01 17:00:00,AWS_VOBL,Bengaluru / Kempegowda Intl,Bengaluru,Karnataka,13.1979,77.7063,915.0,25.0,1014.9,44.2,NOAA/NWS ASOS via IEM Archive (provided source file),0,NORMAL,,,,,,17,1,1,1,Winter,1,0.0,0.0,0.0,AWS_VOMM,268.91547791167454,-3.0,4.059999999999945,-30.099999999999994,100.0,0,0.02
2025-01-01 17:30:00,AWS_VOBL,Bengaluru / Kempegowda Intl,Bengaluru,Karnataka,13.1979,77.7063,915.0,24.0,1015.92,50.2,NOAA/NWS ASOS via IEM Archive (provided source file),1,DRIFT,drift,HIGH,temperature_c,controlled_fault_injection,Gradual temperature sensor drift.,17,1,1,1,Winter,1,-1.0,1.0199999999999818,6.0,AWS_VOMM,268.91547791167454,-4.0,5.079999999999927,-24.099999999999994,83.0,1,0.135
2025-01-01 18:00:00,AWS_VOBL,Bengaluru / Kempegowda Intl,Bengaluru,Karnataka,13.1979,77.7063,915.0,23.714285714285715,1015.92,53.3,NOAA/NWS ASOS via IEM Archive (provided source file),1,DRIFT,drift,HIGH,temperature_c,controlled_fault_injection,Gradual temperature sensor drift.,18,1,1,1,Winter,0,-0.2857142857142847,0.0,3.0999999999999943,AWS_VOMM,268.91547791167454,-4.285714285714285,5.079999999999927,-21.0,81.0,1,0.175
2025-01-01 18:30:00,AWS_VOBL,Bengaluru / Kempegowda Intl,Bengaluru,Karnataka,13.1979,77.7063,915.0,23.428571428571427,1016.93,56.6,NOAA/NWS ASOS via IEM Archive (provided source file),1,DRIFT,drift,HIGH,temperature_c,controlled_fault_injection,Gradual temperature sensor drift.,18,1,1,1,Winter,0,-0.28571428571428825,1.009999999999991,3.3000000000000043,AWS_VOMM,268.91547791167454,-3.571428571428573,5.079999999999927,-22.199999999999996,79.0,1,0.215
2025-01-01 19:00:00,AWS_VOBL,Bengaluru / Kempegowda Intl,Bengaluru,Karnataka,13.1979,77.7063,915.0,23.142857142857142,1016.93,64.3,NOAA/NWS ASOS via IEM Archive (provided source file),1,DRIFT,drift,HIGH,temperature_c,controlled_fault_injection,Gradual temperature sensor drift.,19,1,1,1,Winter,0,-0.2857142857142847,0.0,7.699999999999996,AWS_VOMM,268.91547791167454,-3.8571428571428577,-3.9200000000000728,-14.5,77.0,1,0.255
2025-01-01 19:30:00,AWS_VOBL,Bengaluru / Kempegowda Intl,Bengaluru,Karnataka,13.1979,77.7063,915.0,23.857142857142858,1017.95,64.3,NOAA/NWS ASOS via IEM Archive (provided source file),1,DRIFT,drift,HIGH,temperature_c,controlled_fault_injection,Gradual temperature sensor drift.,19,1,1,1,Winter,0,0.7142857142857153,1.0200000000000955,0.0,AWS_VOMM,268.91547791167454,-3.1428571428571423,-3.919999999999959,-19.400000000000006,75.0,1,0.295
2025-01-01 20:00:00,AWS_VOBL,Bengaluru / Kempegowda Intl,Bengaluru,Karnataka,13.1979,77.7063,915.0,23.571428571428573,1017.95,68.4,NOAA/NWS ASOS via IEM Archive (provided source file),1,DRIFT,drift,HIGH,temperature_c,controlled_fault_injection,Gradual temperature sensor drift.,20,1,1,1,Winter,0,-0.2857142857142847,0.0,4.1000000000000085,AWS_VOMM,268.91547791167454,-2.428571428571427,-3.919999999999959,-20.39999999999999,73.0,1,0.335
2025-01-01 20:30:00,AWS_VOBL,Bengaluru / Kempegowda Intl,Bengaluru,Karnataka,13.1979,77.7063,915.0,23.285714285714285,1018.96,72.7,NOAA/NWS ASOS via IEM Archive (provided source file),1,DRIFT,drift,HIGH,temperature_c,controlled_fault_injection,Gradual temperature sensor drift.,20,1,1,1,Winter,0,-0.28571428571428825,1.009999999999991,4.299999999999997,AWS_VOMM,268.91547791167454,-2.7142857142857153,-2.909999999999968,-10.899999999999991,71.0,1,0.375
2025-01-01 21:00:00,AWS_VOBL,Bengaluru / Kempegowda Intl,Bengaluru,Karnataka,13.1979,77.7063,915.0,24.0,1018.96,77.6,NOAA/NWS ASOS via IEM Archive (provided source file),1,DRIFT,drift,HIGH,temperature_c,controlled_fault_injection,Gradual temperature sensor drift.,21,1,1,1,Winter,0,0.7142857142857153,0.0,4.8999999999999915,AWS_VOMM,268.91547791167454,-2.0,-3.919999999999959,-11.200000000000003,69.0,1,0.415
2025-01-01 21:30:00,AWS_VOBL,Bengaluru / Kempegowda Intl,Bengaluru,Karnataka,13.1979,77.7063,915.0,19.0,1018.96,77.6,NOAA/NWS ASOS via IEM Archive (provided source file),0,NORMAL,,,,,,21,1,1,1,Winter,0,-5.0,0.0,0.0,AWS_VOMM,268.91547791167454,-7.0,-3.919999999999959,-11.200000000000003,86.0,0,0.3
2025-01-01 22:00:00,AWS_VOBL,Bengaluru / Kempegowda Intl,Bengaluru,Karnataka,13.1979,77.7063,915.0,19.0,1018.96,77.6,NOAA/NWS ASOS via IEM Archive (provided source file),0,NORMAL,,,,,,22,1,1,1,Winter,0,0.0,0.0,0.0,AWS_VOMM,268.91547791167454,-7.0,-3.919999999999959,-11.200000000000003,88.0,0,0.26
2025-01-01 22:30:00,AWS_VOBL,Bengaluru / Kempegowda Intl,Bengaluru,Karnataka,13.1979,77.7063,915.0,18.0,1018.96,82.6,NOAA/NWS ASOS via IEM Archive (provided source file),0,NORMAL,,,,,,22,1,1,1,Winter,0,-1.0,0.0,5.0,AWS_VOMM,268.91547791167454,-8.0,-3.919999999999959,-1.0,90.0,0,0.22
2025-01-01 23:00:00,AWS_VOBL,Bengaluru / Kempegowda Intl,Bengaluru,Karnataka,13.1979,77.7063,915.0,18.0,1018.96,82.6,NOAA/NWS ASOS via IEM Archive (provided source file),0,NORMAL,,,,,,23,1,1,1,Winter,0,0.0,0.0,0.0,AWS_VOMM,268.91547791167454,-8.0,5.080000000000041,-1.0,92.0,0,0.18
2025-01-01 23:30:00,AWS_VOBL,Bengaluru / Kempegowda Intl,Bengaluru,Karnataka,13.1979,77.7063,915.0,17.0,1018.96,88.0,NOAA/NWS ASOS via IEM Archive (provided source file),0,NORMAL,,,,,,23,1,1,1,Winter,0,-1.0,0.0,5.400000000000006,AWS_VOMM,268.91547791167454,-9.0,6.090000000000032,4.400000000000006,94.0,0,0.14
2025-01-02 00:00:00,AWS_VOBL,Bengaluru / Kempegowda Intl,Bengaluru,Karnataka,13.1979,77.7063,915.0,17.0,1017.95,88.0,NOAA/NWS ASOS via IEM Archive (provided source file),0,NORMAL,,,,,,0,2,1,2,Winter,0,0.0,-1.009999999999991,0.0,AWS_VOMM,268.91547791167454,-9.0,5.080000000000041,4.400000000000006,96.0,0,0.1
2025-01-02 00:30:00,AWS_VOBL,Bengaluru / Kempegowda Intl,Bengaluru,Karnataka,13.1979,77.7063,915.0,17.0,1017.95,88.0,NOAA/NWS ASOS via IEM Archive (provided source file),0,NORMAL,,,,,,0,2,1,2,Winter,0,0.0,0.0,0.0,AWS_VOMM,268.91547791167454,-8.0,5.080000000000041,-0.7000000000000028,98.0,0,0.06
2025-01-02 01:00:00,AWS_VOBL,Bengaluru / Kempegowda Intl,Bengaluru,Karnataka,13.1979,77.7063,915.0,16.0,1017.95,93.8,NOAA/NWS ASOS via IEM Archive (provided source file),0,NORMAL,,,,,,1,2,1,2,Winter,0,-1.0,0.0,5.799999999999997,AWS_VOMM,268.91547791167454,-9.0,6.100000000000023,5.099999999999994,100.0,0,0.02
2025-01-02 01:30:00,AWS_VOBL,Bengaluru / Kempegowda Intl,Bengaluru,Karnataka,13.1979,77.7063,915.0,16.0,1016.93,93.8,NOAA/NWS ASOS via IEM Archive (provided source file),0,NORMAL,,,,,,1,2,1,2,Winter,0,0.0,-1.0200000000000955,0.0,AWS_VOMM,268.91547791167454,-9.0,5.079999999999927,5.099999999999994,100.0,0,0.02
2025-01-02 02:00:00,AWS_VOBL,Bengaluru / Kempegowda Intl,Bengaluru,Karnataka,13.1979,77.7063,915.0,16.0,1016.93,93.8,NOAA/NWS ASOS via IEM Archive (provided source file),0,NORMAL,,,,,,2,2,1,2,Winter,0,0.0,0.0,0.0,AWS_VOMM,268.91547791167454,-9.0,5.079999999999927,5.099999999999994,100.0,0,0.02
2025-01-02 02:30:00,AWS_VOBL,Bengaluru / Kempegowda Intl,Bengaluru,Karnataka,13.1979,77.7063,915.0,16.0,1016.93,93.8,NOAA/NWS ASOS via IEM Archive (provided source file),0,NORMAL,,,,,,2,2,1,2,Winter,0,0.0,0.0,0.0,AWS_VOMM,268.91547791167454,-9.0,6.089999999999918,5.099999999999994,100.0,0,0.02
2025-01-02 03:00:00,AWS_VOBL,Bengaluru / Kempegowda Intl,Bengaluru,Karnataka,13.1979,77.7063,915.0,15.0,1015.92,93.7,NOAA/NWS ASOS via IEM Archive (provided source file),0,NORMAL,,,,,,3,2,1,2,Winter,0,-1.0,-1.009999999999991,-0.09999999999999432,AWS_VOMM,268.91547791167454,-10.0,5.079999999999927,5.0,100.0,0,0.02
2025-01-02 03:30:00,AWS_VOBL,Bengaluru / Kempegowda Intl,Bengaluru,Karnataka,13.1979,77.7063,915.0,14.0,1015.92,100.0,NOAA/NWS ASOS via IEM Archive (provided source file),0,NORMAL,,,,,,3,2,1,2,Winter,0,-1.0,0.0,6.299999999999997,AWS_VOMM,268.91547791167454,-11.0,5.079999999999927,11.299999999999997,100.0,0,0.02
2025-01-02 04:00:00,AWS_VOBL,Bengaluru / Kempegowda Intl,Bengaluru,Karnataka,13.1979,77.7063,915.0,14.0,1015.92,100.0,NOAA/NWS ASOS via IEM Archive (provided source file),0,NORMAL,,,,,,4,2,1,2,Winter,0,0.0,0.0,0.0,AWS_VOMM,268.91547791167454,-11.0,5.079999999999927,11.299999999999997,100.0,0,0.02
2025-01-02 04:30:00,AWS_VOBL,Bengaluru / Kempegowda Intl,Bengaluru,Karnataka,13.1979,77.7063,915.0,15.0,1015.92,93.7,NOAA/NWS ASOS via IEM Archive (provided source file),0,NORMAL,,,,,,4,2,1,2,Winter,0,1.0,0.0,-6.299999999999997,AWS_VOMM,268.91547791167454,-10.0,5.079999999999927,5.0,100.0,0,0.02
2025-01-02 05:00:00,AWS_VOBL,Bengaluru / Kempegowda Intl,Bengaluru,Karnataka,13.1979,77.7063,915.0,15.0,1016.93,93.7,NOAA/NWS ASOS via IEM Archive (provided source file),0,NORMAL,,,,,,5,2,1,2,Winter,0,0.0,1.009999999999991,0.0,AWS_VOMM,268.91547791167454,-10.0,6.089999999999918,5.0,100.0,0,0.02
2025-01-02 05:30:00,AWS_VOBL,Bengaluru / Kempegowda Intl,Bengaluru,Karnataka,13.1979,77.7063,915.0,14.0,1016.93,100.0,NOAA/NWS ASOS via IEM Archive (provided source file),0,NORMAL,,,,,,5,2,1,2,Winter,0,-1.0,0.0,6.299999999999997,AWS_VOMM,268.91547791167454,-11.0,5.079999999999927,11.299999999999997,100.0,0,0.02
2025-01-02 06:00:00,AWS_VOBL,Bengaluru / Kempegowda Intl,Bengaluru,Karnataka,13.1979,77.7063,915.0,14.0,1016.93,100.0,NOAA/NWS ASOS via IEM Archive (provided source file),0,NORMAL,,,,,,6,2,1,2,Winter,1,0.0,0.0,0.0,AWS_VOMM,268.91547791167454,-10.0,5.079999999999927,11.400000000000006,100.0,0,0.02
2025-01-02 06:30:00,AWS_VOBL,Bengaluru / Kempegowda Intl,Bengaluru,Karnataka,13.1979,77.7063,915.0,14.0,1016.93,93.7,NOAA/NWS ASOS via IEM Archive (provided source file),0,NORMAL,,,,,,6,2,1,2,Winter,1,0.0,0.0,-6.299999999999997,AWS_VOMM,268.91547791167454,-10.0,4.059999999999945,5.1000000000000085,100.0,0,0.02
2025-01-02 07:30:00,AWS_VOBL,Bengaluru / Kempegowda Intl,Bengaluru,Karnataka,13.1979,77.7063,915.0,14.0,1017.95,100.0,NOAA/NWS ASOS via IEM Archive (provided source file),0,NORMAL,,,,,,7,2,1,2,Winter,1,0.0,1.0200000000000955,6.299999999999997,AWS_VOMM,268.91547791167454,-10.0,4.07000000000005,5.900000000000006,100.0,0,0.02
2025-01-02 08:00:00,AWS_VOBL,Bengaluru / Kempegowda Intl,Bengaluru,Karnataka,13.1979,77.7063,915.0,14.0,1018.96,100.0,NOAA/NWS ASOS via IEM Archive (provided source file),0,NORMAL,,,,,,8,2,1,2,Winter,1,0.0,1.009999999999991,0.0,AWS_VOMM,268.91547791167454,-11.0,5.080000000000041,11.299999999999997,100.0,0,0.02
2025-01-02 08:30:00,AWS_VOBL,Bengaluru / Kempegowda Intl,Bengaluru,Karnataka,13.1979,77.7063,915.0,15.0,1018.96,100.0,NOAA/NWS ASOS via IEM Archive (provided source file),0,NORMAL,,,,,,8,2,1,2,Winter,1,1.0,0.0,0.0,AWS_VOMM,268.91547791167454,-11.0,4.060000000000059,11.200000000000003,100.0,0,0.02
2025-01-02 09:00:00,AWS_VOBL,Bengaluru / Kempegowda Intl,Bengaluru,Karnataka,13.1979,77.7063,915.0,16.0,1018.96,100.0,NOAA/NWS ASOS via IEM Archive (provided source file),0,NORMAL,,,,,,9,2,1,2,Winter,1,1.0,0.0,0.0,AWS_VOMM,268.91547791167454,-10.0,4.060000000000059,16.400000000000006,100.0,0,0.02
2025-01-02 09:30:00,AWS_VOBL,Bengaluru / Kempegowda Intl,Bengaluru,Karnataka,13.1979,77.7063,915.0,19.0,1018.96,77.6,NOAA/NWS ASOS via IEM Archive (provided source file),0,NORMAL,,,,,,9,2,1,2,Winter,1,3.0,0.0,-22.400000000000006,AWS_VOMM,268.91547791167454,-8.0,4.060000000000059,-1.2000000000000028,100.0,0,0.02
2025-01-02 10:00:00,AWS_VOBL,Bengaluru / Kempegowda Intl,Bengaluru,Karnataka,13.1979,77.7063,915.0,21.0,1019.98,64.3,NOAA/NWS ASOS via IEM Archive (provided source file),0,NORMAL,,,,,,10,2,1,2,Winter,1,2.0,1.0199999999999818,-13.299999999999997,AWS_VOMM,268.91547791167454,-7.0,5.080000000000041,-5.6000000000000085,100.0,0,0.02
2025-01-02 10:30:00,AWS_VOBL,Bengaluru / Kempegowda Intl,Bengaluru,Karnataka,13.1979,77.7063,915.0,22.0,1019.98,56.6,NOAA/NWS ASOS via IEM Archive (provided source file),0,NORMAL,,,,,,10,2,1,2,Winter,1,1.0,0.0,-7.699999999999996,AWS_VOMM,268.91547791167454,-7.0,5.080000000000041,-5.399999999999999,100.0,0,0.02
2025-01-02 11:00:00,AWS_VOBL,Bengaluru / Kempegowda Intl,Bengaluru,Karnataka,13.1979,77.7063,915.0,23.0,1018.96,56.9,NOAA/NWS ASOS via IEM Archive (provided source file),0,NORMAL,,,,,,11,2,1,2,Winter,1,1.0,-1.0199999999999818,0.29999999999999716,AWS_VOMM,268.91547791167454,-6.0,4.060000000000059,-1.3999999999999986,100.0,0,0.02
2025-01-02 11:30:00,AWS_VOBL,Bengaluru / Kempegowda Intl,Bengaluru,Karnataka,13.1979,77.7063,915.0,23.0,1018.96,53.3,NOAA/NWS ASOS via IEM Archive (provided source file),0,NORMAL,,,,,,11,2,1,2,Winter,1,0.0,0.0,-3.6000000000000014,AWS_VOMM,268.91547791167454,-7.0,5.080000000000041,-1.7000000000000028,100.0,0,0.02
2025-01-02 12:00:00,AWS_VOBL,Bengaluru / Kempegowda Intl,Bengaluru,Karnataka,13.1979,77.7063,915.0,24.0,1018.96,50.2,NOAA/NWS ASOS via IEM Archive (provided source file),0,NORMAL,,,,,,12,2,1,2,Winter,1,1.0,0.0,-3.0999999999999943,AWS_VOMM,268.91547791167454,-6.0,5.080000000000041,-4.799999999999997,100.0,0,0.02
2025-01-02 12:30:00,AWS_VOBL,Bengaluru / Kempegowda Intl,Bengaluru,Karnataka,13.1979,77.7063,915.0,25.0,1017.95,47.2,NOAA/NWS ASOS via IEM Archive (provided source file),0,NORMAL,,,,,,12,2,1,2,Winter,1,1.0,-1.009999999999991,-3.0,AWS_VOMM,268.91547791167454,-5.0,4.07000000000005,-7.799999999999997,100.0,0,0.02
2025-01-02 13:00:00,AWS_VOBL,Bengaluru / Kempegowda Intl,Bengaluru,Karnataka,13.1979,77.7063,915.0,26.0,1017.95,44.5,NOAA/NWS ASOS via IEM Archive (provided source file),0,NORMAL,,,,,,13,2,1,2,Winter,1,1.0,0.0,-2.700000000000003,AWS_VOMM,268.91547791167454,-4.0,5.080000000000041,-10.5,100.0,0,0.02
2025-01-02 13:30:00,AWS_VOBL,Bengaluru / Kempegowda Intl,Bengaluru,Karnataka,13.1979,77.7063,915.0,26.0,1016.93,41.7,NOAA/NWS ASOS via IEM Archive (provided source file),0,NORMAL,,,,,,13,2,1,2,Winter,1,0.0,-1.0200000000000955,-2.799999999999997,AWS_VOMM,268.91547791167454,-3.0,4.059999999999945,-16.599999999999994,100.0,0,0.02
2025-01-02 14:00:00,AWS_VOBL,Bengaluru / Kempegowda Intl,Bengaluru,Karnataka,13.1979,77.7063,915.0,27.0,1015.92,42.0,NOAA/NWS ASOS via IEM Archive (provided source file),0,NORMAL,,,,,,14,2,1,2,Winter,1,1.0,-1.009999999999991,0.29999999999999716,AWS_VOMM,268.91547791167454,-2.0,4.069999999999936,-16.299999999999997,100.0,0,0.02
2025-01-02 14:30:00,AWS_VOBL,Bengaluru / Kempegowda Intl,Bengaluru,Karnataka,13.1979,77.7063,915.0,27.0,1015.92,39.3,NOAA/NWS ASOS via IEM Archive (provided source file),0,NORMAL,,,,,,14,2,1,2,Winter,1,0.0,0.0,-2.700000000000003,AWS_VOMM,268.91547791167454,-2.0,4.069999999999936,-19.0,100.0,0,0.02
2025-01-02 15:00:00,AWS_VOBL,Bengaluru / Kempegowda Intl,Bengaluru,Karnataka,13.1979,77.7063,915.0,27.0,1015.92,39.3,NOAA/NWS ASOS via IEM Archive (provided source file),0,NORMAL,,,,,,15,2,1,2,Winter,1,0.0,0.0,0.0,AWS_VOMM,268.91547791167454,-2.0,5.079999999999927,-19.0,100.0,0,0.02
2025-01-02 15:30:00,AWS_VOBL,Bengaluru / Kempegowda Intl,Bengaluru,Karnataka,13.1979,77.7063,915.0,27.0,1014.9,34.4,NOAA/NWS ASOS via IEM Archive (provided source file),0,NORMAL,,,,,,15,2,1,2,Winter,1,0.0,-1.0199999999999818,-4.899999999999999,AWS_VOMM,268.91547791167454,-2.0,4.059999999999945,-23.9,100.0,0,0.02
2025-01-02 16:00:00,AWS_VOBL,Bengaluru / Kempegowda Intl,Bengaluru,Karnataka,13.1979,77.7063,915.0,26.0,1014.9,36.5,NOAA/NWS ASOS via IEM Archive (provided source file),0,NORMAL,,,,,,16,2,1,2,Winter,1,-1.0,0.0,2.1000000000000014,AWS_VOMM,268.91547791167454,-3.0,4.059999999999945,-25.5,100.0,0,0.02
2025-01-02 16:30:00,AWS_VOBL,Bengaluru / Kempegowda Intl,Bengaluru,Karnataka,13.1979,77.7063,915.0,25.0,1015.92,38.7,NOAA/NWS ASOS via IEM Archive (provided source file),0,NORMAL,,,,,,16,2,1,2,Winter,1,-1.0,1.0199999999999818,2.200000000000003,AWS_VOMM,268.91547791167454,-3.0,5.079999999999927,-27.0,100.0,0,0.02
2025-01-02 17:00:00,AWS_VOBL,Bengaluru / Kempegowda Intl,Bengaluru,Karnataka,13.1979,77.7063,915.0,24.0,1015.92,44.0,NOAA/NWS ASOS via IEM Archive (provided source file),0,NORMAL,,,,,,17,2,1,2,Winter,1,-1.0,0.0,5.299999999999997,AWS_VOMM,268.91547791167454,-4.0,5.079999999999927,-17.799999999999997,100.0,0,0.02
2025-01-02 17:30:00,AWS_VOBL,Bengaluru / Kempegowda Intl,Bengaluru,Karnataka,13.1979,77.7063,915.0,24.0,1015.92,47.0,NOAA/NWS ASOS via IEM Archive (provided source file),0,NORMAL,,,,,,17,2,1,2,Winter,1,0.0,0.0,3.0,AWS_VOMM,268.91547791167454,-3.0,4.069999999999936,-22.700000000000003,100.0,0,0.02
2025-01-02 18:00:00,AWS_VOBL,Bengaluru / Kempegowda Intl,Bengaluru,Karnataka,13.1979,77.7063,915.0,22.0,1015.92,53.0,NOAA/NWS ASOS via IEM Archive (provided source file),0,NORMAL,,,,,,18,2,1,2,Winter,0,-2.0,0.0,6.0,AWS_VOMM,268.91547791167454,-5.0,4.069999999999936,-16.700000000000003,100.0,0,0.02
2025-01-02 18:30:00,AWS_VOBL,Bengaluru / Kempegowda Intl,Bengaluru,Karnataka,13.1979,77.7063,915.0,22.0,1016.93,56.6,NOAA/NWS ASOS via IEM Archive (provided source file),0,NORMAL,,,,,,18,2,1,2,Winter,0,0.0,1.009999999999991,3.6000000000000014,AWS_VOMM,268.91547791167454,-5.0,5.079999999999927,-17.499999999999993,100.0,0,0.02
2025-01-02 19:00:00,AWS_VOBL,Bengaluru / Kempegowda Intl,Bengaluru,Karnataka,13.1979,77.7063,915.0,21.0,1016.93,64.3,NOAA/NWS ASOS via IEM Archive (provided source file),0,NORMAL,,,,,,19,2,1,2,Winter,0,-1.0,0.0,7.699999999999996,AWS_VOMM,268.91547791167454,-5.0,4.059999999999945,-14.299999999999997,100.0,0,0.02
2025-01-02 19:30:00,AWS_VOBL,Bengaluru / Kempegowda Intl,Bengaluru,Karnataka,13.1979,77.7063,915.0,20.0,1017.95,64.0,NOAA/NWS ASOS via IEM Archive (provided source file),0,NORMAL,,,,,,19,2,1,2,Winter,0,-1.0,1.0200000000000955,-0.29999999999999716,AWS_VOMM,268.91547791167454,-6.0,5.080000000000041,-14.599999999999994,100.0,0,0.02
2025-01-02 20:00:00,AWS_VOBL,Bengaluru / Kempegowda Intl,Bengaluru,Karnataka,13.1979,77.7063,915.0,20.0,1017.95,64.0,NOAA/NWS ASOS via IEM Archive (provided source file),0,NORMAL,,,,,,20,2,1,2,Winter,0,0.0,0.0,0.0,AWS_VOMM,268.91547791167454,-6.0,4.07000000000005,-14.599999999999994,100.0,0,0.02
2025-01-02 20:30:00,AWS_VOBL,Bengaluru / Kempegowda Intl,Bengaluru,Karnataka,13.1979,77.7063,915.0,19.0,1017.95,68.2,NOAA/NWS ASOS via IEM Archive (provided source file),0,NORMAL,,,,,,20,2,1,2,Winter,0,-1.0,0.0,4.200000000000003,AWS_VOMM,268.91547791167454,-7.0,4.07000000000005,-10.399999999999991,100.0,0,0.02
2025-01-02 21:00:00,AWS_VOBL,Bengaluru / Kempegowda Intl,Bengaluru,Karnataka,13.1979,77.7063,915.0,19.0,1018.96,72.7,NOAA/NWS ASOS via IEM Archive (provided source file),0,NORMAL,,,,,,21,2,1,2,Winter,0,0.0,1.009999999999991,4.5,AWS_VOMM,268.91547791167454,-7.0,5.080000000000041,-5.8999999999999915,100.0,0,0.02
2025-01-02 21:30:00,AWS_VOBL,Bengaluru / Kempegowda Intl,Bengaluru,Karnataka,13.1979,77.7063,915.0,18.0,1018.96,77.4,NOAA/NWS ASOS via IEM Archive (provided source file),0,NORMAL,,,,,,21,2,1,2,Winter,0,-1.0,0.0,4.700000000000003,AWS_VOMM,268.91547791167454,-8.0,4.060000000000059,-1.1999999999999886,100.0,0,0.02
2025-01-02 22:00:00,AWS_VOBL,Bengaluru / Kempegowda Intl,Bengaluru,Karnataka,13.1979,77.7063,915.0,18.0,1018.96,77.4,NOAA/NWS ASOS via IEM Archive (provided source file),0,NORMAL,,,,,,22,2,1,2,Winter,0,0.0,0.0,0.0,AWS_VOMM,268.91547791167454,-8.0,4.060000000000059,-1.1999999999999886,100.0,0,0.02
2025-01-02 22:30:00,AWS_VOBL,Bengaluru / Kempegowda Intl,Bengaluru,Karnataka,13.1979,77.7063,915.0,18.0,1018.96,77.4,NOAA/NWS ASOS via IEM Archive (provided source file),0,NORMAL,,,,,,22,2,1,2,Winter,0,0.0,0.0,0.0,AWS_VOMM,268.91547791167454,-8.0,5.080000000000041,-1.1999999999999886,100.0,0,0.02
2025-01-02 23:00:00,AWS_VOBL,Bengaluru / Kempegowda Intl,Bengaluru,Karnataka,13.1979,77.7063,915.0,18.0,1018.96,77.4,NOAA/NWS ASOS via IEM Archive (provided source file),0,NORMAL,,,,,,23,2,1,2,Winter,0,0.0,0.0,0.0,AWS_VOMM,268.91547791167454,-8.0,5.080000000000041,-1.1999999999999886,100.0,0,0.02
2025-01-02 23:30:00,AWS_VOBL,Bengaluru / Kempegowda Intl,Bengaluru,Karnataka,13.1979,77.7063,915.0,18.0,1018.96,77.4,NOAA/NWS ASOS via IEM Archive (provided source file),0,NORMAL,,,,,,23,2,1,2,Winter,0,0.0,0.0,0.0,AWS_VOMM,268.91547791167454,-8.0,5.080000000000041,-1.1999999999999886,100.0,0,0.02
2025-01-03 00:00:00,AWS_VOBL,Bengaluru / Kempegowda Intl,Bengaluru,Karnataka,13.1979,77.7063,915.0,18.0,1018.96,77.4,NOAA/NWS ASOS via IEM Archive (provided source file),0,NORMAL,,,,,,0,3,1,3,Winter,0,0.0,0.0,0.0,AWS_VOMM,268.91547791167454,-8.0,5.080000000000041,-6.199999999999989,100.0,0,0.02
2025-01-03 00:30:00,AWS_VOBL,Bengaluru / Kempegowda Intl,Bengaluru,Karnataka,13.1979,77.7063,915.0,18.0,1018.96,77.4,NOAA/NWS ASOS via IEM Archive (provided source file),0,NORMAL,,,,,,0,3,1,3,Winter,0,0.0,0.0,0.0,AWS_VOMM,268.91547791167454,-8.0,5.080000000000041,-6.199999999999989,100.0,0,0.02
2025-01-03 01:00:00,AWS_VOBL,Bengaluru / Kempegowda Intl,Bengaluru,Karnataka,13.1979,77.7063,915.0,17.0,1017.95,88.0,NOAA/NWS ASOS via IEM Archive (provided source file),0,NORMAL,,,,,,1,3,1,3,Winter,0,-1.0,-1.009999999999991,10.599999999999994,AWS_VOMM,268.91547791167454,-8.0,5.080000000000041,4.599999999999994,100.0,0,0.02
2025-01-03 01:30:00,AWS_VOBL,Bengaluru / Kempegowda Intl,Bengaluru,Karnataka,13.1979,77.7063,915.0,17.0,1017.95,88.0,NOAA/NWS ASOS via IEM Archive (provided source file),0,NORMAL,,,,,,1,3,1,3,Winter,0,0.0,0.0,0.0,AWS_VOMM,268.91547791167454,-8.0,5.080000000000041,4.599999999999994,100.0,0,0.02
2025-01-03 02:00:00,AWS_VOBL,Bengaluru / Kempegowda Intl,Bengaluru,Karnataka,13.1979,77.7063,915.0,17.0,1017.95,88.0,NOAA/NWS ASOS via IEM Archive (provided source file),0,NORMAL,,,,,,2,3,1,3,Winter,0,0.0,0.0,0.0,AWS_VOMM,268.91547791167454,-23.0,25.08000000000004,-12.0,100.0,0,0.02
2025-01-03 02:30:00,AWS_VOBL,Bengaluru / Kempegowda Intl,Bengaluru,Karnataka,13.1979,77.7063,915.0,17.0,1017.95,93.8,NOAA/NWS ASOS via IEM Archive (provided source file),0,NORMAL,,,,,,2,3,1,3,Winter,0,0.0,0.0,5.799999999999997,AWS_VOMM,268.91547791167454,-23.0,26.100000000000023,-6.200000000000003,100.0,0,0.02
2025-01-03 03:00:00,AWS_VOBL,Bengaluru / Kempegowda Intl,Bengaluru,Karnataka,13.1979,77.7063,915.0,17.0,1016.93,93.8,NOAA/NWS ASOS via IEM Archive (provided source file),0,NORMAL,,,,,,3,3,1,3,Winter,0,0.0,-1.0200000000000955,0.0,AWS_VOMM,268.91547791167454,-23.0,25.079999999999927,-6.200000000000003,100.0,0,0.02
2025-01-03 03:30:00,AWS_VOBL,Bengaluru / Kempegowda Intl,Bengaluru,Karnataka,13.1979,77.7063,915.0,17.0,1016.93,93.8,NOAA/NWS ASOS via IEM Archive (provided source file),0,NORMAL,,,,,,3,3,1,3,Winter,0,0.0,0.0,0.0,AWS_VOMM,268.91547791167454,-22.0,25.079999999999927,-6.200000000000003,100.0,0,0.02
2025-01-03 04:00:00,AWS_VOBL,Bengaluru / Kempegowda Intl,Bengaluru,Karnataka,13.1979,77.7063,915.0,17.0,1016.93,93.8,NOAA/NWS ASOS via IEM Archive (provided source file),0,NORMAL,,,,,,4,3,1,3,Winter,0,0.0,0.0,0.0,AWS_VOMM,268.91547791167454,-7.0,5.079999999999927,5.200000000000003,100.0,0,0.02
2025-01-03 04:30:00,AWS_VOBL,Bengaluru / Kempegowda Intl,Bengaluru,Karnataka,13.1979,77.7063,915.0,16.0,1016.93,93.8,NOAA/NWS ASOS via IEM Archive (provided source file),0,NORMAL,,,,,,4,3,1,3,Winter,0,-1.0,0.0,0.0,AWS_VOMM,268.91547791167454,-8.0,5.079999999999927,5.200000000000003,100.0,0,0.02
2025-01-03 05:00:00,AWS_VOBL,Bengaluru / Kempegowda Intl,Bengaluru,Karnataka,13.1979,77.7063,915.0,16.0,1017.95,93.8,NOAA/NWS ASOS via IEM Archive (provided source file),0,NORMAL,,,,,,5,3,1,3,Winter,0,0.0,1.0200000000000955,0.0,AWS_VOMM,268.91547791167454,-8.0,5.080000000000041,10.5,100.0,0,0.02
2025-01-03 05:30:00,AWS_VOBL,Bengaluru / Kempegowda Intl,Bengaluru,Karnataka,13.1979,77.7063,915.0,16.0,1017.95,93.8,NOAA/NWS ASOS via IEM Archive (provided source file),0,NORMAL,,,,,,5,3,1,3,Winter,0,0.0,0.0,0.0,AWS_VOMM,268.91547791167454,-8.0,5.080000000000041,10.5,100.0,0,0.02
2025-01-03 06:00:00,AWS_VOBL,Bengaluru / Kempegowda Intl,Bengaluru,Karnataka,13.1979,77.7063,915.0,15.0,1017.95,100.0,NOAA/NWS ASOS via IEM Archive (provided source file),0,NORMAL,,,,,,6,3,1,3,Winter,1,-1.0,0.0,6.200000000000003,AWS_VOMM,268.91547791167454,-9.0,5.080000000000041,16.700000000000003,100.0,0,0.02
2025-01-03 06:30:00,AWS_VOBL,Bengaluru / Kempegowda Intl,Bengaluru,Karnataka,13.1979,77.7063,915.0,15.0,1017.95,100.0,NOAA/NWS ASOS via IEM Archive (provided source file),0,NORMAL,,,,,,6,3,1,3,Winter,1,0.0,0.0,0.0,AWS_VOMM,268.91547791167454,-9.0,4.07000000000005,16.700000000000003,100.0,0,0.02
2025-01-03 07:00:00,AWS_VOBL,Bengaluru / Kempegowda Intl,Bengaluru,Karnataka,13.1979,77.7063,915.0,15.0,1017.95,93.7,NOAA/NWS ASOS via IEM Archive (provided source file),0,NORMAL,,,,,,7,3,1,3,Winter,1,0.0,0.0,-6.299999999999997,AWS_VOMM,268.91547791167454,-9.0,4.07000000000005,10.400000000000006,100.0,0,0.02
2025-01-03 07:30:00,AWS_VOBL,Bengaluru / Kempegowda Intl,Bengaluru,Karnataka,13.1979,77.7063,915.0,15.0,1018.96,93.7,NOAA/NWS ASOS via IEM Archive (provided source file),0,NORMAL,,,,,,7,3,1,3,Winter,1,0.0,1.009999999999991,0.0,AWS_VOMM,268.91547791167454,-9.0,5.080000000000041,10.400000000000006,100.0,0,0.02
2025-01-03 08:00:00,AWS_VOBL,Bengaluru / Kempegowda Intl,Bengaluru,Karnataka,13.1979,77.7063,915.0,15.0,1018.96,100.0,NOAA/NWS ASOS via IEM Archive (provided source file),0,NORMAL,,,,,,8,3,1,3,Winter,1,0.0,0.0,6.299999999999997,AWS_VOMM,268.91547791167454,-9.0,4.060000000000059,11.400000000000006,100.0,0,0.02
2025-01-03 08:30:00,AWS_VOBL,Bengaluru / Kempegowda Intl,Bengaluru,Karnataka,13.1979,77.7063,915.0,17.0,1019.98,88.0,NOAA/NWS ASOS via IEM Archive (provided source file),0,NORMAL,,,,,,8,3,1,3,Winter,1,2.0,1.0199999999999818,-12.0,AWS_VOMM,268.91547791167454,-8.0,5.080000000000041,4.599999999999994,100.0,0,0.02
2025-01-03 09:00:00,AWS_VOBL,Bengaluru / Kempegowda Intl,Bengaluru,Karnataka,13.1979,77.7063,915.0,18.0,1019.98,77.4,NOAA/NWS ASOS via IEM Archive (provided source file),0,NORMAL,,,,,,9,3,1,3,Winter,1,1.0,0.0,-10.599999999999994,AWS_VOMM,268.91547791167454,-8.0,5.080000000000041,-1.1999999999999886,100.0,0,0.02
2025-01-03 09:30:00,AWS_VOBL,Bengaluru / Kempegowda Intl,Bengaluru,Karnataka,13.1979,77.7063,915.0,20.0,1019.98,64.0,NOAA/NWS ASOS via IEM Archive (provided source file),0,NORMAL,,,,,,9,3,1,3,Winter,1,2.0,0.0,-13.400000000000006,AWS_VOMM,268.91547791167454,-6.0,4.060000000000059,-14.599999999999994,100.0,0,0.02
2025-01-03 10:00:00,AWS_VOBL,Bengaluru / Kempegowda Intl,Bengaluru,Karnataka,13.1979,77.7063,915.0,21.0,1019.98,64.3,NOAA/NWS ASOS via IEM Archive (provided source file),0,NORMAL,,,,,,10,3,1,3,Winter,1,1.0,0.0,0.29999999999999716,AWS_VOMM,268.91547791167454,-6.0,4.060000000000059,-9.799999999999997,100.0,0,0.02
2025-01-03 10:30:00,AWS_VOBL,Bengaluru / Kempegowda Intl,Bengaluru,Karnataka,13.1979,77.7063,915.0,22.0,1019.98,56.6,NOAA/NWS ASOS via IEM Archive (provided source file),0,NORMAL,,,,,,10,3,1,3,Winter,1,1.0,0.0,-7.699999999999996,AWS_VOMM,268.91547791167454,-5.0,5.080000000000041,-17.499999999999993,100.0,0,0.02
2025-01-03 11:00:00,AWS_VOBL,Bengaluru / Kempegowda Intl,Bengaluru,Karnataka,13.1979,77.7063,915.0,22.0,1019.98,53.0,NOAA/NWS ASOS via IEM Archive (provided source file),0,NORMAL,,,,,,11,3,1,3,Winter,1,0.0,0.0,-3.6000000000000014,AWS_VOMM,268.91547791167454,-5.0,5.080000000000041,-21.099999999999994,100.0,0,0.02
2025-01-03 11:30:00,AWS_VOBL,Bengaluru / Kempegowda Intl,Bengaluru,Karnataka,13.1979,77.7063,915.0,23.0,1019.98,49.9,NOAA/NWS ASOS via IEM Archive (provided source file),0,NORMAL,,,,,,11,3,1,3,Winter,1,1.0,0.0,-3.1000000000000014,AWS_VOMM,268.91547791167454,-4.0,5.080000000000041,-24.199999999999996,100.0,0,0.02
2025-01-03 12:00:00,AWS_VOBL,Bengaluru / Kempegowda Intl,Bengaluru,Karnataka,13.1979,77.7063,915.0,24.0,1018.96,44.0,NOAA/NWS ASOS via IEM Archive (provided source file),0,NORMAL,,,,,,12,3,1,3,Winter,1,1.0,-1.0199999999999818,-5.899999999999999,AWS_VOMM,268.91547791167454,-4.0,4.060000000000059,-25.900000000000006,100.0,0,0.02
2025-01-03 12:30:00,AWS_VOBL,Bengaluru / Kempegowda Intl,Bengaluru,Karnataka,13.1979,77.7063,915.0,24.0,1017.95,44.0,NOAA/NWS ASOS via IEM Archive (provided source file),0,NORMAL,,,,,,12,3,1,3,Winter,1,0.0,-1.009999999999991,0.0,AWS_VOMM,268.91547791167454,-5.0,4.07000000000005,-22.0,100.0,0,0.02
2025-01-03 13:00:00,AWS_VOBL,Bengaluru / Kempegowda Intl,Bengaluru,Karnataka,13.1979,77.7063,915.0,25.0,1017.95,41.4,NOAA/NWS ASOS via IEM Archive (provided source file),0,NORMAL,,,,,,13,3,1,3,Winter,1,1.0,0.0,-2.6000000000000014,AWS_VOMM,268.91547791167454,-4.0,5.080000000000041,-24.6,100.0,0,0.02
2025-01-03 13:30:00,AWS_VOBL,Bengaluru / Kempegowda Intl,Bengaluru,Karnataka,13.1979,77.7063,915.0,26.0,1016.93,36.5,NOAA/NWS ASOS via IEM Archive (provided source file),0,NORMAL,,,,,,13,3,1,3,Winter,1,1.0,-1.0200000000000955,-4.899999999999999,AWS_VOMM,268.91547791167454,-3.0,4.059999999999945,-29.5,100.0,0,0.02
2025-01-03 14:00:00,AWS_VOBL,Bengaluru / Kempegowda Intl,Bengaluru,Karnataka,13.1979,77.7063,915.0,26.0,1015.92,31.9,NOAA/NWS ASOS via IEM Archive (provided source file),0,NORMAL,,,,,,14,3,1,3,Winter,1,0.0,-1.009999999999991,-4.600000000000001,AWS_VOMM,268.91547791167454,-3.0,4.069999999999936,-30.1,100.0,0,0.02
2025-01-03 14:30:00,AWS_VOBL,Bengaluru / Kempegowda Intl,Bengaluru,Karnataka,13.1979,77.7063,915.0,26.0,1015.92,31.9,NOAA/NWS ASOS via IEM Archive (provided source file),0,NORMAL,,,,,,14,3,1,3,Winter,1,0.0,0.0,0.0,AWS_VOMM,268.91547791167454,-3.0,4.069999999999936,-30.1,100.0,0,0.02
2025-01-03 15:00:00,AWS_VOBL,Bengaluru / Kempegowda Intl,Bengaluru,Karnataka,13.1979,77.7063,915.0,27.0,1015.92,30.1,NOAA/NWS ASOS via IEM Archive (provided source file),0,NORMAL,,,,,,15,3,1,3,Winter,1,1.0,0.0,-1.7999999999999972,AWS_VOMM,268.91547791167454,-1.0,4.069999999999936,-35.6,100.0,0,0.02
2025-01-03 15:30:00,AWS_VOBL,Bengaluru / Kempegowda Intl,Bengaluru,Karnataka,13.1979,77.7063,915.0,27.0,1014.9,34.4,NOAA/NWS ASOS via IEM Archive (provided source file),0,NORMAL,,,,,,15,3,1,3,Winter,1,0.0,-1.0199999999999818,4.299999999999997,AWS_VOMM,268.91547791167454,-2.0,3.0499999999999545,-20.4,100.0,0,0.02
2025-01-03 16:00:00,AWS_VOBL,Bengaluru / Kempegowda Intl,Bengaluru,Karnataka,13.1979,77.7063,915.0,27.0,1014.9,34.4,NOAA/NWS ASOS via IEM Archive (provided source file),0,NORMAL,,,,,,16,3,1,3,Winter,1,0.0,0.0,0.0,AWS_VOMM,268.91547791167454,-1.0,3.0499999999999545,-27.4,100.0,0,0.02
2025-01-03 16:30:00,AWS_VOBL,Bengaluru / Kempegowda Intl,Bengaluru,Karnataka,13.1979,77.7063,915.0,26.0,1014.9,34.1,NOAA/NWS ASOS via IEM Archive (provided source file),0,NORMAL,,,,,,16,3,1,3,Winter,1,-1.0,0.0,-0.29999999999999716,AWS_VOMM,268.91547791167454,-2.0,3.0499999999999545,-27.699999999999996,100.0,0,0.02
2025-01-03 17:00:00,AWS_VOBL,Bengaluru / Kempegowda Intl,Bengaluru,Karnataka,13.1979,77.7063,915.0,25.0,1015.92,36.2,NOAA/NWS ASOS via IEM Archive (provided source file),0,NORMAL,,,,,,17,3,1,3,Winter,1,-1.0,1.0199999999999818,2.1000000000000014,AWS_VOMM,268.91547791167454,-2.0,4.069999999999936,-29.299999999999997,100.0,0,0.02
2025-01-03 17:30:00,AWS_VOBL,Bengaluru / Kempegowda Intl,Bengaluru,Karnataka,13.1979,77.7063,915.0,24.0,1015.92,44.0,NOAA/NWS ASOS via IEM Archive (provided source file),0,NORMAL,,,,,,17,3,1,3,Winter,1,-1.0,0.0,7.799999999999997,AWS_VOMM,268.91547791167454,-3.0,4.069999999999936,-21.5,100.0,0,0.02
2025-01-03 18:00:00,AWS_VOBL,Bengaluru / Kempegowda Intl,Bengaluru,Karnataka,13.1979,77.7063,915.0,23.0,1015.92,49.9,NOAA/NWS ASOS via IEM Archive (provided source file),0,NORMAL,,,,,,18,3,1,3,Winter,0,-1.0,0.0,5.899999999999999,AWS_VOMM,268.91547791167454,-3.0,4.069999999999936,-24.1,100.0,0,0.02
2025-01-03 18:30:00,AWS_VOBL,Bengaluru / Kempegowda Intl,Bengaluru,Karnataka,13.1979,77.7063,915.0,22.0,1015.92,49.6,NOAA/NWS ASOS via IEM Archive (provided source file),0,NORMAL,,,,,,18,3,1,3,Winter,0,-1.0,0.0,-0.29999999999999716,AWS_VOMM,268.91547791167454,-4.0,4.069999999999936,-24.4,100.0,0,0.02
2025-01-03 19:00:00,AWS_VOBL,Bengaluru / Kempegowda Intl,Bengaluru,Karnataka,13.1979,77.7063,915.0,21.0,1016.93,56.4,NOAA/NWS ASOS via IEM Archive (provided source file),0,NORMAL,,,,,,19,3,1,3,Winter,0,-1.0,1.009999999999991,6.799999999999997,AWS_VOMM,268.91547791167454,-5.0,5.079999999999927,-17.6,100.0,0,0.02
2025-01-03 19:30:00,AWS_VOBL,Bengaluru / Kempegowda Intl,Bengaluru,Karnataka,13.1979,77.7063,915.0,20.0,1016.93,60.0,NOAA/NWS ASOS via IEM Archive (provided source file),0,NORMAL,,,,,,19,3,1,3,Winter,0,-1.0,0.0,3.6000000000000014,AWS_VOMM,268.91547791167454,-6.0,4.059999999999945,-14.0,100.0,0,0.02
2025-01-03 20:00:00,AWS_VOBL,Bengaluru / Kempegowda Intl,Bengaluru,Karnataka,13.1979,77.7063,915.0,19.0,1016.93,68.2,NOAA/NWS ASOS via IEM Archive (provided source file),0,NORMAL,,,,,,20,3,1,3,Winter,0,-1.0,0.0,8.200000000000003,AWS_VOMM,268.91547791167454,-7.0,4.059999999999945,-5.799999999999997,100.0,0,0.02
2025-01-03 20:30:00,AWS_VOBL,Bengaluru / Kempegowda Intl,Bengaluru,Karnataka,13.1979,77.7063,915.0,19.0,1017.95,68.2,NOAA/NWS ASOS via IEM Archive (provided source file),0,NORMAL,,,,,,20,3,1,3,Winter,0,0.0,1.0200000000000955,0.0,AWS_VOMM,268.91547791167454,-6.0,5.080000000000041,-10.299999999999997,100.0,0,0.02
2025-01-03 21:00:00,AWS_VOBL,Bengaluru / Kempegowda Intl,Bengaluru,Karnataka,13.1979,77.7063,915.0,18.0,1017.95,72.6,NOAA/NWS ASOS via IEM Archive (provided source file),0,NORMAL,,,,,,21,3,1,3,Winter,0,-1.0,0.0,4.3999999999999915,AWS_VOMM,268.91547791167454,-7.0,5.080000000000041,-5.900000000000006,100.0,0,0.02
2025-01-03 21:30:00,AWS_VOBL,Bengaluru / Kempegowda Intl,Bengaluru,Karnataka,13.1979,77.7063,915.0,18.0,1017.95,72.6,NOAA/NWS ASOS via IEM Archive (provided source file),0,NORMAL,,,,,,21,3,1,3,Winter,0,0.0,0.0,0.0,AWS_VOMM,268.91547791167454,-7.0,5.080000000000041,-5.900000000000006,100.0,0,0.02
2025-01-03 22:00:00,AWS_VOBL,Bengaluru / Kempegowda Intl,Bengaluru,Karnataka,13.1979,77.7063,915.0,17.0,1017.95,77.3,NOAA/NWS ASOS via IEM Archive (provided source file),0,NORMAL,,,,,,22,3,1,3,Winter,0,-1.0,0.0,4.700000000000003,AWS_VOMM,268.91547791167454,-8.0,5.080000000000041,-1.2000000000000028,100.0,0,0.02
2025-01-03 22:30:00,AWS_VOBL,Bengaluru / Kempegowda Intl,Bengaluru,Karnataka,13.1979,77.7063,915.0,17.0,1017.95,77.3,NOAA/NWS ASOS via IEM Archive (provided source file),0,NORMAL,,,,,,22,3,1,3,Winter,0,0.0,0.0,0.0,AWS_VOMM,268.91547791167454,-7.0,5.080000000000041,-6.0,100.0,0,0.02
2025-01-03 23:00:00,AWS_VOBL,Bengaluru / Kempegowda Intl,Bengaluru,Karnataka,13.1979,77.7063,915.0,16.0,1017.95,82.4,NOAA/NWS ASOS via IEM Archive (provided source file),0,NORMAL,,,,,,23,3,1,3,Winter,0,-1.0,0.0,5.1000000000000085,AWS_VOMM,268.91547791167454,-8.0,5.080000000000041,-0.8999999999999915,100.0,0,0.02
2025-01-03 23:30:00,AWS_VOBL,Bengaluru / Kempegowda Intl,Bengaluru,Karnataka,13.1979,77.7063,915.0,16.0,1017.95,82.4,NOAA/NWS ASOS via IEM Archive (provided source file),0,NORMAL,,,,,,23,3,1,3,Winter,0,0.0,0.0,0.0,AWS_VOMM,268.91547791167454,-8.0,5.080000000000041,4.1000000000000085,100.0,0,0.02
2025-01-04 00:00:00,AWS_VOBL,Bengaluru / Kempegowda Intl,Bengaluru,Karnataka,13.1979,77.7063,915.0,16.0,1016.93,82.4,NOAA/NWS ASOS via IEM Archive (provided source file),0,NORMAL,,,,,,0,4,1,4,Winter,0,0.0,-1.0200000000000955,0.0,AWS_VOMM,268.91547791167454,-8.0,4.059999999999945,4.1000000000000085,100.0,0,0.02
2025-01-04 00:30:00,AWS_VOBL,Bengaluru / Kempegowda Intl,Bengaluru,Karnataka,13.1979,77.7063,915.0,15.0,1016.93,87.8,NOAA/NWS ASOS via IEM Archive (provided source file),0,NORMAL,,,,,,0,4,1,4,Winter,0,-1.0,0.0,5.3999999999999915,AWS_VOMM,268.91547791167454,-9.0,4.059999999999945,9.5,100.0,0,0.02
2025-01-04 01:00:00,AWS_VOBL,Bengaluru / Kempegowda Intl,Bengaluru,Karnataka,13.1979,77.7063,915.0,15.0,1016.93,87.8,NOAA/NWS ASOS via IEM Archive (provided source file),0,NORMAL,,,,,,1,4,1,4,Winter,0,0.0,0.0,0.0,AWS_VOMM,268.91547791167454,-9.0,5.079999999999927,4.5,100.0,0,0.02
2025-01-04 01:30:00,AWS_VOBL,Bengaluru / Kempegowda Intl,Bengaluru,Karnataka,13.1979,77.7063,915.0,15.0,1016.93,87.8,NOAA/NWS ASOS via IEM Archive (provided source file),0,NORMAL,,,,,,1,4,1,4,Winter,0,0.0,0.0,0.0,AWS_VOMM,268.91547791167454,-8.0,5.079999999999927,4.599999999999994,100.0,0,0.02
2025-01-04 02:00:00,AWS_VOBL,Bengaluru / Kempegowda Intl,Bengaluru,Karnataka,13.1979,77.7063,915.0,15.0,1015.92,87.8,NOAA/NWS ASOS via IEM Archive (provided source file),0,NORMAL,,,,,,2,4,1,4,Winter,0,0.0,-1.009999999999991,0.0,AWS_VOMM,268.91547791167454,-8.0,4.069999999999936,4.599999999999994,100.0,0,0.02
2025-01-04 02:30:00,AWS_VOBL,Bengaluru / Kempegowda Intl,Bengaluru,Karnataka,13.1979,77.7063,915.0,14.0,1015.92,87.7,NOAA/NWS ASOS via IEM Archive (provided source file),0,NORMAL,,,,,,2,4,1,4,Winter,0,-1.0,0.0,-0.09999999999999432,AWS_VOMM,268.91547791167454,-9.0,4.069999999999936,4.5,100.0,0,0.02
2025-01-04 03:00:00,AWS_VOBL,Bengaluru / Kempegowda Intl,Bengaluru,Karnataka,13.1979,77.7063,915.0,14.0,1015.92,87.7,NOAA/NWS ASOS via IEM Archive (provided source file),0,NORMAL,,,,,,3,4,1,4,Winter,0,0.0,0.0,0.0,AWS_VOMM,268.91547791167454,-9.0,5.079999999999927,4.5,100.0,0,0.02
2025-01-04 03:30:00,AWS_VOBL,Bengaluru / Kempegowda Intl,Bengaluru,Karnataka,13.1979,77.7063,915.0,13.0,1015.92,93.6,NOAA/NWS ASOS via IEM Archive (provided source file),0,NORMAL,,,,,,3,4,1,4,Winter,0,-1.0,0.0,5.8999999999999915,AWS_VOMM,268.91547791167454,-10.0,5.079999999999927,10.399999999999991,100.0,0,0.02
2025-01-04 04:00:00,AWS_VOBL,Bengaluru / Kempegowda Intl,Bengaluru,Karnataka,13.1979,77.7063,915.0,13.0,1015.92,93.6,NOAA/NWS ASOS via IEM Archive (provided source file),0,NORMAL,,,,,,4,4,1,4,Winter,0,0.0,0.0,0.0,AWS_VOMM,268.91547791167454,-10.0,5.079999999999927,10.399999999999991,100.0,0,0.02
2025-01-04 04:30:00,AWS_VOBL,Bengaluru / Kempegowda Intl,Bengaluru,Karnataka,13.1979,77.7063,915.0,13.0,1015.92,93.6,NOAA/NWS ASOS via IEM Archive (provided source file),0,NORMAL,,,,,,4,4,1,4,Winter,0,0.0,0.0,0.0,AWS_VOMM,268.91547791167454,-10.0,5.079999999999927,10.399999999999991,100.0,0,0.02
2025-01-04 05:00:00,AWS_VOBL,Bengaluru / Kempegowda Intl,Bengaluru,Karnataka,13.1979,77.7063,915.0,13.0,1015.92,100.0,NOAA/NWS ASOS via IEM Archive (provided source file),0,NORMAL,,,,,,5,4,1,4,Winter,0,0.0,0.0,6.400000000000006,AWS_VOMM,268.91547791167454,-10.0,5.079999999999927,16.799999999999997,100.0,0,0.02
2025-01-04 05:30:00,AWS_VOBL,Bengaluru / Kempegowda Intl,Bengaluru,Karnataka,13.1979,77.7063,915.0,14.0,1015.92,93.7,NOAA/NWS ASOS via IEM Archive (provided source file),0,NORMAL,,,,,,5,4,1,4,Winter,0,1.0,0.0,-6.299999999999997,AWS_VOMM,268.91547791167454,-9.0,4.069999999999936,10.5,100.0,0,0.02
2025-01-04 06:00:00,AWS_VOBL,Bengaluru / Kempegowda Intl,Bengaluru,Karnataka,13.1979,77.7063,915.0,14.0,1016.93,93.7,NOAA/NWS ASOS via IEM Archive (provided source file),0,NORMAL,,,,,,6,4,1,4,Winter,1,0.0,1.009999999999991,0.0,AWS_VOMM,268.91547791167454,-9.0,5.079999999999927,10.5,100.0,0,0.02
2025-01-04 06:30:00,AWS_VOBL,Bengaluru / Kempegowda Intl,Bengaluru,Karnataka,13.1979,77.7063,915.0,13.0,1016.93,100.0,NOAA/NWS ASOS via IEM Archive (provided source file),0,NORMAL,,,,,,6,4,1,4,Winter,1,-1.0,0.0,6.299999999999997,AWS_VOMM,268.91547791167454,-10.0,4.059999999999945,16.799999999999997,100.0,0,0.02
2025-01-04 07:00:00,AWS_VOBL,Bengaluru / Kempegowda Intl,Bengaluru,Karnataka,13.1979,77.7063,915.0,13.0,1017.95,93.6,NOAA/NWS ASOS via IEM Archive (provided source file),0,NORMAL,,,,,,7,4,1,4,Winter,1,0.0,1.0200000000000955,-6.400000000000006,AWS_VOMM,268.91547791167454,-9.0,5.080000000000041,5.199999999999989,100.0,0,0.02
2025-01-04 07:30:00,AWS_VOBL,Bengaluru / Kempegowda Intl,Bengaluru,Karnataka,13.1979,77.7063,915.0,13.0,1017.95,93.6,NOAA/NWS ASOS via IEM Archive (provided source file),0,NORMAL,,,,,,7,4,1,4,Winter,1,0.0,0.0,0.0,AWS_VOMM,268.91547791167454,-10.0,5.080000000000041,10.399999999999991,100.0,0,0.02
2025-01-04 08:00:00,AWS_VOBL,Bengaluru / Kempegowda Intl,Bengaluru,Karnataka,13.1979,77.7063,915.0,13.0,1017.95,93.6,NOAA/NWS ASOS via IEM Archive (provided source file),0,NORMAL,,,,,,8,4,1,4,Winter,1,0.0,0.0,0.0,AWS_VOMM,268.91547791167454,-10.0,4.07000000000005,5.099999999999994,100.0,0,0.02
2025-01-04 08:30:00,AWS_VOBL,Bengaluru / Kempegowda Intl,Bengaluru,Karnataka,13.1979,77.7063,915.0,15.0,1018.96,82.2,NOAA/NWS ASOS via IEM Archive (provided source file),0,NORMAL,,,,,,8,4,1,4,Winter,1,2.0,1.009999999999991,-11.399999999999991,AWS_VOMM,268.91547791167454,-9.0,5.080000000000041,-1.0999999999999943,100.0,0,0.02
2025-01-04 09:00:00,AWS_VOBL,Bengaluru / Kempegowda Intl,Bengaluru,Karnataka,13.1979,77.7063,915.0,15.0,1018.96,82.2,NOAA/NWS ASOS via IEM Archive (provided source file),0,NORMAL,,,,,,9,4,1,4,Winter,1,0.0,0.0,0.0,AWS_VOMM,268.91547791167454,-10.0,4.060000000000059,3.700000000000003,100.0,0,0.02
2025-01-04 09:30:00,AWS_VOBL,Bengaluru / Kempegowda Intl,Bengaluru,Karnataka,13.1979,77.7063,915.0,16.0,1018.96,77.1,NOAA/NWS ASOS via IEM Archive (provided source file),0,NORMAL,,,,,,9,4,1,4,Winter,1,1.0,0.0,-5.1000000000000085,AWS_VOMM,268.91547791167454,-10.0,4.060000000000059,-1.5,100.0,0,0.02
2025-01-04 10:00:00,AWS_VOBL,Bengaluru / Kempegowda Intl,Bengaluru,Karnataka,13.1979,77.7063,915.0,18.0,1018.96,68.0,NOAA/NWS ASOS via IEM Archive (provided source file),0,NORMAL,,,,,,10,4,1,4,Winter,1,2.0,0.0,-9.099999999999994,AWS_VOMM,268.91547791167454,-9.0,4.060000000000059,-6.099999999999994,100.0,0,0.02
2025-01-04 10:30:00,AWS_VOBL,Bengaluru / Kempegowda Intl,Bengaluru,Karnataka,13.1979,77.7063,915.0,19.0,1018.96,63.8,NOAA/NWS ASOS via IEM Archive (provided source file),0,NORMAL,,,,,,10,4,1,4,Winter,1,1.0,0.0,-4.200000000000003,AWS_VOMM,268.91547791167454,-8.0,4.060000000000059,-10.299999999999997,100.0,0,0.02
2025-01-04 11:00:00,AWS_VOBL,Bengaluru / Kempegowda Intl,Bengaluru,Karnataka,13.1979,77.7063,915.0,20.0,1018.96,60.0,NOAA/NWS ASOS via IEM Archive (provided source file),0,NORMAL,,,,,,11,4,1,4,Winter,1,1.0,0.0,-3.799999999999997,AWS_VOMM,268.91547791167454,-8.0,5.080000000000041,-9.900000000000006,100.0,0,0.02
2025-01-04 11:30:00,AWS_VOBL,Bengaluru / Kempegowda Intl,Bengaluru,Karnataka,13.1979,77.7063,915.0,22.0,1018.96,49.6,NOAA/NWS ASOS via IEM Archive (provided source file),0,NORMAL,,,,,,11,4,1,4,Winter,1,2.0,0.0,-10.399999999999999,AWS_VOMM,268.91547791167454,-6.0,5.080000000000041,-20.300000000000004,100.0,0,0.02
2025-01-04 12:00:00,AWS_VOBL,Bengaluru / Kempegowda Intl,Bengaluru,Karnataka,13.1979,77.7063,915.0,23.0,1017.95,43.7,NOAA/NWS ASOS via IEM Archive (provided source file),0,NORMAL,,,,,,12,4,1,4,Winter,1,1.0,-1.009999999999991,-5.899999999999999,AWS_VOMM,268.91547791167454,-5.0,5.080000000000041,-22.0,100.0,0,0.02
2025-01-04 12:30:00,AWS_VOBL,Bengaluru / Kempegowda Intl,Bengaluru,Karnataka,13.1979,77.7063,915.0,24.0,1016.93,41.1,NOAA/NWS ASOS via IEM Archive (provided source file),0,NORMAL,,,,,,12,4,1,4,Winter,1,1.0,-1.0200000000000955,-2.6000000000000014,AWS_VOMM,268.91547791167454,-5.0,4.059999999999945,-17.199999999999996,100.0,0,0.02
2025-01-04 13:00:00,AWS_VOBL,Bengaluru / Kempegowda Intl,Bengaluru,Karnataka,13.1979,77.7063,915.0,24.0,1016.93,41.1,NOAA/NWS ASOS via IEM Archive (provided source file),0,NORMAL,,,,,,13,4,1,4,Winter,1,0.0,0.0,0.0,AWS_VOMM,268.91547791167454,-5.0,5.079999999999927,-20.9,100.0,0,0.02
2025-01-04 13:30:00,AWS_VOBL,Bengaluru / Kempegowda Intl,Bengaluru,Karnataka,13.1979,77.7063,915.0,25.0,1015.92,38.7,NOAA/NWS ASOS via IEM Archive (provided source file),0,NORMAL,,,,,,13,4,1,4,Winter,1,1.0,-1.009999999999991,-2.3999999999999986,AWS_VOMM,268.91547791167454,-4.0,4.069999999999936,-19.599999999999994,100.0,0,0.02
2025-01-04 14:00:00,AWS_VOBL,Bengaluru / Kempegowda Intl,Bengaluru,Karnataka,13.1979,77.7063,915.0,25.0,1014.9,36.2,NOAA/NWS ASOS via IEM Archive (provided source file),0,NORMAL,,,,,,14,4,1,4,Winter,1,0.0,-1.0199999999999818,-2.5,AWS_VOMM,268.91547791167454,-4.0,4.059999999999945,-22.099999999999994,100.0,0,0.02
2025-01-04 14:30:00,AWS_VOBL,Bengaluru / Kempegowda Intl,Bengaluru,Karnataka,13.1979,77.7063,915.0,25.0,1014.9,41.4,NOAA/NWS ASOS via IEM Archive (provided source file),0,NORMAL,,,,,,14,4,1,4,Winter,1,0.0,0.0,5.199999999999996,AWS_VOMM,268.91547791167454,-4.0,4.059999999999945,-20.6,100.0,0,0.02
2025-01-04 15:00:00,AWS_VOBL,Bengaluru / Kempegowda Intl,Bengaluru,Karnataka,13.1979,77.7063,915.0,26.0,1014.9,36.5,NOAA/NWS ASOS via IEM Archive (provided source file),0,NORMAL,,,,,,15,4,1,4,Winter,1,1.0,0.0,-4.899999999999999,AWS_VOMM,268.91547791167454,-3.0,4.059999999999945,-21.799999999999997,100.0,0,0.02
2025-01-04 15:30:00,AWS_VOBL,Bengaluru / Kempegowda Intl,Bengaluru,Karnataka,13.1979,77.7063,915.0,25.0,1013.88,38.7,NOAA/NWS ASOS via IEM Archive (provided source file),0,NORMAL,,,,,,15,4,1,4,Winter,1,-1.0,-1.0199999999999818,2.200000000000003,AWS_VOMM,268.91547791167454,-3.0,3.7200000000000273,-23.099999999999994,100.0,0,0.02
2025-01-04 16:00:00,AWS_VOBL,Bengaluru / Kempegowda Intl,Bengaluru,Karnataka,13.1979,77.7063,915.0,25.0,1013.88,41.4,NOAA/NWS ASOS via IEM Archive (provided source file),0,NORMAL,,,,,,16,4,1,4,Winter,1,0.0,0.0,2.6999999999999957,AWS_VOMM,268.91547791167454,-3.0,3.7200000000000273,-20.4,100.0,0,0.02
2025-01-04 16:30:00,AWS_VOBL,Bengaluru / Kempegowda Intl,Bengaluru,Karnataka,13.1979,77.7063,915.0,25.0,1013.88,38.7,NOAA/NWS ASOS via IEM Archive (provided source file),0,NORMAL,,,,,,16,4,1,4,Winter,1,0.0,0.0,-2.6999999999999957,AWS_VOMM,268.91547791167454,-3.0,3.7200000000000273,-23.099999999999994,100.0,0,0.02
2025-01-04 17:00:00,AWS_VOBL,Bengaluru / Kempegowda Intl,Bengaluru,Karnataka,13.1979,77.7063,915.0,25.0,1013.88,38.7,NOAA/NWS ASOS via IEM Archive (provided source file),0,NORMAL,,,,,,17,4,1,4,Winter,1,0.0,0.0,0.0,AWS_VOMM,268.91547791167454,-2.0,3.7200000000000273,-26.799999999999997,100.0,0,0.02
2025-01-04 17:30:00,AWS_VOBL,Bengaluru / Kempegowda Intl,Bengaluru,Karnataka,13.1979,77.7063,915.0,24.0,1014.9,41.1,NOAA/NWS ASOS via IEM Archive (provided source file),0,NORMAL,,,,,,17,4,1,4,Winter,1,-1.0,1.0199999999999818,2.3999999999999986,AWS_VOMM,268.91547791167454,-3.0,4.740000000000009,-24.4,100.0,0,0.02
2025-01-04 18:00:00,AWS_VOBL,Bengaluru / Kempegowda Intl,Bengaluru,Karnataka,13.1979,77.7063,915.0,23.0,1014.9,46.7,NOAA/NWS ASOS via IEM Archive (provided source file),0,NORMAL,,,,,,18,4,1,4,Winter,0,-1.0,0.0,5.600000000000001,AWS_VOMM,268.91547791167454,-3.0,4.059999999999945,-22.799999999999997,100.0,0,0.02
2025-01-04 18:30:00,AWS_VOBL,Bengaluru / Kempegowda Intl,Bengaluru,Karnataka,13.1979,77.7063,915.0,22.0,1015.92,53.0,NOAA/NWS ASOS via IEM Archive (provided source file),0,NORMAL,,,,,,18,4,1,4,Winter,0,-1.0,1.0199999999999818,6.299999999999997,AWS_VOMM,268.91547791167454,-4.0,5.079999999999927,-21.0,100.0,0,0.02
2025-01-04 19:00:00,AWS_VOBL,Bengaluru / Kempegowda Intl,Bengaluru,Karnataka,13.1979,77.7063,915.0,22.0,1015.92,53.0,NOAA/NWS ASOS via IEM Archive (provided source file),0,NORMAL,,,,,,19,4,1,4,Winter,0,0.0,0.0,0.0,AWS_VOMM,268.91547791167454,-4.0,4.069999999999936,-21.0,100.0,0,0.02
2025-01-04 19:30:00,AWS_VOBL,Bengaluru / Kempegowda Intl,Bengaluru,Karnataka,13.1979,77.7063,915.0,21.0,1016.93,56.4,NOAA/NWS ASOS via IEM Archive (provided source file),0,NORMAL,,,,,,19,4,1,4,Winter,0,-1.0,1.009999999999991,3.3999999999999986,AWS_VOMM,268.91547791167454,-5.0,5.079999999999927,-22.199999999999996,100.0,0,0.02
2025-01-04 20:00:00,AWS_VOBL,Bengaluru / Kempegowda Intl,Bengaluru,Karnataka,13.1979,77.7063,915.0,21.0,1016.93,60.2,NOAA/NWS ASOS via IEM Archive (provided source file),0,NORMAL,,,,,,20,4,1,4,Winter,0,0.0,0.0,3.8000000000000043,AWS_VOMM,268.91547791167454,-4.0,4.059999999999945,-18.299999999999997,100.0,0,0.02
2025-01-04 20:30:00,AWS_VOBL,Bengaluru / Kempegowda Intl,Bengaluru,Karnataka,13.1979,77.7063,915.0,20.0,1016.93,68.4,NOAA/NWS ASOS via IEM Archive (provided source file),0,NORMAL,,,,,,20,4,1,4,Winter,0,-1.0,0.0,8.200000000000003,AWS_VOMM,268.91547791167454,-5.0,4.059999999999945,-15.0,100.0,0,0.02
2025-01-04 21:00:00,AWS_VOBL,Bengaluru / Kempegowda Intl,Bengaluru,Karnataka,13.1979,77.7063,915.0,20.0,1017.95,68.4,NOAA/NWS ASOS via IEM Archive (provided source file),0,NORMAL,,,,,,21,4,1,4,Winter,0,0.0,1.0200000000000955,0.0,AWS_VOMM,268.91547791167454,-5.0,5.080000000000041,-10.099999999999994,100.0,0,0.02
2025-01-04 21:30:00,AWS_VOBL,Bengaluru / Kempegowda Intl,Bengaluru,Karnataka,13.1979,77.7063,915.0,19.0,1017.95,72.7,NOAA/NWS ASOS via IEM Archive (provided source file),0,NORMAL,,,,,,21,4,1,4,Winter,0,-1.0,0.0,4.299999999999997,AWS_VOMM,268.91547791167454,-6.0,4.07000000000005,-5.799999999999997,100.0,0,0.02
2025-01-04 22:00:00,AWS_VOBL,Bengaluru / Kempegowda Intl,Bengaluru,Karnataka,13.1979,77.7063,915.0,19.0,1017.95,72.7,NOAA/NWS ASOS via IEM Archive (provided source file),0,NORMAL,,,,,,22,4,1,4,Winter,0,0.0,0.0,0.0,AWS_VOMM,268.91547791167454,-5.0,4.07000000000005,-10.599999999999994,100.0,0,0.02
2025-01-04 22:30:00,AWS_VOBL,Bengaluru / Kempegowda Intl,Bengaluru,Karnataka,13.1979,77.7063,915.0,18.0,1017.95,77.4,NOAA/NWS ASOS via IEM Archive (provided source file),0,NORMAL,,,,,,22,4,1,4,Winter,0,-1.0,0.0,4.700000000000003,AWS_VOMM,268.91547791167454,-6.0,4.07000000000005,-5.8999999999999915,100.0,0,0.02
2025-01-04 23:00:00,AWS_VOBL,Bengaluru / Kempegowda Intl,Bengaluru,Karnataka,13.1979,77.7063,915.0,18.0,1017.95,77.4,NOAA/NWS ASOS via IEM Archive (provided source file),0,NORMAL,,,,,,23,4,1,4,Winter,0,0.0,0.0,0.0,AWS_VOMM,268.91547791167454,-6.0,5.080000000000041,-5.8999999999999915,100.0,0,0.02
2025-01-04 23:30:00,AWS_VOBL,Bengaluru / Kempegowda Intl,Bengaluru,Karnataka,13.1979,77.7063,915.0,17.0,1017.95,82.5,NOAA/NWS ASOS via IEM Archive (provided source file),0,NORMAL,,,,,,23,4,1,4,Winter,0,-1.0,0.0,5.099999999999994,AWS_VOMM,268.91547791167454,-7.0,5.080000000000041,-0.7999999999999972,100.0,0,0.02
2025-01-05 00:00:00,AWS_VOBL,Bengaluru / Kempegowda Intl,Bengaluru,Karnataka,13.1979,77.7063,915.0,17.0,1017.95,82.5,NOAA/NWS ASOS via IEM Archive (provided source file),0,NORMAL,,,,,,0,5,1,5,Winter,0,0.0,0.0,0.0,AWS_VOMM,268.91547791167454,-7.0,5.080000000000041,-0.7999999999999972,100.0,0,0.02
2025-01-05 00:30:00,AWS_VOBL,Bengaluru / Kempegowda Intl,Bengaluru,Karnataka,13.1979,77.7063,915.0,17.0,1017.95,82.5,NOAA/NWS ASOS via IEM Archive (provided source file),0,NORMAL,,,,,,0,5,1,5,Winter,0,0.0,0.0,0.0,AWS_VOMM,268.91547791167454,-7.0,5.080000000000041,-0.7999999999999972,100.0,0,0.02
2025-01-05 01:00:00,AWS_VOBL,Bengaluru / Kempegowda Intl,Bengaluru,Karnataka,13.1979,77.7063,915.0,16.0,1016.93,87.9,NOAA/NWS ASOS via IEM Archive (provided source file),0,NORMAL,,,,,,1,5,1,5,Winter,0,-1.0,-1.0200000000000955,5.400000000000006,AWS_VOMM,268.91547791167454,-8.0,5.079999999999927,4.6000000000000085,100.0,0,0.02
2025-01-05 01:30:00,AWS_VOBL,Bengaluru / Kempegowda Intl,Bengaluru,Karnataka,13.1979,77.7063,915.0,16.0,1016.93,87.9,NOAA/NWS ASOS via IEM Archive (provided source file),0,NORMAL,,,,,,1,5,1,5,Winter,0,0.0,0.0,0.0,AWS_VOMM,268.91547791167454,-8.0,5.079999999999927,4.6000000000000085,100.0,0,0.02
2025-01-05 02:00:00,AWS_VOBL,Bengaluru / Kempegowda Intl,Bengaluru,Karnataka,13.1979,77.7063,915.0,15.0,1016.93,93.7,NOAA/NWS ASOS via IEM Archive (provided source file),0,NORMAL,,,,,,2,5,1,5,Winter,0,-1.0,0.0,5.799999999999997,AWS_VOMM,268.91547791167454,-9.0,5.079999999999927,10.400000000000006,100.0,0,0.02
2025-01-05 02:30:00,AWS_VOBL,Bengaluru / Kempegowda Intl,Bengaluru,Karnataka,13.1979,77.7063,915.0,15.0,1015.92,87.8,NOAA/NWS ASOS via IEM Archive (provided source file),0,NORMAL,,,,,,2,5,1,5,Winter,0,0.0,-1.009999999999991,-5.900000000000006,AWS_VOMM,268.91547791167454,-9.0,4.069999999999936,4.5,100.0,0,0.02
2025-01-05 03:00:00,AWS_VOBL,Bengaluru / Kempegowda Intl,Bengaluru,Karnataka,13.1979,77.7063,915.0,14.0,1015.92,93.7,NOAA/NWS ASOS via IEM Archive (provided source file),0,NORMAL,,,,,,3,5,1,5,Winter,0,-1.0,0.0,5.900000000000006,AWS_VOMM,268.91547791167454,-10.0,4.069999999999936,5.1000000000000085,100.0,0,0.02
2025-01-05 03:30:00,AWS_VOBL,Bengaluru / Kempegowda Intl,Bengaluru,Karnataka,13.1979,77.7063,915.0,14.0,1015.92,93.7,NOAA/NWS ASOS via IEM Archive (provided source file),0,NORMAL,,,,,,3,5,1,5,Winter,0,0.0,0.0,0.0,AWS_VOMM,268.91547791167454,-10.0,4.069999999999936,10.400000000000006,100.0,0,0.02
2025-01-05 04:00:00,AWS_VOBL,Bengaluru / Kempegowda Intl,Bengaluru,Karnataka,13.1979,77.7063,915.0,14.0,1015.92,93.7,NOAA/NWS ASOS via IEM Archive (provided source file),0,NORMAL,,,,,,4,5,1,5,Winter,0,0.0,0.0,0.0,AWS_VOMM,268.91547791167454,-10.0,4.069999999999936,10.400000000000006,100.0,0,0.02
2025-01-05 04:30:00,AWS_VOBL,Bengaluru / Kempegowda Intl,Bengaluru,Karnataka,13.1979,77.7063,915.0,14.0,1015.92,93.7,NOAA/NWS ASOS via IEM Archive (provided source file),0,NORMAL,,,,,,4,5,1,5,Winter,0,0.0,0.0,0.0,AWS_VOMM,268.91547791167454,-10.0,4.069999999999936,10.400000000000006,100.0,0,0.02
2025-01-01 00:00:00,AWS_VOMM,Chennai / Chennai Intl,Chennai,Tamil Nadu,12.9944,80.1805,16.0,26.0,1013.88,88.8,NOAA/NWS ASOS via IEM Archive (provided source file),0,NORMAL,,,,,,0,1,1,1,Winter,0,,,,AWS_VOBL,268.91547791167454,8.0,-6.100000000000023,0.7000000000000028,100.0,0,0.02
2025-01-01 00:30:00,AWS_VOMM,Chennai / Chennai Intl,Chennai,Tamil Nadu,12.9944,80.1805,16.0,26.0,1013.88,88.8,NOAA/NWS ASOS via IEM Archive (provided source file),0,NORMAL,,,,,,0,1,1,1,Winter,0,0.0,0.0,0.0,AWS_VOBL,268.91547791167454,8.0,-5.080000000000041,0.7000000000000028,100.0,0,0.02
2025-01-01 01:00:00,AWS_VOMM,Chennai / Chennai Intl,Chennai,Tamil Nadu,12.9944,80.1805,16.0,26.0,1013.88,88.8,NOAA/NWS ASOS via IEM Archive (provided source file),0,NORMAL,,,,,,1,1,1,1,Winter,0,0.0,0.0,0.0,AWS_VOBL,268.91547791167454,8.0,-5.080000000000041,0.7000000000000028,100.0,0,0.02
2025-01-01 01:30:00,AWS_VOMM,Chennai / Chennai Intl,Chennai,Tamil Nadu,12.9944,80.1805,16.0,25.0,1012.87,94.2,NOAA/NWS ASOS via IEM Archive (provided source file),0,NORMAL,,,,,,1,1,1,1,Winter,0,-1.0,-1.009999999999991,5.400000000000006,AWS_VOBL,268.91547791167454,7.0,-6.090000000000032,6.1000000000000085,100.0,0,0.02
2025-01-01 02:00:00,AWS_VOMM,Chennai / Chennai Intl,Chennai,Tamil Nadu,12.9944,80.1805,16.0,25.0,1012.87,88.7,NOAA/NWS ASOS via IEM Archive (provided source file),0,NORMAL,,,,,,2,1,1,1,Winter,0,0.0,0.0,-5.5,AWS_VOBL,268.91547791167454,8.0,-6.090000000000032,-5.099999999999994,100.0,0,0.02
2025-01-01 02:30:00,AWS_VOMM,Chennai / Chennai Intl,Chennai,Tamil Nadu,12.9944,80.1805,16.0,25.0,1012.87,88.7,NOAA/NWS ASOS via IEM Archive (provided source file),0,NORMAL,,,,,,2,1,1,1,Winter,0,0.0,0.0,0.0,AWS_VOBL,268.91547791167454,8.0,-5.080000000000041,-5.099999999999994,100.0,0,0.02
2025-01-01 03:00:00,AWS_VOMM,Chennai / Chennai Intl,Chennai,Tamil Nadu,12.9944,80.1805,16.0,25.0,1012.87,88.7,NOAA/NWS ASOS via IEM Archive (provided source file),0,NORMAL,,,,,,3,1,1,1,Winter,0,0.0,0.0,0.0,AWS_VOBL,268.91547791167454,8.0,-5.080000000000041,-5.099999999999994,100.0,0,0.02
2025-01-01 03:30:00,AWS_VOMM,Chennai / Chennai Intl,Chennai,Tamil Nadu,12.9944,80.1805,16.0,25.0,1011.85,88.7,NOAA/NWS ASOS via IEM Archive (provided source file),0,NORMAL,,,,,,3,1,1,1,Winter,0,0.0,-1.0199999999999818,0.0,AWS_VOBL,268.91547791167454,9.0,-5.079999999999927,-11.299999999999997,100.0,0,0.02
2025-01-01 04:00:00,AWS_VOMM,Chennai / Chennai Intl,Chennai,Tamil Nadu,12.9944,80.1805,16.0,25.0,1011.85,88.7,NOAA/NWS ASOS via IEM Archive (provided source file),0,NORMAL,,,,,,4,1,1,1,Winter,0,0.0,0.0,0.0,AWS_VOBL,268.91547791167454,9.0,-5.079999999999927,-5.099999999999994,100.0,0,0.02
2025-01-01 04:30:00,AWS_VOMM,Chennai / Chennai Intl,Chennai,Tamil Nadu,12.9944,80.1805,16.0,25.0,1011.85,88.7,NOAA/NWS ASOS via IEM Archive (provided source file),0,NORMAL,,,,,,4,1,1,1,Winter,0,0.0,0.0,0.0,AWS_VOBL,268.91547791167454,10.0,-5.079999999999927,-11.299999999999997,100.0,0,0.02
2025-01-01 05:00:00,AWS_VOMM,Chennai / Chennai Intl,Chennai,Tamil Nadu,12.9944,80.1805,16.0,24.0,1011.85,94.1,NOAA/NWS ASOS via IEM Archive (provided source file),0,NORMAL,,,,,,5,1,1,1,Winter,0,-1.0,0.0,5.3999999999999915,AWS_VOBL,268.91547791167454,8.0,-6.100000000000023,-5.900000000000006,100.0,0,0.02
2025-01-01 05:30:00,AWS_VOMM,Chennai / Chennai Intl,Chennai,Tamil Nadu,12.9944,80.1805,16.0,24.0,1011.85,94.1,NOAA/NWS ASOS via IEM Archive (provided source file),0,NORMAL,,,,,,5,1,1,1,Winter,0,0.0,0.0,0.0,AWS_VOBL,268.91547791167454,9.0,-6.100000000000023,-5.900000000000006,100.0,0,0.02
2025-01-01 06:00:00,AWS_VOMM,Chennai / Chennai Intl,Chennai,Tamil Nadu,12.9944,80.1805,16.0,24.0,1012.87,94.1,NOAA/NWS ASOS via IEM Archive (provided source file),0,NORMAL,,,,,,6,1,1,1,Winter,1,0.0,1.0199999999999818,0.0,AWS_VOBL,268.91547791167454,9.0,-5.080000000000041,-5.900000000000006,100.0,0,0.02
2025-01-01 06:30:00,AWS_VOMM,Chennai / Chennai Intl,Chennai,Tamil Nadu,12.9944,80.1805,16.0,24.0,1012.87,94.1,NOAA/NWS ASOS via IEM Archive (provided source file),0,NORMAL,,,,,,6,1,1,1,Winter,1,0.0,0.0,0.0,AWS_VOBL,268.91547791167454,9.0,-5.080000000000041,-5.900000000000006,100.0,0,0.02
2025-01-01 07:00:00,AWS_VOMM,Chennai / Chennai Intl,Chennai,Tamil Nadu,12.9944,80.1805,16.0,24.0,1012.87,94.1,NOAA/NWS ASOS via IEM Archive (provided source file),0,NORMAL,,,,,,7,1,1,1,Winter,1,0.0,0.0,0.0,AWS_VOBL,268.91547791167454,9.0,-5.080000000000041,-5.900000000000006,100.0,0,0.02
2025-01-01 07:30:00,AWS_VOMM,Chennai / Chennai Intl,Chennai,Tamil Nadu,12.9944,80.1805,16.0,24.0,1013.88,94.1,NOAA/NWS ASOS via IEM Archive (provided source file),0,NORMAL,,,,,,7,1,1,1,Winter,1,0.0,1.009999999999991,0.0,AWS_VOBL,268.91547791167454,9.0,-5.080000000000041,-5.900000000000006,100.0,0,0.02
2025-01-01 08:00:00,AWS_VOMM,Chennai / Chennai Intl,Chennai,Tamil Nadu,12.9944,80.1805,16.0,25.0,1013.88,88.7,NOAA/NWS ASOS via IEM Archive (provided source file),0,NORMAL,,,,,,8,1,1,1,Winter,1,1.0,0.0,-5.3999999999999915,AWS_VOBL,268.91547791167454,9.0,-5.080000000000041,-5.099999999999994,100.0,0,0.02
2025-01-01 08:30:00,AWS_VOMM,Chennai / Chennai Intl,Chennai,Tamil Nadu,12.9944,80.1805,16.0,25.0,1014.9,88.7,NOAA/NWS ASOS via IEM Archive (provided source file),0,NORMAL,,,,,,8,1,1,1,Winter,1,0.0,1.0199999999999818,0.0,AWS_VOBL,268.91547791167454,9.0,-5.080000000000041,-11.299999999999997,100.0,0,0.02
2025-01-01 09:00:00,AWS_VOMM,Chennai / Chennai Intl,Chennai,Tamil Nadu,12.9944,80.1805,16.0,26.0,1014.9,88.8,NOAA/NWS ASOS via IEM Archive (provided source file),0,NORMAL,,,,,,9,1,1,1,Winter,1,1.0,0.0,0.09999999999999432,AWS_VOBL,268.91547791167454,8.0,-5.080000000000041,0.7000000000000028,100.0,0,0.02
2025-01-01 09:30:00,AWS_VOMM,Chennai / Chennai Intl,Chennai,Tamil Nadu,12.9944,80.1805,16.0,27.0,1014.9,88.8,NOAA/NWS ASOS via IEM Archive (provided source file),0,NORMAL,,,,,,9,1,1,1,Winter,1,1.0,0.0,0.0,AWS_VOBL,268.91547791167454,7.0,-5.080000000000041,11.0,100.0,0,0.02
2025-01-01 10:00:00,AWS_VOMM,Chennai / Chennai Intl,Chennai,Tamil Nadu,12.9944,80.1805,16.0,28.0,1014.9,78.9,NOAA/NWS ASOS via IEM Archive (provided source file),0,NORMAL,,,,,,10,1,1,1,Winter,1,1.0,0.0,-9.899999999999991,AWS_VOBL,268.91547791167454,7.0,-5.080000000000041,10.300000000000011,100.0,0,0.02
2025-01-01 10:30:00,AWS_VOMM,Chennai / Chennai Intl,Chennai,Tamil Nadu,12.9944,80.1805,16.0,28.0,1014.9,78.9,NOAA/NWS ASOS via IEM Archive (provided source file),0,NORMAL,,,,,,10,1,1,1,Winter,1,0.0,0.0,0.0,AWS_VOBL,268.91547791167454,5.0,-5.080000000000041,18.200000000000003,100.0,0,0.02
2025-01-01 11:00:00,AWS_VOMM,Chennai / Chennai Intl,Chennai,Tamil Nadu,12.9944,80.1805,16.0,29.0,1014.9,74.4,NOAA/NWS ASOS via IEM Archive (provided source file),0,NORMAL,,,,,,11,1,1,1,Winter,1,1.0,0.0,-4.5,AWS_VOBL,268.91547791167454,6.0,-5.080000000000041,21.10000000000001,100.0,0,0.02
2025-01-01 11:30:00,AWS_VOMM,Chennai / Chennai Intl,Chennai,Tamil Nadu,12.9944,80.1805,16.0,29.0,1013.88,74.4,NOAA/NWS ASOS via IEM Archive (provided source file),0,NORMAL,,,,,,11,1,1,1,Winter,1,0.0,-1.0199999999999818,0.0,AWS_VOBL,268.91547791167454,5.0,-5.080000000000041,24.200000000000003,100.0,0,0.02
2025-01-01 12:00:00,AWS_VOMM,Chennai / Chennai Intl,Chennai,Tamil Nadu,12.9944,80.1805,16.0,29.0,1013.88,70.1,NOAA/NWS ASOS via IEM Archive (provided source file),0,NORMAL,,,,,,12,1,1,1,Winter,1,0.0,0.0,-4.300000000000011,AWS_VOBL,268.91547791167454,5.0,-5.080000000000041,19.89999999999999,100.0,0,0.02
2025-01-01 12:30:00,AWS_VOMM,Chennai / Chennai Intl,Chennai,Tamil Nadu,12.9944,80.1805,16.0,30.0,1012.87,66.2,NOAA/NWS ASOS via IEM Archive (provided source file),0,NORMAL,,,,,,12,1,1,1,Winter,1,1.0,-1.009999999999991,-3.8999999999999915,AWS_VOBL,268.91547791167454,6.0,-5.080000000000041,16.0,100.0,0,0.02
2025-01-01 13:00:00,AWS_VOMM,Chennai / Chennai Intl,Chennai,Tamil Nadu,12.9944,80.1805,16.0,30.0,1012.87,66.2,NOAA/NWS ASOS via IEM Archive (provided source file),0,NORMAL,,,,,,13,1,1,1,Winter,1,0.0,0.0,0.0,AWS_VOBL,268.91547791167454,5.0,-5.080000000000041,22.0,100.0,0,0.02
2025-01-01 13:30:00,AWS_VOMM,Chennai / Chennai Intl,Chennai,Tamil Nadu,12.9944,80.1805,16.0,30.0,1011.85,62.2,NOAA/NWS ASOS via IEM Archive (provided source file),0,NORMAL,,,,,,13,1,1,1,Winter,1,0.0,-1.0199999999999818,-4.0,AWS_VOBL,268.91547791167454,4.0,-5.079999999999927,20.5,100.0,0,0.02
2025-01-01 14:00:00,AWS_VOMM,Chennai / Chennai Intl,Chennai,Tamil Nadu,12.9944,80.1805,16.0,30.0,1011.85,62.2,NOAA/NWS ASOS via IEM Archive (provided source file),0,NORMAL,,,,,,14,1,1,1,Winter,1,0.0,0.0,0.0,AWS_VOBL,268.91547791167454,4.0,-4.069999999999936,23.200000000000003,100.0,0,0.02
2025-01-01 14:30:00,AWS_VOMM,Chennai / Chennai Intl,Chennai,Tamil Nadu,12.9944,80.1805,16.0,29.0,1010.84,70.1,NOAA/NWS ASOS via IEM Archive (provided source file),0,NORMAL,,,,,,14,1,1,1,Winter,1,-1.0,-1.009999999999991,7.8999999999999915,AWS_VOBL,268.91547791167454,3.0,-5.079999999999927,31.099999999999994,100.0,0,0.02
2025-01-01 15:00:00,AWS_VOMM,Chennai / Chennai Intl,Chennai,Tamil Nadu,12.9944,80.1805,16.0,30.0,1010.84,66.2,NOAA/NWS ASOS via IEM Archive (provided source file),0,NORMAL,,,,,,15,1,1,1,Winter,1,1.0,0.0,-3.8999999999999915,AWS_VOBL,268.91547791167454,4.0,-5.079999999999927,27.200000000000003,100.0,0,0.02
2025-01-01 15:30:00,AWS_VOMM,Chennai / Chennai Intl,Chennai,Tamil Nadu,12.9944,80.1805,16.0,29.0,1010.84,70.1,NOAA/NWS ASOS via IEM Archive (provided source file),0,NORMAL,,,,,,15,1,1,1,Winter,1,-1.0,0.0,3.8999999999999915,AWS_VOBL,268.91547791167454,3.0,-4.059999999999945,31.099999999999994,100.0,0,0.02
2025-01-01 16:00:00,AWS_VOMM,Chennai / Chennai Intl,Chennai,Tamil Nadu,12.9944,80.1805,16.0,28.0,1010.84,74.3,NOAA/NWS ASOS via IEM Archive (provided source file),0,NORMAL,,,,,,16,1,1,1,Winter,1,-1.0,0.0,4.200000000000003,AWS_VOBL,268.91547791167454,2.0,-4.059999999999945,32.599999999999994,100.0,0,0.02
2025-01-01 16:30:00,AWS_VOMM,Chennai / Chennai Intl,Chennai,Tamil Nadu,12.9944,80.1805,16.0,29.0,1010.84,70.1,NOAA/NWS ASOS via IEM Archive (provided source file),0,NORMAL,,,,,,16,1,1,1,Winter,1,1.0,0.0,-4.200000000000003,AWS_VOBL,268.91547791167454,4.0,-4.059999999999945,25.89999999999999,100.0,0,0.02
2025-01-01 17:00:00,AWS_VOMM,Chennai / Chennai Intl,Chennai,Tamil Nadu,12.9944,80.1805,16.0,28.0,1010.84,74.3,NOAA/NWS ASOS via IEM Archive (provided source file),0,NORMAL,,,,,,17,1,1,1,Winter,1,-1.0,0.0,4.200000000000003,AWS_VOBL,268.91547791167454,3.0,-4.059999999999945,30.099999999999994,100.0,0,0.02
2025-01-01 17:30:00,AWS_VOMM,Chennai / Chennai Intl,Chennai,Tamil Nadu,12.9944,80.1805,16.0,28.0,1010.84,74.3,NOAA/NWS ASOS via IEM Archive (provided source file),0,NORMAL,,,,,,17,1,1,1,Winter,1,0.0,0.0,0.0,AWS_VOBL,268.91547791167454,4.0,-5.079999999999927,24.099999999999994,100.0,0,0.02
2025-01-01 18:00:00,AWS_VOMM,Chennai / Chennai Intl,Chennai,Tamil Nadu,12.9944,80.1805,16.0,28.0,1010.84,74.3,NOAA/NWS ASOS via IEM Archive (provided source file),0,NORMAL,,,,,,18,1,1,1,Winter,0,0.0,0.0,0.0,AWS_VOBL,268.91547791167454,4.285714285714285,-5.079999999999927,21.0,100.0,0,0.02
2025-01-01 18:30:00,AWS_VOMM,Chennai / Chennai Intl,Chennai,Tamil Nadu,12.9944,80.1805,16.0,27.0,1011.85,78.8,NOAA/NWS ASOS via IEM Archive (provided source file),0,NORMAL,,,,,,18,1,1,1,Winter,0,-1.0,1.009999999999991,4.5,AWS_VOBL,268.91547791167454,3.571428571428573,-5.079999999999927,22.199999999999996,100.0,0,0.02
2025-01-01 19:00:00,AWS_VOMM,Chennai / Chennai Intl,Chennai,Tamil Nadu,12.9944,80.1805,16.0,27.0,1020.85,78.8,NOAA/NWS ASOS via IEM Archive (provided source file),1,OFFSET,offset,HIGH,pressure_hpa,controlled_fault_injection,Persistent pressure calibration offset.,19,1,1,1,Winter,0,0.0,9.0,0.0,AWS_VOBL,268.91547791167454,3.8571428571428577,3.9200000000000728,14.5,83.0,1,0.135
2025-01-01 19:30:00,AWS_VOMM,Chennai / Chennai Intl,Chennai,Tamil Nadu,12.9944,80.1805,16.0,27.0,1021.87,83.7,NOAA/NWS ASOS via IEM Archive (provided source file),1,OFFSET,offset,HIGH,pressure_hpa,controlled_fault_injection,Persistent pressure calibration offset.,19,1,1,1,Winter,0,0.0,1.0199999999999818,4.900000000000006,AWS_VOBL,268.91547791167454,3.1428571428571423,3.919999999999959,19.400000000000006,81.0,1,0.175
2025-01-01 20:00:00,AWS_VOMM,Chennai / Chennai Intl,Chennai,Tamil Nadu,12.9944,80.1805,16.0,26.0,1021.87,88.8,NOAA/NWS ASOS via IEM Archive (provided source file),1,OFFSET,offset,HIGH,pressure_hpa,controlled_fault_injection,Persistent pressure calibration offset.,20,1,1,1,Winter,0,-1.0,0.0,5.099999999999994,AWS_VOBL,268.91547791167454,2.428571428571427,3.919999999999959,20.39999999999999,79.0,1,0.215
2025-01-01 20:30:00,AWS_VOMM,Chennai / Chennai Intl,Chennai,Tamil Nadu,12.9944,80.1805,16.0,26.0,1021.87,83.6,NOAA/NWS ASOS via IEM Archive (provided source file),1,OFFSET,offset,HIGH,pressure_hpa,controlled_fault_injection,Persistent pressure calibration offset.,20,1,1,1,Winter,0,0.0,0.0,-5.200000000000003,AWS_VOBL,268.91547791167454,2.7142857142857153,2.909999999999968,10.899999999999991,77.0,1,0.255
2025-01-01 21:00:00,AWS_VOMM,Chennai / Chennai Intl,Chennai,Tamil Nadu,12.9944,80.1805,16.0,26.0,1022.88,88.8,NOAA/NWS ASOS via IEM Archive (provided source file),1,OFFSET,offset,HIGH,pressure_hpa,controlled_fault_injection,Persistent pressure calibration offset.,21,1,1,1,Winter,0,0.0,1.009999999999991,5.200000000000003,AWS_VOBL,268.91547791167454,2.0,3.919999999999959,11.200000000000003,75.0,1,0.295
2025-01-01 21:30:00,AWS_VOMM,Chennai / Chennai Intl,Chennai,Tamil Nadu,12.9944,80.1805,16.0,26.0,1022.88,88.8,NOAA/NWS ASOS via IEM Archive (provided source file),1,OFFSET,offset,HIGH,pressure_hpa,controlled_fault_injection,Persistent pressure calibration offset.,21,1,1,1,Winter,0,0.0,0.0,0.0,AWS_VOBL,268.91547791167454,7.0,3.919999999999959,11.200000000000003,73.0,1,0.335
2025-01-01 22:00:00,AWS_VOMM,Chennai / Chennai Intl,Chennai,Tamil Nadu,12.9944,80.1805,16.0,26.0,1022.88,88.8,NOAA/NWS ASOS via IEM Archive (provided source file),1,OFFSET,offset,HIGH,pressure_hpa,controlled_fault_injection,Persistent pressure calibration offset.,22,1,1,1,Winter,0,0.0,0.0,0.0,AWS_VOBL,268.91547791167454,7.0,3.919999999999959,11.200000000000003,71.0,1,0.375
2025-01-01 22:30:00,AWS_VOMM,Chennai / Chennai Intl,Chennai,Tamil Nadu,12.9944,80.1805,16.0,26.0,1022.88,83.6,NOAA/NWS ASOS via IEM Archive (provided source file),1,OFFSET,offset,HIGH,pressure_hpa,controlled_fault_injection,Persistent pressure calibration offset.,22,1,1,1,Winter,0,0.0,0.0,-5.200000000000003,AWS_VOBL,268.91547791167454,8.0,3.919999999999959,1.0,69.0,1,0.415
2025-01-01 23:00:00,AWS_VOMM,Chennai / Chennai Intl,Chennai,Tamil Nadu,12.9944,80.1805,16.0,26.0,1013.88,83.6,NOAA/NWS ASOS via IEM Archive (provided source file),0,NORMAL,,,,,,23,1,1,1,Winter,0,0.0,-9.0,0.0,AWS_VOBL,268.91547791167454,8.0,-5.080000000000041,1.0,86.0,0,0.3
2025-01-01 23:30:00,AWS_VOMM,Chennai / Chennai Intl,Chennai,Tamil Nadu,12.9944,80.1805,16.0,26.0,1012.87,83.6,NOAA/NWS ASOS via IEM Archive (provided source file),0,NORMAL,,,,,,23,1,1,1,Winter,0,0.0,-1.009999999999991,0.0,AWS_VOBL,268.91547791167454,9.0,-6.090000000000032,-4.400000000000006,88.0,0,0.26
2025-01-02 00:00:00,AWS_VOMM,Chennai / Chennai Intl,Chennai,Tamil Nadu,12.9944,80.1805,16.0,26.0,1012.87,83.6,NOAA/NWS ASOS via IEM Archive (provided source file),0,NORMAL,,,,,,0,2,1,2,Winter,0,0.0,0.0,0.0,AWS_VOBL,268.91547791167454,9.0,-5.080000000000041,-4.400000000000006,90.0,0,0.22
2025-01-02 00:30:00,AWS_VOMM,Chennai / Chennai Intl,Chennai,Tamil Nadu,12.9944,80.1805,16.0,25.0,1012.87,88.7,NOAA/NWS ASOS via IEM Archive (provided source file),0,NORMAL,,,,,,0,2,1,2,Winter,0,-1.0,0.0,5.1000000000000085,AWS_VOBL,268.91547791167454,8.0,-5.080000000000041,0.7000000000000028,92.0,0,0.18
2025-01-02 01:00:00,AWS_VOMM,Chennai / Chennai Intl,Chennai,Tamil Nadu,12.9944,80.1805,16.0,25.0,1011.85,88.7,NOAA/NWS ASOS via IEM Archive (provided source file),0,NORMAL,,,,,,1,2,1,2,Winter,0,0.0,-1.0199999999999818,0.0,AWS_VOBL,268.91547791167454,9.0,-6.100000000000023,-5.099999999999994,94.0,0,0.14
2025-01-02 01:30:00,AWS_VOMM,Chennai / Chennai Intl,Chennai,Tamil Nadu,12.9944,80.1805,16.0,25.0,1011.85,88.7,NOAA/NWS ASOS via IEM Archive (provided source file),0,NORMAL,,,,,,1,2,1,2,Winter,0,0.0,0.0,0.0,AWS_VOBL,268.91547791167454,9.0,-5.079999999999927,-5.099999999999994,96.0,0,0.1
2025-01-02 02:00:00,AWS_VOMM,Chennai / Chennai Intl,Chennai,Tamil Nadu,12.9944,80.1805,16.0,25.0,1011.85,88.7,NOAA/NWS ASOS via IEM Archive (provided source file),0,NORMAL,,,,,,2,2,1,2,Winter,0,0.0,0.0,0.0,AWS_VOBL,268.91547791167454,9.0,-5.079999999999927,-5.099999999999994,98.0,0,0.06
2025-01-02 02:30:00,AWS_VOMM,Chennai / Chennai Intl,Chennai,Tamil Nadu,12.9944,80.1805,16.0,25.0,1010.84,88.7,NOAA/NWS ASOS via IEM Archive (provided source file),0,NORMAL,,,,,,2,2,1,2,Winter,0,0.0,-1.009999999999991,0.0,AWS_VOBL,268.91547791167454,9.0,-6.089999999999918,-5.099999999999994,100.0,0,0.02
2025-01-02 03:00:00,AWS_VOMM,Chennai / Chennai Intl,Chennai,Tamil Nadu,12.9944,80.1805,16.0,25.0,1010.84,88.7,NOAA/NWS ASOS via IEM Archive (provided source file),0,NORMAL,,,,,,3,2,1,2,Winter,0,0.0,0.0,0.0,AWS_VOBL,268.91547791167454,10.0,-5.079999999999927,-5.0,100.0,0,0.02
2025-01-02 03:30:00,AWS_VOMM,Chennai / Chennai Intl,Chennai,Tamil Nadu,12.9944,80.1805,16.0,25.0,1010.84,88.7,NOAA/NWS ASOS via IEM Archive (provided source file),0,NORMAL,,,,,,3,2,1,2,Winter,0,0.0,0.0,0.0,AWS_VOBL,268.91547791167454,11.0,-5.079999999999927,-11.299999999999997,100.0,0,0.02
2025-01-02 04:00:00,AWS_VOMM,Chennai / Chennai Intl,Chennai,Tamil Nadu,12.9944,80.1805,16.0,25.0,1010.84,88.7,NOAA/NWS ASOS via IEM Archive (provided source file),0,NORMAL,,,,,,4,2,1,2,Winter,0,0.0,0.0,0.0,AWS_VOBL,268.91547791167454,11.0,-5.079999999999927,-11.299999999999997,100.0,0,0.02
2025-01-02 04:30:00,AWS_VOMM,Chennai / Chennai Intl,Chennai,Tamil Nadu,12.9944,80.1805,16.0,25.0,1010.84,88.7,NOAA/NWS ASOS via IEM Archive (provided source file),0,NORMAL,,,,,,4,2,1,2,Winter,0,0.0,0.0,0.0,AWS_VOBL,268.91547791167454,10.0,-5.079999999999927,-5.0,100.0,0,0.02
2025-01-02 05:00:00,AWS_VOMM,Chennai / Chennai Intl,Chennai,Tamil Nadu,12.9944,80.1805,16.0,25.0,1010.84,88.7,NOAA/NWS ASOS via IEM Archive (provided source file),0,NORMAL,,,,,,5,2,1,2,Winter,0,0.0,0.0,0.0,AWS_VOBL,268.91547791167454,10.0,-6.089999999999918,-5.0,100.0,0,0.02
2025-01-02 05:30:00,AWS_VOMM,Chennai / Chennai Intl,Chennai,Tamil Nadu,12.9944,80.1805,16.0,25.0,1011.85,88.7,NOAA/NWS ASOS via IEM Archive (provided source file),0,NORMAL,,,,,,5,2,1,2,Winter,0,0.0,1.009999999999991,0.0,AWS_VOBL,268.91547791167454,11.0,-5.079999999999927,-11.299999999999997,100.0,0,0.02
2025-01-02 06:00:00,AWS_VOMM,Chennai / Chennai Intl,Chennai,Tamil Nadu,12.9944,80.1805,16.0,24.0,1011.85,88.6,NOAA/NWS ASOS via IEM Archive (provided source file),0,NORMAL,,,,,,6,2,1,2,Winter,1,-1.0,0.0,-0.10000000000000853,AWS_VOBL,268.91547791167454,10.0,-5.079999999999927,-11.400000000000006,100.0,0,0.02
2025-01-02 06:30:00,AWS_VOMM,Chennai / Chennai Intl,Chennai,Tamil Nadu,12.9944,80.1805,16.0,24.0,1012.87,88.6,NOAA/NWS ASOS via IEM Archive (provided source file),0,NORMAL,,,,,,6,2,1,2,Winter,1,0.0,1.0199999999999818,0.0,AWS_VOBL,268.91547791167454,10.0,-4.059999999999945,-5.1000000000000085,100.0,0,0.02
2025-01-02 07:00:00,AWS_VOMM,Chennai / Chennai Intl,Chennai,Tamil Nadu,12.9944,80.1805,16.0,24.0,1012.87,88.6,NOAA/NWS ASOS via IEM Archive (provided source file),0,NORMAL,,,,,,7,2,1,2,Winter,1,0.0,0.0,0.0,AWS_VOBL,268.91547791167454,,,,100.0,0,0.02
2025-01-02 07:30:00,AWS_VOMM,Chennai / Chennai Intl,Chennai,Tamil Nadu,12.9944,80.1805,16.0,24.0,1013.88,94.1,NOAA/NWS ASOS via IEM Archive (provided source file),0,NORMAL,,,,,,7,2,1,2,Winter,1,0.0,1.009999999999991,5.5,AWS_VOBL,268.91547791167454,10.0,-4.07000000000005,-5.900000000000006,100.0,0,0.02
2025-01-02 08:00:00,AWS_VOMM,Chennai / Chennai Intl,Chennai,Tamil Nadu,12.9944,80.1805,16.0,25.0,1013.88,88.7,NOAA/NWS ASOS via IEM Archive (provided source file),0,NORMAL,,,,,,8,2,1,2,Winter,1,1.0,0.0,-5.3999999999999915,AWS_VOBL,268.91547791167454,11.0,-5.080000000000041,-11.299999999999997,100.0,0,0.02
2025-01-02 08:30:00,AWS_VOMM,Chennai / Chennai Intl,Chennai,Tamil Nadu,12.9944,80.1805,16.0,26.0,1014.9,88.8,NOAA/NWS ASOS via IEM Archive (provided source file),0,NORMAL,,,,,,8,2,1,2,Winter,1,1.0,1.0199999999999818,0.09999999999999432,AWS_VOBL,268.91547791167454,11.0,-4.060000000000059,-11.200000000000003,100.0,0,0.02
2025-01-02 09:00:00,AWS_VOMM,Chennai / Chennai Intl,Chennai,Tamil Nadu,12.9944,80.1805,16.0,26.0,1014.9,83.6,NOAA/NWS ASOS via IEM Archive (provided source file),0,NORMAL,,,,,,9,2,1,2,Winter,1,0.0,0.0,-5.200000000000003,AWS_VOBL,268.91547791167454,10.0,-4.060000000000059,-16.400000000000006,100.0,0,0.02
2025-01-02 09:30:00,AWS_VOMM,Chennai / Chennai Intl,Chennai,Tamil Nadu,12.9944,80.1805,16.0,27.0,1014.9,78.8,NOAA/NWS ASOS via IEM Archive (provided source file),0,NORMAL,,,,,,9,2,1,2,Winter,1,1.0,0.0,-4.799999999999997,AWS_VOBL,268.91547791167454,8.0,-4.060000000000059,1.2000000000000028,100.0,0,0.02
2025-01-02 10:00:00,AWS_VOMM,Chennai / Chennai Intl,Chennai,Tamil Nadu,12.9944,80.1805,16.0,28.0,1014.9,69.9,NOAA/NWS ASOS via IEM Archive (provided source file),0,NORMAL,,,,,,10,2,1,2,Winter,1,1.0,0.0,-8.899999999999991,AWS_VOBL,268.91547791167454,7.0,-5.080000000000041,5.6000000000000085,100.0,0,0.02
2025-01-02 10:30:00,AWS_VOMM,Chennai / Chennai Intl,Chennai,Tamil Nadu,12.9944,80.1805,16.0,29.0,1014.9,62.0,NOAA/NWS ASOS via IEM Archive (provided source file),0,NORMAL,,,,,,10,2,1,2,Winter,1,1.0,0.0,-7.900000000000006,AWS_VOBL,268.91547791167454,7.0,-5.080000000000041,5.399999999999999,100.0,0,0.02
2025-01-02 11:00:00,AWS_VOMM,Chennai / Chennai Intl,Chennai,Tamil Nadu,12.9944,80.1805,16.0,29.0,1014.9,58.3,NOAA/NWS ASOS via IEM Archive (provided source file),0,NORMAL,,,,,,11,2,1,2,Winter,1,0.0,0.0,-3.700000000000003,AWS_VOBL,268.91547791167454,6.0,-4.060000000000059,1.3999999999999986,100.0,0,0.02
2025-01-02 11:30:00,AWS_VOMM,Chennai / Chennai Intl,Chennai,Tamil Nadu,12.9944,80.1805,16.0,30.0,1013.88,55.0,NOAA/NWS ASOS via IEM Archive (provided source file),0,NORMAL,,,,,,11,2,1,2,Winter,1,1.0,-1.0199999999999818,-3.299999999999997,AWS_VOBL,268.91547791167454,7.0,-5.080000000000041,1.7000000000000028,100.0,0,0.02
2025-01-02 12:00:00,AWS_VOMM,Chennai / Chennai Intl,Chennai,Tamil Nadu,12.9944,80.1805,16.0,30.0,1013.88,55.0,NOAA/NWS ASOS via IEM Archive (provided source file),0,NORMAL,,,,,,12,2,1,2,Winter,1,0.0,0.0,0.0,AWS_VOBL,268.91547791167454,6.0,-5.080000000000041,4.799999999999997,100.0,0,0.02
2025-01-02 12:30:00,AWS_VOMM,Chennai / Chennai Intl,Chennai,Tamil Nadu,12.9944,80.1805,16.0,30.0,1013.88,55.0,NOAA/NWS ASOS via IEM Archive (provided source file),0,NORMAL,,,,,,12,2,1,2,Winter,1,0.0,0.0,0.0,AWS_VOBL,268.91547791167454,5.0,-4.07000000000005,7.799999999999997,100.0,0,0.02
2025-01-02 13:00:00,AWS_VOMM,Chennai / Chennai Intl,Chennai,Tamil Nadu,12.9944,80.1805,16.0,30.0,1012.87,55.0,NOAA/NWS ASOS via IEM Archive (provided source file),0,NORMAL,,,,,,13,2,1,2,Winter,1,0.0,-1.009999999999991,0.0,AWS_VOBL,268.91547791167454,4.0,-5.080000000000041,10.5,100.0,0,0.02
2025-01-02 13:30:00,AWS_VOMM,Chennai / Chennai Intl,Chennai,Tamil Nadu,12.9944,80.1805,16.0,29.0,1012.87,58.3,NOAA/NWS ASOS via IEM Archive (provided source file),0,NORMAL,,,,,,13,2,1,2,Winter,1,-1.0,0.0,3.299999999999997,AWS_VOBL,268.91547791167454,3.0,-4.059999999999945,16.599999999999994,100.0,0,0.02
2025-01-02 14:00:00,AWS_VOMM,Chennai / Chennai Intl,Chennai,Tamil Nadu,12.9944,80.1805,16.0,29.0,1011.85,58.3,NOAA/NWS ASOS via IEM Archive (provided source file),0,NORMAL,,,,,,14,2,1,2,Winter,1,0.0,-1.0199999999999818,0.0,AWS_VOBL,268.91547791167454,2.0,-4.069999999999936,16.299999999999997,100.0,0,0.02
2025-01-02 14:30:00,AWS_VOMM,Chennai / Chennai Intl,Chennai,Tamil Nadu,12.9944,80.1805,16.0,29.0,1011.85,58.3,NOAA/NWS ASOS via IEM Archive (provided source file),0,NORMAL,,,,,,14,2,1,2,Winter,1,0.0,0.0,0.0,AWS_VOBL,268.91547791167454,2.0,-4.069999999999936,19.0,100.0,0,0.02
2025-01-02 15:00:00,AWS_VOMM,Chennai / Chennai Intl,Chennai,Tamil Nadu,12.9944,80.1805,16.0,29.0,1010.84,58.3,NOAA/NWS ASOS via IEM Archive (provided source file),0,NORMAL,,,,,,15,2,1,2,Winter,1,0.0,-1.009999999999991,0.0,AWS_VOBL,268.91547791167454,2.0,-5.079999999999927,19.0,100.0,0,0.02
2025-01-02 15:30:00,AWS_VOMM,Chennai / Chennai Intl,Chennai,Tamil Nadu,12.9944,80.1805,16.0,29.0,1010.84,58.3,NOAA/NWS ASOS via IEM Archive (provided source file),0,NORMAL,,,,,,15,2,1,2,Winter,1,0.0,0.0,0.0,AWS_VOBL,268.91547791167454,2.0,-4.059999999999945,23.9,100.0,0,0.02
2025-01-02 16:00:00,AWS_VOMM,Chennai / Chennai Intl,Chennai,Tamil Nadu,12.9944,80.1805,16.0,29.0,1010.84,62.0,NOAA/NWS ASOS via IEM Archive (provided source file),0,NORMAL,,,,,,16,2,1,2,Winter,1,0.0,0.0,3.700000000000003,AWS_VOBL,268.91547791167454,3.0,-4.059999999999945,25.5,100.0,0,0.02
2025-01-02 16:30:00,AWS_VOMM,Chennai / Chennai Intl,Chennai,Tamil Nadu,12.9944,80.1805,16.0,28.0,1010.84,65.7,NOAA/NWS ASOS via IEM Archive (provided source file),0,NORMAL,,,,,,16,2,1,2,Winter,1,-1.0,0.0,3.700000000000003,AWS_VOBL,268.91547791167454,3.0,-5.079999999999927,27.0,100.0,0,0.02
2025-01-02 17:00:00,AWS_VOMM,Chennai / Chennai Intl,Chennai,Tamil Nadu,12.9944,80.1805,16.0,28.0,1010.84,61.8,NOAA/NWS ASOS via IEM Archive (provided source file),0,NORMAL,,,,,,17,2,1,2,Winter,1,0.0,0.0,-3.9000000000000057,AWS_VOBL,268.91547791167454,4.0,-5.079999999999927,17.799999999999997,100.0,0,0.02
2025-01-02 17:30:00,AWS_VOMM,Chennai / Chennai Intl,Chennai,Tamil Nadu,12.9944,80.1805,16.0,27.0,1011.85,69.7,NOAA/NWS ASOS via IEM Archive (provided source file),0,NORMAL,,,,,,17,2,1,2,Winter,1,-1.0,1.009999999999991,7.900000000000006,AWS_VOBL,268.91547791167454,3.0,-4.069999999999936,22.700000000000003,100.0,0,0.02
2025-01-02 18:00:00,AWS_VOMM,Chennai / Chennai Intl,Chennai,Tamil Nadu,12.9944,80.1805,16.0,27.0,1011.85,69.7,NOAA/NWS ASOS via IEM Archive (provided source file),0,NORMAL,,,,,,18,2,1,2,Winter,0,0.0,0.0,0.0,AWS_VOBL,268.91547791167454,5.0,-4.069999999999936,16.700000000000003,100.0,0,0.02
2025-01-02 18:30:00,AWS_VOMM,Chennai / Chennai Intl,Chennai,Tamil Nadu,12.9944,80.1805,16.0,27.0,1011.85,74.1,NOAA/NWS ASOS via IEM Archive (provided source file),0,NORMAL,,,,,,18,2,1,2,Winter,0,0.0,0.0,4.3999999999999915,AWS_VOBL,268.91547791167454,5.0,-5.079999999999927,17.499999999999993,100.0,0,0.02
2025-01-02 19:00:00,AWS_VOMM,Chennai / Chennai Intl,Chennai,Tamil Nadu,12.9944,80.1805,16.0,26.0,1012.87,78.6,NOAA/NWS ASOS via IEM Archive (provided source file),0,NORMAL,,,,,,19,2,1,2,Winter,0,-1.0,1.0199999999999818,4.5,AWS_VOBL,268.91547791167454,5.0,-4.059999999999945,14.299999999999997,100.0,0,0.02
2025-01-02 19:30:00,AWS_VOMM,Chennai / Chennai Intl,Chennai,Tamil Nadu,12.9944,80.1805,16.0,26.0,1012.87,78.6,NOAA/NWS ASOS via IEM Archive (provided source file),0,NORMAL,,,,,,19,2,1,2,Winter,0,0.0,0.0,0.0,AWS_VOBL,268.91547791167454,6.0,-5.080000000000041,14.599999999999994,100.0,0,0.02
2025-01-02 20:00:00,AWS_VOMM,Chennai / Chennai Intl,Chennai,Tamil Nadu,12.9944,80.1805,16.0,26.0,1013.88,78.6,NOAA/NWS ASOS via IEM Archive (provided source file),0,NORMAL,,,,,,20,2,1,2,Winter,0,0.0,1.009999999999991,0.0,AWS_VOBL,268.91547791167454,6.0,-4.07000000000005,14.599999999999994,100.0,0,0.02
2025-01-02 20:30:00,AWS_VOMM,Chennai / Chennai Intl,Chennai,Tamil Nadu,12.9944,80.1805,16.0,26.0,1013.88,78.6,NOAA/NWS ASOS via IEM Archive (provided source file),0,NORMAL,,,,,,20,2,1,2,Winter,0,0.0,0.0,0.0,AWS_VOBL,268.91547791167454,7.0,-4.07000000000005,10.399999999999991,100.0,0,0.02
2025-01-02 21:00:00,AWS_VOMM,Chennai / Chennai Intl,Chennai,Tamil Nadu,12.9944,80.1805,16.0,26.0,1013.88,78.6,NOAA/NWS ASOS via IEM Archive (provided source file),0,NORMAL,,,,,,21,2,1,2,Winter,0,0.0,0.0,0.0,AWS_VOBL,268.91547791167454,7.0,-5.080000000000041,5.8999999999999915,100.0,0,0.02
2025-01-02 21:30:00,AWS_VOMM,Chennai / Chennai Intl,Chennai,Tamil Nadu,12.9944,80.1805,16.0,26.0,1014.9,78.6,NOAA/NWS ASOS via IEM Archive (provided source file),0,NORMAL,,,,,,21,2,1,2,Winter,0,0.0,1.0199999999999818,0.0,AWS_VOBL,268.91547791167454,8.0,-4.060000000000059,1.1999999999999886,100.0,0,0.02
2025-01-02 22:00:00,AWS_VOMM,Chennai / Chennai Intl,Chennai,Tamil Nadu,12.9944,80.1805,16.0,26.0,1014.9,78.6,NOAA/NWS ASOS via IEM Archive (provided source file),0,NORMAL,,,,,,22,2,1,2,Winter,0,0.0,0.0,0.0,AWS_VOBL,268.91547791167454,8.0,-4.060000000000059,1.1999999999999886,100.0,0,0.02
2025-01-02 22:30:00,AWS_VOMM,Chennai / Chennai Intl,Chennai,Tamil Nadu,12.9944,80.1805,16.0,26.0,1013.88,78.6,NOAA/NWS ASOS via IEM Archive (provided source file),0,NORMAL,,,,,,22,2,1,2,Winter,0,0.0,-1.0199999999999818,0.0,AWS_VOBL,268.91547791167454,8.0,-5.080000000000041,1.1999999999999886,100.0,0,0.02
2025-01-02 23:00:00,AWS_VOMM,Chennai / Chennai Intl,Chennai,Tamil Nadu,12.9944,80.1805,16.0,26.0,1013.88,78.6,NOAA/NWS ASOS via IEM Archive (provided source file),0,NORMAL,,,,,,23,2,1,2,Winter,0,0.0,0.0,0.0,AWS_VOBL,268.91547791167454,8.0,-5.080000000000041,1.1999999999999886,100.0,0,0.02
2025-01-02 23:30:00,AWS_VOMM,Chennai / Chennai Intl,Chennai,Tamil Nadu,12.9944,80.1805,16.0,26.0,1013.88,78.6,NOAA/NWS ASOS via IEM Archive (provided source file),0,NORMAL,,,,,,23,2,1,2,Winter,0,0.0,0.0,0.0,AWS_VOBL,268.91547791167454,8.0,-5.080000000000041,1.1999999999999886,100.0,0,0.02
2025-01-03 00:00:00,AWS_VOMM,Chennai / Chennai Intl,Chennai,Tamil Nadu,12.9944,80.1805,16.0,26.0,1013.88,83.6,NOAA/NWS ASOS via IEM Archive (provided source file),0,NORMAL,,,,,,0,3,1,3,Winter,0,0.0,0.0,5.0,AWS_VOBL,268.91547791167454,8.0,-5.080000000000041,6.199999999999989,100.0,0,0.02
2025-01-03 00:30:00,AWS_VOMM,Chennai / Chennai Intl,Chennai,Tamil Nadu,12.9944,80.1805,16.0,26.0,1013.88,83.6,NOAA/NWS ASOS via IEM Archive (provided source file),0,NORMAL,,,,,,0,3,1,3,Winter,0,0.0,0.0,0.0,AWS_VOBL,268.91547791167454,8.0,-5.080000000000041,6.199999999999989,100.0,0,0.02
2025-01-03 01:00:00,AWS_VOMM,Chennai / Chennai Intl,Chennai,Tamil Nadu,12.9944,80.1805,16.0,25.0,1012.87,83.4,NOAA/NWS ASOS via IEM Archive (provided source file),0,NORMAL,,,,,,1,3,1,3,Winter,0,-1.0,-1.009999999999991,-0.19999999999998863,AWS_VOBL,268.91547791167454,8.0,-5.080000000000041,-4.599999999999994,100.0,0,0.02
2025-01-03 01:30:00,AWS_VOMM,Chennai / Chennai Intl,Chennai,Tamil Nadu,12.9944,80.1805,16.0,25.0,1012.87,83.4,NOAA/NWS ASOS via IEM Archive (provided source file),0,NORMAL,,,,,,1,3,1,3,Winter,0,0.0,0.0,0.0,AWS_VOBL,268.91547791167454,8.0,-5.080000000000041,-4.599999999999994,100.0,0,0.02
2025-01-03 02:00:00,AWS_VOMM,Chennai / Chennai Intl,Chennai,Tamil Nadu,12.9944,80.1805,16.0,40.0,992.87,100.0,NOAA/NWS ASOS via IEM Archive (provided source file),1,MULTI_SENSOR_FAILURE,three_parameter_failure,CRITICAL,temperature_pressure_humidity,controlled_fault_injection,"Simultaneous corruption of temperature, pressure and humidity.",2,3,1,3,Winter,0,15.0,-20.0,16.599999999999994,AWS_VOBL,268.91547791167454,23.0,-25.08000000000004,12.0,68.0,1,0.21
2025-01-03 02:30:00,AWS_VOMM,Chennai / Chennai Intl,Chennai,Tamil Nadu,12.9944,80.1805,16.0,40.0,991.85,100.0,NOAA/NWS ASOS via IEM Archive (provided source file),1,MULTI_SENSOR_FAILURE,three_parameter_failure,CRITICAL,temperature_pressure_humidity,controlled_fault_injection,"Simultaneous corruption of temperature, pressure and humidity.",2,3,1,3,Winter,0,0.0,-1.0199999999999818,0.0,AWS_VOBL,268.91547791167454,23.0,-26.100000000000023,6.200000000000003,66.0,1,0.25
2025-01-03 03:00:00,AWS_VOMM,Chennai / Chennai Intl,Chennai,Tamil Nadu,12.9944,80.1805,16.0,40.0,991.85,100.0,NOAA/NWS ASOS via IEM Archive (provided source file),1,MULTI_SENSOR_FAILURE,three_parameter_failure,CRITICAL,temperature_pressure_humidity,controlled_fault_injection,"Simultaneous corruption of temperature, pressure and humidity.",3,3,1,3,Winter,0,0.0,0.0,0.0,AWS_VOBL,268.91547791167454,23.0,-25.079999999999927,6.200000000000003,64.0,1,0.29
2025-01-03 03:30:00,AWS_VOMM,Chennai / Chennai Intl,Chennai,Tamil Nadu,12.9944,80.1805,16.0,39.0,991.85,100.0,NOAA/NWS ASOS via IEM Archive (provided source file),1,MULTI_SENSOR_FAILURE,three_parameter_failure,CRITICAL,temperature_pressure_humidity,controlled_fault_injection,"Simultaneous corruption of temperature, pressure and humidity.",3,3,1,3,Winter,0,-1.0,0.0,0.0,AWS_VOBL,268.91547791167454,22.0,-25.079999999999927,6.200000000000003,62.0,1,0.33
2025-01-03 04:00:00,AWS_VOMM,Chennai / Chennai Intl,Chennai,Tamil Nadu,12.9944,80.1805,16.0,24.0,1011.85,88.6,NOAA/NWS ASOS via IEM Archive (provided source file),0,NORMAL,,,,,,4,3,1,3,Winter,0,-15.0,20.0,-11.400000000000006,AWS_VOBL,268.91547791167454,7.0,-5.079999999999927,-5.200000000000003,92.0,0,0.18
2025-01-03 04:30:00,AWS_VOMM,Chennai / Chennai Intl,Chennai,Tamil Nadu,12.9944,80.1805,16.0,24.0,1011.85,88.6,NOAA/NWS ASOS via IEM Archive (provided source file),0,NORMAL,,,,,,4,3,1,3,Winter,0,0.0,0.0,0.0,AWS_VOBL,268.91547791167454,8.0,-5.079999999999927,-5.200000000000003,92.0,0,0.18
2025-01-03 05:00:00,AWS_VOMM,Chennai / Chennai Intl,Chennai,Tamil Nadu,12.9944,80.1805,16.0,24.0,1012.87,83.3,NOAA/NWS ASOS via IEM Archive (provided source file),0,NORMAL,,,,,,5,3,1,3,Winter,0,0.0,1.0199999999999818,-5.299999999999997,AWS_VOBL,268.91547791167454,8.0,-5.080000000000041,-10.5,92.0,0,0.18
2025-01-03 05:30:00,AWS_VOMM,Chennai / Chennai Intl,Chennai,Tamil Nadu,12.9944,80.1805,16.0,24.0,1012.87,83.3,NOAA/NWS ASOS via IEM Archive (provided source file),0,NORMAL,,,,,,5,3,1,3,Winter,0,0.0,0.0,0.0,AWS_VOBL,268.91547791167454,8.0,-5.080000000000041,-10.5,92.0,0,0.18
2025-01-03 06:00:00,AWS_VOMM,Chennai / Chennai Intl,Chennai,Tamil Nadu,12.9944,80.1805,16.0,24.0,1012.87,83.3,NOAA/NWS ASOS via IEM Archive (provided source file),0,NORMAL,,,,,,6,3,1,3,Winter,1,0.0,0.0,0.0,AWS_VOBL,268.91547791167454,9.0,-5.080000000000041,-16.700000000000003,94.0,0,0.14
2025-01-03 06:30:00,AWS_VOMM,Chennai / Chennai Intl,Chennai,Tamil Nadu,12.9944,80.1805,16.0,24.0,1013.88,83.3,NOAA/NWS ASOS via IEM Archive (provided source file),0,NORMAL,,,,,,6,3,1,3,Winter,1,0.0,1.009999999999991,0.0,AWS_VOBL,268.91547791167454,9.0,-4.07000000000005,-16.700000000000003,96.0,0,0.1
2025-01-03 07:00:00,AWS_VOMM,Chennai / Chennai Intl,Chennai,Tamil Nadu,12.9944,80.1805,16.0,24.0,1013.88,83.3,NOAA/NWS ASOS via IEM Archive (provided source file),0,NORMAL,,,,,,7,3,1,3,Winter,1,0.0,0.0,0.0,AWS_VOBL,268.91547791167454,9.0,-4.07000000000005,-10.400000000000006,98.0,0,0.06
2025-01-03 07:30:00,AWS_VOMM,Chennai / Chennai Intl,Chennai,Tamil Nadu,12.9944,80.1805,16.0,24.0,1013.88,83.3,NOAA/NWS ASOS via IEM Archive (provided source file),0,NORMAL,,,,,,7,3,1,3,Winter,1,0.0,0.0,0.0,AWS_VOBL,268.91547791167454,9.0,-5.080000000000041,-10.400000000000006,100.0,0,0.02
2025-01-03 08:00:00,AWS_VOMM,Chennai / Chennai Intl,Chennai,Tamil Nadu,12.9944,80.1805,16.0,24.0,1014.9,88.6,NOAA/NWS ASOS via IEM Archive (provided source file),0,NORMAL,,,,,,8,3,1,3,Winter,1,0.0,1.0199999999999818,5.299999999999997,AWS_VOBL,268.91547791167454,9.0,-4.060000000000059,-11.400000000000006,100.0,0,0.02
2025-01-03 08:30:00,AWS_VOMM,Chennai / Chennai Intl,Chennai,Tamil Nadu,12.9944,80.1805,16.0,25.0,1014.9,83.4,NOAA/NWS ASOS via IEM Archive (provided source file),0,NORMAL,,,,,,8,3,1,3,Winter,1,1.0,0.0,-5.199999999999989,AWS_VOBL,268.91547791167454,8.0,-5.080000000000041,-4.599999999999994,100.0,0,0.02
2025-01-03 09:00:00,AWS_VOMM,Chennai / Chennai Intl,Chennai,Tamil Nadu,12.9944,80.1805,16.0,26.0,1014.9,78.6,NOAA/NWS ASOS via IEM Archive (provided source file),0,NORMAL,,,,,,9,3,1,3,Winter,1,1.0,0.0,-4.800000000000011,AWS_VOBL,268.91547791167454,8.0,-5.080000000000041,1.1999999999999886,100.0,0,0.02
2025-01-03 09:30:00,AWS_VOMM,Chennai / Chennai Intl,Chennai,Tamil Nadu,12.9944,80.1805,16.0,26.0,1015.92,78.6,NOAA/NWS ASOS via IEM Archive (provided source file),0,NORMAL,,,,,,9,3,1,3,Winter,1,0.0,1.0199999999999818,0.0,AWS_VOBL,268.91547791167454,6.0,-4.060000000000059,14.599999999999994,100.0,0,0.02
2025-01-03 10:00:00,AWS_VOMM,Chennai / Chennai Intl,Chennai,Tamil Nadu,12.9944,80.1805,16.0,27.0,1015.92,74.1,NOAA/NWS ASOS via IEM Archive (provided source file),0,NORMAL,,,,,,10,3,1,3,Winter,1,1.0,0.0,-4.5,AWS_VOBL,268.91547791167454,6.0,-4.060000000000059,9.799999999999997,100.0,0,0.02
2025-01-03 10:30:00,AWS_VOMM,Chennai / Chennai Intl,Chennai,Tamil Nadu,12.9944,80.1805,16.0,27.0,1014.9,74.1,NOAA/NWS ASOS via IEM Archive (provided source file),0,NORMAL,,,,,,10,3,1,3,Winter,1,0.0,-1.0199999999999818,0.0,AWS_VOBL,268.91547791167454,5.0,-5.080000000000041,17.499999999999993,100.0,0,0.02
2025-01-03 11:00:00,AWS_VOMM,Chennai / Chennai Intl,Chennai,Tamil Nadu,12.9944,80.1805,16.0,27.0,1014.9,74.1,NOAA/NWS ASOS via IEM Archive (provided source file),0,NORMAL,,,,,,11,3,1,3,Winter,1,0.0,0.0,0.0,AWS_VOBL,268.91547791167454,5.0,-5.080000000000041,21.099999999999994,100.0,0,0.02
2025-01-03 11:30:00,AWS_VOMM,Chennai / Chennai Intl,Chennai,Tamil Nadu,12.9944,80.1805,16.0,27.0,1014.9,74.1,NOAA/NWS ASOS via IEM Archive (provided source file),0,NORMAL,,,,,,11,3,1,3,Winter,1,0.0,0.0,0.0,AWS_VOBL,268.91547791167454,4.0,-5.080000000000041,24.199999999999996,100.0,0,0.02
2025-01-03 12:00:00,AWS_VOMM,Chennai / Chennai Intl,Chennai,Tamil Nadu,12.9944,80.1805,16.0,28.0,1014.9,69.9,NOAA/NWS ASOS via IEM Archive (provided source file),0,NORMAL,,,,,,12,3,1,3,Winter,1,1.0,0.0,-4.199999999999989,AWS_VOBL,268.91547791167454,4.0,-4.060000000000059,25.900000000000006,100.0,0,0.02
2025-01-03 12:30:00,AWS_VOMM,Chennai / Chennai Intl,Chennai,Tamil Nadu,12.9944,80.1805,16.0,29.0,1013.88,66.0,NOAA/NWS ASOS via IEM Archive (provided source file),0,NORMAL,,,,,,12,3,1,3,Winter,1,1.0,-1.0199999999999818,-3.9000000000000057,AWS_VOBL,268.91547791167454,5.0,-4.07000000000005,22.0,100.0,0,0.02
2025-01-03 13:00:00,AWS_VOMM,Chennai / Chennai Intl,Chennai,Tamil Nadu,12.9944,80.1805,16.0,29.0,1012.87,66.0,NOAA/NWS ASOS via IEM Archive (provided source file),0,NORMAL,,,,,,13,3,1,3,Winter,1,0.0,-1.009999999999991,0.0,AWS_VOBL,268.91547791167454,4.0,-5.080000000000041,24.6,100.0,0,0.02
2025-01-03 13:30:00,AWS_VOMM,Chennai / Chennai Intl,Chennai,Tamil Nadu,12.9944,80.1805,16.0,29.0,1012.87,66.0,NOAA/NWS ASOS via IEM Archive (provided source file),0,NORMAL,,,,,,13,3,1,3,Winter,1,0.0,0.0,0.0,AWS_VOBL,268.91547791167454,3.0,-4.059999999999945,29.5,100.0,0,0.02
2025-01-03 14:00:00,AWS_VOMM,Chennai / Chennai Intl,Chennai,Tamil Nadu,12.9944,80.1805,16.0,29.0,1011.85,62.0,NOAA/NWS ASOS via IEM Archive (provided source file),0,NORMAL,,,,,,14,3,1,3,Winter,1,0.0,-1.0199999999999818,-4.0,AWS_VOBL,268.91547791167454,3.0,-4.069999999999936,30.1,100.0,0,0.02
2025-01-03 14:30:00,AWS_VOMM,Chennai / Chennai Intl,Chennai,Tamil Nadu,12.9944,80.1805,16.0,29.0,1011.85,62.0,NOAA/NWS ASOS via IEM Archive (provided source file),0,NORMAL,,,,,,14,3,1,3,Winter,1,0.0,0.0,0.0,AWS_VOBL,268.91547791167454,3.0,-4.069999999999936,30.1,100.0,0,0.02
2025-01-03 15:00:00,AWS_VOMM,Chennai / Chennai Intl,Chennai,Tamil Nadu,12.9944,80.1805,16.0,28.0,1011.85,65.7,NOAA/NWS ASOS via IEM Archive (provided source file),0,NORMAL,,,,,,15,3,1,3,Winter,1,-1.0,0.0,3.700000000000003,AWS_VOBL,268.91547791167454,1.0,-4.069999999999936,35.6,100.0,0,0.02
2025-01-03 15:30:00,AWS_VOMM,Chennai / Chennai Intl,Chennai,Tamil Nadu,12.9944,80.1805,16.0,29.0,1011.85,54.8,NOAA/NWS ASOS via IEM Archive (provided source file),0,NORMAL,,,,,,15,3,1,3,Winter,1,1.0,0.0,-10.900000000000006,AWS_VOBL,268.91547791167454,2.0,-3.0499999999999545,20.4,100.0,0,0.02
2025-01-03 16:00:00,AWS_VOMM,Chennai / Chennai Intl,Chennai,Tamil Nadu,12.9944,80.1805,16.0,28.0,1011.85,61.8,NOAA/NWS ASOS via IEM Archive (provided source file),0,NORMAL,,,,,,16,3,1,3,Winter,1,-1.0,0.0,7.0,AWS_VOBL,268.91547791167454,1.0,-3.0499999999999545,27.4,100.0,0,0.02
2025-01-03 16:30:00,AWS_VOMM,Chennai / Chennai Intl,Chennai,Tamil Nadu,12.9944,80.1805,16.0,28.0,1011.85,61.8,NOAA/NWS ASOS via IEM Archive (provided source file),0,NORMAL,,,,,,16,3,1,3,Winter,1,0.0,0.0,0.0,AWS_VOBL,268.91547791167454,2.0,-3.0499999999999545,27.699999999999996,100.0,0,0.02
2025-01-03 17:00:00,AWS_VOMM,Chennai / Chennai Intl,Chennai,Tamil Nadu,12.9944,80.1805,16.0,27.0,1011.85,65.5,NOAA/NWS ASOS via IEM Archive (provided source file),0,NORMAL,,,,,,17,3,1,3,Winter,1,-1.0,0.0,3.700000000000003,AWS_VOBL,268.91547791167454,2.0,-4.069999999999936,29.299999999999997,100.0,0,0.02
2025-01-03 17:30:00,AWS_VOMM,Chennai / Chennai Intl,Chennai,Tamil Nadu,12.9944,80.1805,16.0,27.0,1011.85,65.5,NOAA/NWS ASOS via IEM Archive (provided source file),0,NORMAL,,,,,,17,3,1,3,Winter,1,0.0,0.0,0.0,AWS_VOBL,268.91547791167454,3.0,-4.069999999999936,21.5,100.0,0,0.02
2025-01-03 18:00:00,AWS_VOMM,Chennai / Chennai Intl,Chennai,Tamil Nadu,12.9944,80.1805,16.0,26.0,1011.85,74.0,NOAA/NWS ASOS via IEM Archive (provided source file),0,NORMAL,,,,,,18,3,1,3,Winter,0,-1.0,0.0,8.5,AWS_VOBL,268.91547791167454,3.0,-4.069999999999936,24.1,100.0,0,0.02
2025-01-03 18:30:00,AWS_VOMM,Chennai / Chennai Intl,Chennai,Tamil Nadu,12.9944,80.1805,16.0,26.0,1011.85,74.0,NOAA/NWS ASOS via IEM Archive (provided source file),0,NORMAL,,,,,,18,3,1,3,Winter,0,0.0,0.0,0.0,AWS_VOBL,268.91547791167454,4.0,-4.069999999999936,24.4,100.0,0,0.02
2025-01-03 19:00:00,AWS_VOMM,Chennai / Chennai Intl,Chennai,Tamil Nadu,12.9944,80.1805,16.0,26.0,1011.85,74.0,NOAA/NWS ASOS via IEM Archive (provided source file),0,NORMAL,,,,,,19,3,1,3,Winter,0,0.0,0.0,0.0,AWS_VOBL,268.91547791167454,5.0,-5.079999999999927,17.6,100.0,0,0.02
2025-01-03 19:30:00,AWS_VOMM,Chennai / Chennai Intl,Chennai,Tamil Nadu,12.9944,80.1805,16.0,26.0,1012.87,74.0,NOAA/NWS ASOS via IEM Archive (provided source file),0,NORMAL,,,,,,19,3,1,3,Winter,0,0.0,1.0199999999999818,0.0,AWS_VOBL,268.91547791167454,6.0,-4.059999999999945,14.0,100.0,0,0.02
2025-01-03 20:00:00,AWS_VOMM,Chennai / Chennai Intl,Chennai,Tamil Nadu,12.9944,80.1805,16.0,26.0,1012.87,74.0,NOAA/NWS ASOS via IEM Archive (provided source file),0,NORMAL,,,,,,20,3,1,3,Winter,0,0.0,0.0,0.0,AWS_VOBL,268.91547791167454,7.0,-4.059999999999945,5.799999999999997,100.0,0,0.02
2025-01-03 20:30:00,AWS_VOMM,Chennai / Chennai Intl,Chennai,Tamil Nadu,12.9944,80.1805,16.0,25.0,1012.87,78.5,NOAA/NWS ASOS via IEM Archive (provided source file),0,NORMAL,,,,,,20,3,1,3,Winter,0,-1.0,0.0,4.5,AWS_VOBL,268.91547791167454,6.0,-5.080000000000041,10.299999999999997,100.0,0,0.02
2025-01-03 21:00:00,AWS_VOMM,Chennai / Chennai Intl,Chennai,Tamil Nadu,12.9944,80.1805,16.0,25.0,1012.87,78.5,NOAA/NWS ASOS via IEM Archive (provided source file),0,NORMAL,,,,,,21,3,1,3,Winter,0,0.0,0.0,0.0,AWS_VOBL,268.91547791167454,7.0,-5.080000000000041,5.900000000000006,100.0,0,0.02
2025-01-03 21:30:00,AWS_VOMM,Chennai / Chennai Intl,Chennai,Tamil Nadu,12.9944,80.1805,16.0,25.0,1012.87,78.5,NOAA/NWS ASOS via IEM Archive (provided source file),0,NORMAL,,,,,,21,3,1,3,Winter,0,0.0,0.0,0.0,AWS_VOBL,268.91547791167454,7.0,-5.080000000000041,5.900000000000006,100.0,0,0.02
2025-01-03 22:00:00,AWS_VOMM,Chennai / Chennai Intl,Chennai,Tamil Nadu,12.9944,80.1805,16.0,25.0,1012.87,78.5,NOAA/NWS ASOS via IEM Archive (provided source file),0,NORMAL,,,,,,22,3,1,3,Winter,0,0.0,0.0,0.0,AWS_VOBL,268.91547791167454,8.0,-5.080000000000041,1.2000000000000028,100.0,0,0.02
2025-01-03 22:30:00,AWS_VOMM,Chennai / Chennai Intl,Chennai,Tamil Nadu,12.9944,80.1805,16.0,24.0,1012.87,83.3,NOAA/NWS ASOS via IEM Archive (provided source file),0,NORMAL,,,,,,22,3,1,3,Winter,0,-1.0,0.0,4.799999999999997,AWS_VOBL,268.91547791167454,7.0,-5.080000000000041,6.0,100.0,0,0.02
2025-01-03 23:00:00,AWS_VOMM,Chennai / Chennai Intl,Chennai,Tamil Nadu,12.9944,80.1805,16.0,24.0,1012.87,83.3,NOAA/NWS ASOS via IEM Archive (provided source file),0,NORMAL,,,,,,23,3,1,3,Winter,0,0.0,0.0,0.0,AWS_VOBL,268.91547791167454,8.0,-5.080000000000041,0.8999999999999915,100.0,0,0.02
2025-01-03 23:30:00,AWS_VOMM,Chennai / Chennai Intl,Chennai,Tamil Nadu,12.9944,80.1805,16.0,24.0,1012.87,78.3,NOAA/NWS ASOS via IEM Archive (provided source file),0,NORMAL,,,,,,23,3,1,3,Winter,0,0.0,0.0,-5.0,AWS_VOBL,268.91547791167454,8.0,-5.080000000000041,-4.1000000000000085,100.0,0,0.02
2025-01-04 00:00:00,AWS_VOMM,Chennai / Chennai Intl,Chennai,Tamil Nadu,12.9944,80.1805,16.0,24.0,1012.87,78.3,NOAA/NWS ASOS via IEM Archive (provided source file),0,NORMAL,,,,,,0,4,1,4,Winter,0,0.0,0.0,0.0,AWS_VOBL,268.91547791167454,8.0,-4.059999999999945,-4.1000000000000085,100.0,0,0.02
2025-01-04 00:30:00,AWS_VOMM,Chennai / Chennai Intl,Chennai,Tamil Nadu,12.9944,80.1805,16.0,24.0,1012.87,78.3,NOAA/NWS ASOS via IEM Archive (provided source file),0,NORMAL,,,,,,0,4,1,4,Winter,0,0.0,0.0,0.0,AWS_VOBL,268.91547791167454,9.0,-4.059999999999945,-9.5,100.0,0,0.02
2025-01-04 01:00:00,AWS_VOMM,Chennai / Chennai Intl,Chennai,Tamil Nadu,12.9944,80.1805,16.0,24.0,1011.85,83.3,NOAA/NWS ASOS via IEM Archive (provided source file),0,NORMAL,,,,,,1,4,1,4,Winter,0,0.0,-1.0199999999999818,5.0,AWS_VOBL,268.91547791167454,9.0,-5.079999999999927,-4.5,100.0,0,0.02
2025-01-04 01:30:00,AWS_VOMM,Chennai / Chennai Intl,Chennai,Tamil Nadu,12.9944,80.1805,16.0,23.0,1011.85,83.2,NOAA/NWS ASOS via IEM Archive (provided source file),0,NORMAL,,,,,,1,4,1,4,Winter,0,-1.0,0.0,-0.09999999999999432,AWS_VOBL,268.91547791167454,8.0,-5.079999999999927,-4.599999999999994,100.0,0,0.02
2025-01-04 02:00:00,AWS_VOMM,Chennai / Chennai Intl,Chennai,Tamil Nadu,12.9944,80.1805,16.0,23.0,1011.85,83.2,NOAA/NWS ASOS via IEM Archive (provided source file),0,NORMAL,,,,,,2,4,1,4,Winter,0,0.0,0.0,0.0,AWS_VOBL,268.91547791167454,8.0,-4.069999999999936,-4.599999999999994,100.0,0,0.02
2025-01-04 02:30:00,AWS_VOMM,Chennai / Chennai Intl,Chennai,Tamil Nadu,12.9944,80.1805,16.0,23.0,1011.85,83.2,NOAA/NWS ASOS via IEM Archive (provided source file),0,NORMAL,,,,,,2,4,1,4,Winter,0,0.0,0.0,0.0,AWS_VOBL,268.91547791167454,9.0,-4.069999999999936,-4.5,100.0,0,0.02
2025-01-04 03:00:00,AWS_VOMM,Chennai / Chennai Intl,Chennai,Tamil Nadu,12.9944,80.1805,16.0,23.0,1010.84,83.2,NOAA/NWS ASOS via IEM Archive (provided source file),0,NORMAL,,,,,,3,4,1,4,Winter,0,0.0,-1.009999999999991,0.0,AWS_VOBL,268.91547791167454,9.0,-5.079999999999927,-4.5,100.0,0,0.02
2025-01-04 03:30:00,AWS_VOMM,Chennai / Chennai Intl,Chennai,Tamil Nadu,12.9944,80.1805,16.0,23.0,1010.84,83.2,NOAA/NWS ASOS via IEM Archive (provided source file),0,NORMAL,,,,,,3,4,1,4,Winter,0,0.0,0.0,0.0,AWS_VOBL,268.91547791167454,10.0,-5.079999999999927,-10.399999999999991,100.0,0,0.02
2025-01-04 04:00:00,AWS_VOMM,Chennai / Chennai Intl,Chennai,Tamil Nadu,12.9944,80.1805,16.0,23.0,1010.84,83.2,NOAA/NWS ASOS via IEM Archive (provided source file),0,NORMAL,,,,,,4,4,1,4,Winter,0,0.0,0.0,0.0,AWS_VOBL,268.91547791167454,10.0,-5.079999999999927,-10.399999999999991,100.0,0,0.02
2025-01-04 04:30:00,AWS_VOMM,Chennai / Chennai Intl,Chennai,Tamil Nadu,12.9944,80.1805,16.0,23.0,1010.84,83.2,NOAA/NWS ASOS via IEM Archive (provided source file),0,NORMAL,,,,,,4,4,1,4,Winter,0,0.0,0.0,0.0,AWS_VOBL,268.91547791167454,10.0,-5.079999999999927,-10.399999999999991,100.0,0,0.02
2025-01-04 05:00:00,AWS_VOMM,Chennai / Chennai Intl,Chennai,Tamil Nadu,12.9944,80.1805,16.0,23.0,1010.84,83.2,NOAA/NWS ASOS via IEM Archive (provided source file),0,NORMAL,,,,,,5,4,1,4,Winter,0,0.0,0.0,0.0,AWS_VOBL,268.91547791167454,10.0,-5.079999999999927,-16.799999999999997,100.0,0,0.02
2025-01-04 05:30:00,AWS_VOMM,Chennai / Chennai Intl,Chennai,Tamil Nadu,12.9944,80.1805,16.0,23.0,1011.85,83.2,NOAA/NWS ASOS via IEM Archive (provided source file),0,NORMAL,,,,,,5,4,1,4,Winter,0,0.0,1.009999999999991,0.0,AWS_VOBL,268.91547791167454,9.0,-4.069999999999936,-10.5,100.0,0,0.02
2025-01-04 06:00:00,AWS_VOMM,Chennai / Chennai Intl,Chennai,Tamil Nadu,12.9944,80.1805,16.0,23.0,1011.85,83.2,NOAA/NWS ASOS via IEM Archive (provided source file),0,NORMAL,,,,,,6,4,1,4,Winter,1,0.0,0.0,0.0,AWS_VOBL,268.91547791167454,9.0,-5.079999999999927,-10.5,100.0,0,0.02
2025-01-04 06:30:00,AWS_VOMM,Chennai / Chennai Intl,Chennai,Tamil Nadu,12.9944,80.1805,16.0,23.0,1012.87,83.2,NOAA/NWS ASOS via IEM Archive (provided source file),0,NORMAL,,,,,,6,4,1,4,Winter,1,0.0,1.0199999999999818,0.0,AWS_VOBL,268.91547791167454,10.0,-4.059999999999945,-16.799999999999997,100.0,0,0.02
2025-01-04 07:00:00,AWS_VOMM,Chennai / Chennai Intl,Chennai,Tamil Nadu,12.9944,80.1805,16.0,22.0,1012.87,88.4,NOAA/NWS ASOS via IEM Archive (provided source file),0,NORMAL,,,,,,7,4,1,4,Winter,1,-1.0,0.0,5.200000000000003,AWS_VOBL,268.91547791167454,9.0,-5.080000000000041,-5.199999999999989,100.0,0,0.02
2025-01-04 07:30:00,AWS_VOMM,Chennai / Chennai Intl,Chennai,Tamil Nadu,12.9944,80.1805,16.0,23.0,1012.87,83.2,NOAA/NWS ASOS via IEM Archive (provided source file),0,NORMAL,,,,,,7,4,1,4,Winter,1,1.0,0.0,-5.200000000000003,AWS_VOBL,268.91547791167454,10.0,-5.080000000000041,-10.399999999999991,100.0,0,0.02
2025-01-04 08:00:00,AWS_VOMM,Chennai / Chennai Intl,Chennai,Tamil Nadu,12.9944,80.1805,16.0,23.0,1013.88,88.5,NOAA/NWS ASOS via IEM Archive (provided source file),0,NORMAL,,,,,,8,4,1,4,Winter,1,0.0,1.009999999999991,5.299999999999997,AWS_VOBL,268.91547791167454,10.0,-4.07000000000005,-5.099999999999994,100.0,0,0.02
2025-01-04 08:30:00,AWS_VOMM,Chennai / Chennai Intl,Chennai,Tamil Nadu,12.9944,80.1805,16.0,24.0,1013.88,83.3,NOAA/NWS ASOS via IEM Archive (provided source file),0,NORMAL,,,,,,8,4,1,4,Winter,1,1.0,0.0,-5.200000000000003,AWS_VOBL,268.91547791167454,9.0,-5.080000000000041,1.0999999999999943,100.0,0,0.02
2025-01-04 09:00:00,AWS_VOMM,Chennai / Chennai Intl,Chennai,Tamil Nadu,12.9944,80.1805,16.0,25.0,1014.9,78.5,NOAA/NWS ASOS via IEM Archive (provided source file),0,NORMAL,,,,,,9,4,1,4,Winter,1,1.0,1.0199999999999818,-4.799999999999997,AWS_VOBL,268.91547791167454,10.0,-4.060000000000059,-3.700000000000003,100.0,0,0.02
2025-01-04 09:30:00,AWS_VOMM,Chennai / Chennai Intl,Chennai,Tamil Nadu,12.9944,80.1805,16.0,26.0,1014.9,78.6,NOAA/NWS ASOS via IEM Archive (provided source file),0,NORMAL,,,,,,9,4,1,4,Winter,1,1.0,0.0,0.09999999999999432,AWS_VOBL,268.91547791167454,10.0,-4.060000000000059,1.5,100.0,0,0.02
2025-01-04 10:00:00,AWS_VOMM,Chennai / Chennai Intl,Chennai,Tamil Nadu,12.9944,80.1805,16.0,27.0,1014.9,74.1,NOAA/NWS ASOS via IEM Archive (provided source file),0,NORMAL,,,,,,10,4,1,4,Winter,1,1.0,0.0,-4.5,AWS_VOBL,268.91547791167454,9.0,-4.060000000000059,6.099999999999994,100.0,0,0.02
2025-01-04 10:30:00,AWS_VOMM,Chennai / Chennai Intl,Chennai,Tamil Nadu,12.9944,80.1805,16.0,27.0,1014.9,74.1,NOAA/NWS ASOS via IEM Archive (provided source file),0,NORMAL,,,,,,10,4,1,4,Winter,1,0.0,0.0,0.0,AWS_VOBL,268.91547791167454,8.0,-4.060000000000059,10.299999999999997,100.0,0,0.02
2025-01-04 11:00:00,AWS_VOMM,Chennai / Chennai Intl,Chennai,Tamil Nadu,12.9944,80.1805,16.0,28.0,1013.88,69.9,NOAA/NWS ASOS via IEM Archive (provided source file),0,NORMAL,,,,,,11,4,1,4,Winter,1,1.0,-1.0199999999999818,-4.199999999999989,AWS_VOBL,268.91547791167454,8.0,-5.080000000000041,9.900000000000006,100.0,0,0.02
2025-01-04 11:30:00,AWS_VOMM,Chennai / Chennai Intl,Chennai,Tamil Nadu,12.9944,80.1805,16.0,28.0,1013.88,69.9,NOAA/NWS ASOS via IEM Archive (provided source file),0,NORMAL,,,,,,11,4,1,4,Winter,1,0.0,0.0,0.0,AWS_VOBL,268.91547791167454,6.0,-5.080000000000041,20.300000000000004,100.0,0,0.02
2025-01-04 12:00:00,AWS_VOMM,Chennai / Chennai Intl,Chennai,Tamil Nadu,12.9944,80.1805,16.0,28.0,1012.87,65.7,NOAA/NWS ASOS via IEM Archive (provided source file),0,NORMAL,,,,,,12,4,1,4,Winter,1,0.0,-1.009999999999991,-4.200000000000003,AWS_VOBL,268.91547791167454,5.0,-5.080000000000041,22.0,100.0,0,0.02
2025-01-04 12:30:00,AWS_VOMM,Chennai / Chennai Intl,Chennai,Tamil Nadu,12.9944,80.1805,16.0,29.0,1012.87,58.3,NOAA/NWS ASOS via IEM Archive (provided source file),0,NORMAL,,,,,,12,4,1,4,Winter,1,1.0,0.0,-7.400000000000006,AWS_VOBL,268.91547791167454,5.0,-4.059999999999945,17.199999999999996,100.0,0,0.02
2025-01-04 13:00:00,AWS_VOMM,Chennai / Chennai Intl,Chennai,Tamil Nadu,12.9944,80.1805,16.0,29.0,1011.85,62.0,NOAA/NWS ASOS via IEM Archive (provided source file),0,NORMAL,,,,,,13,4,1,4,Winter,1,0.0,-1.0199999999999818,3.700000000000003,AWS_VOBL,268.91547791167454,5.0,-5.079999999999927,20.9,100.0,0,0.02
2025-01-04 13:30:00,AWS_VOMM,Chennai / Chennai Intl,Chennai,Tamil Nadu,12.9944,80.1805,16.0,29.0,1011.85,58.3,NOAA/NWS ASOS via IEM Archive (provided source file),0,NORMAL,,,,,,13,4,1,4,Winter,1,0.0,0.0,-3.700000000000003,AWS_VOBL,268.91547791167454,4.0,-4.069999999999936,19.599999999999994,100.0,0,0.02
2025-01-04 14:00:00,AWS_VOMM,Chennai / Chennai Intl,Chennai,Tamil Nadu,12.9944,80.1805,16.0,29.0,1010.84,58.3,NOAA/NWS ASOS via IEM Archive (provided source file),0,NORMAL,,,,,,14,4,1,4,Winter,1,0.0,-1.009999999999991,0.0,AWS_VOBL,268.91547791167454,4.0,-4.059999999999945,22.099999999999994,100.0,0,0.02
2025-01-04 14:30:00,AWS_VOMM,Chennai / Chennai Intl,Chennai,Tamil Nadu,12.9944,80.1805,16.0,29.0,1010.84,62.0,NOAA/NWS ASOS via IEM Archive (provided source file),0,NORMAL,,,,,,14,4,1,4,Winter,1,0.0,0.0,3.700000000000003,AWS_VOBL,268.91547791167454,4.0,-4.059999999999945,20.6,100.0,0,0.02
2025-01-04 15:00:00,AWS_VOMM,Chennai / Chennai Intl,Chennai,Tamil Nadu,12.9944,80.1805,16.0,29.0,1010.84,58.3,NOAA/NWS ASOS via IEM Archive (provided source file),0,NORMAL,,,,,,15,4,1,4,Winter,1,0.0,0.0,-3.700000000000003,AWS_VOBL,268.91547791167454,3.0,-4.059999999999945,21.799999999999997,100.0,0,0.02
2025-01-04 15:30:00,AWS_VOMM,Chennai / Chennai Intl,Chennai,Tamil Nadu,12.9944,80.1805,16.0,28.0,1010.16,61.8,NOAA/NWS ASOS via IEM Archive (provided source file),0,NORMAL,,,,,,15,4,1,4,Winter,1,-1.0,-0.6800000000000637,3.5,AWS_VOBL,268.91547791167454,3.0,-3.7200000000000273,23.099999999999994,100.0,0,0.02
2025-01-04 16:00:00,AWS_VOMM,Chennai / Chennai Intl,Chennai,Tamil Nadu,12.9944,80.1805,16.0,28.0,1010.16,61.8,NOAA/NWS ASOS via IEM Archive (provided source file),0,NORMAL,,,,,,16,4,1,4,Winter,1,0.0,0.0,0.0,AWS_VOBL,268.91547791167454,3.0,-3.7200000000000273,20.4,100.0,0,0.02
2025-01-04 16:30:00,AWS_VOMM,Chennai / Chennai Intl,Chennai,Tamil Nadu,12.9944,80.1805,16.0,28.0,1010.16,61.8,NOAA/NWS ASOS via IEM Archive (provided source file),0,NORMAL,,,,,,16,4,1,4,Winter,1,0.0,0.0,0.0,AWS_VOBL,268.91547791167454,3.0,-3.7200000000000273,23.099999999999994,100.0,0,0.02
2025-01-04 17:00:00,AWS_VOMM,Chennai / Chennai Intl,Chennai,Tamil Nadu,12.9944,80.1805,16.0,27.0,1010.16,65.5,NOAA/NWS ASOS via IEM Archive (provided source file),0,NORMAL,,,,,,17,4,1,4,Winter,1,-1.0,0.0,3.700000000000003,AWS_VOBL,268.91547791167454,2.0,-3.7200000000000273,26.799999999999997,100.0,0,0.02
2025-01-04 17:30:00,AWS_VOMM,Chennai / Chennai Intl,Chennai,Tamil Nadu,12.9944,80.1805,16.0,27.0,1010.16,65.5,NOAA/NWS ASOS via IEM Archive (provided source file),0,NORMAL,,,,,,17,4,1,4,Winter,1,0.0,0.0,0.0,AWS_VOBL,268.91547791167454,3.0,-4.740000000000009,24.4,100.0,0,0.02
2025-01-04 18:00:00,AWS_VOMM,Chennai / Chennai Intl,Chennai,Tamil Nadu,12.9944,80.1805,16.0,26.0,1010.84,69.5,NOAA/NWS ASOS via IEM Archive (provided source file),0,NORMAL,,,,,,18,4,1,4,Winter,0,-1.0,0.6800000000000637,4.0,AWS_VOBL,268.91547791167454,3.0,-4.059999999999945,22.799999999999997,100.0,0,0.02
2025-01-04 18:30:00,AWS_VOMM,Chennai / Chennai Intl,Chennai,Tamil Nadu,12.9944,80.1805,16.0,26.0,1010.84,74.0,NOAA/NWS ASOS via IEM Archive (provided source file),0,NORMAL,,,,,,18,4,1,4,Winter,0,0.0,0.0,4.5,AWS_VOBL,268.91547791167454,4.0,-5.079999999999927,21.0,100.0,0,0.02
2025-01-04 19:00:00,AWS_VOMM,Chennai / Chennai Intl,Chennai,Tamil Nadu,12.9944,80.1805,16.0,26.0,1011.85,74.0,NOAA/NWS ASOS via IEM Archive (provided source file),0,NORMAL,,,,,,19,4,1,4,Winter,0,0.0,1.009999999999991,0.0,AWS_VOBL,268.91547791167454,4.0,-4.069999999999936,21.0,100.0,0,0.02
2025-01-04 19:30:00,AWS_VOMM,Chennai / Chennai Intl,Chennai,Tamil Nadu,12.9944,80.1805,16.0,26.0,1011.85,78.6,NOAA/NWS ASOS via IEM Archive (provided source file),0,NORMAL,,,,,,19,4,1,4,Winter,0,0.0,0.0,4.599999999999994,AWS_VOBL,268.91547791167454,5.0,-5.079999999999927,22.199999999999996,100.0,0,0.02
2025-01-04 20:00:00,AWS_VOMM,Chennai / Chennai Intl,Chennai,Tamil Nadu,12.9944,80.1805,16.0,25.0,1012.87,78.5,NOAA/NWS ASOS via IEM Archive (provided source file),0,NORMAL,,,,,,20,4,1,4,Winter,0,-1.0,1.0199999999999818,-0.09999999999999432,AWS_VOBL,268.91547791167454,4.0,-4.059999999999945,18.299999999999997,100.0,0,0.02
2025-01-04 20:30:00,AWS_VOMM,Chennai / Chennai Intl,Chennai,Tamil Nadu,12.9944,80.1805,16.0,25.0,1012.87,83.4,NOAA/NWS ASOS via IEM Archive (provided source file),0,NORMAL,,,,,,20,4,1,4,Winter,0,0.0,0.0,4.900000000000006,AWS_VOBL,268.91547791167454,5.0,-4.059999999999945,15.0,100.0,0,0.02
2025-01-04 21:00:00,AWS_VOMM,Chennai / Chennai Intl,Chennai,Tamil Nadu,12.9944,80.1805,16.0,25.0,1012.87,78.5,NOAA/NWS ASOS via IEM Archive (provided source file),0,NORMAL,,,,,,21,4,1,4,Winter,0,0.0,0.0,-4.900000000000006,AWS_VOBL,268.91547791167454,5.0,-5.080000000000041,10.099999999999994,100.0,0,0.02
2025-01-04 21:30:00,AWS_VOMM,Chennai / Chennai Intl,Chennai,Tamil Nadu,12.9944,80.1805,16.0,25.0,1013.88,78.5,NOAA/NWS ASOS via IEM Archive (provided source file),0,NORMAL,,,,,,21,4,1,4,Winter,0,0.0,1.009999999999991,0.0,AWS_VOBL,268.91547791167454,6.0,-4.07000000000005,5.799999999999997,100.0,0,0.02
2025-01-04 22:00:00,AWS_VOMM,Chennai / Chennai Intl,Chennai,Tamil Nadu,12.9944,80.1805,16.0,24.0,1013.88,83.3,NOAA/NWS ASOS via IEM Archive (provided source file),0,NORMAL,,,,,,22,4,1,4,Winter,0,-1.0,0.0,4.799999999999997,AWS_VOBL,268.91547791167454,5.0,-4.07000000000005,10.599999999999994,100.0,0,0.02
2025-01-04 22:30:00,AWS_VOMM,Chennai / Chennai Intl,Chennai,Tamil Nadu,12.9944,80.1805,16.0,24.0,1013.88,83.3,NOAA/NWS ASOS via IEM Archive (provided source file),0,NORMAL,,,,,,22,4,1,4,Winter,0,0.0,0.0,0.0,AWS_VOBL,268.91547791167454,6.0,-4.07000000000005,5.8999999999999915,100.0,0,0.02
2025-01-04 23:00:00,AWS_VOMM,Chennai / Chennai Intl,Chennai,Tamil Nadu,12.9944,80.1805,16.0,24.0,1012.87,83.3,NOAA/NWS ASOS via IEM Archive (provided source file),0,NORMAL,,,,,,23,4,1,4,Winter,0,0.0,-1.009999999999991,0.0,AWS_VOBL,268.91547791167454,6.0,-5.080000000000041,5.8999999999999915,100.0,0,0.02
2025-01-04 23:30:00,AWS_VOMM,Chennai / Chennai Intl,Chennai,Tamil Nadu,12.9944,80.1805,16.0,24.0,1012.87,83.3,NOAA/NWS ASOS via IEM Archive (provided source file),0,NORMAL,,,,,,23,4,1,4,Winter,0,0.0,0.0,0.0,AWS_VOBL,268.91547791167454,7.0,-5.080000000000041,0.7999999999999972,100.0,0,0.02
2025-01-05 00:00:00,AWS_VOMM,Chennai / Chennai Intl,Chennai,Tamil Nadu,12.9944,80.1805,16.0,24.0,1012.87,83.3,NOAA/NWS ASOS via IEM Archive (provided source file),0,NORMAL,,,,,,0,5,1,5,Winter,0,0.0,0.0,0.0,AWS_VOBL,268.91547791167454,7.0,-5.080000000000041,0.7999999999999972,100.0,0,0.02
2025-01-05 00:30:00,AWS_VOMM,Chennai / Chennai Intl,Chennai,Tamil Nadu,12.9944,80.1805,16.0,24.0,1012.87,83.3,NOAA/NWS ASOS via IEM Archive (provided source file),0,NORMAL,,,,,,0,5,1,5,Winter,0,0.0,0.0,0.0,AWS_VOBL,268.91547791167454,7.0,-5.080000000000041,0.7999999999999972,100.0,0,0.02
2025-01-05 01:00:00,AWS_VOMM,Chennai / Chennai Intl,Chennai,Tamil Nadu,12.9944,80.1805,16.0,24.0,1011.85,83.3,NOAA/NWS ASOS via IEM Archive (provided source file),0,NORMAL,,,,,,1,5,1,5,Winter,0,0.0,-1.0199999999999818,0.0,AWS_VOBL,268.91547791167454,8.0,-5.079999999999927,-4.6000000000000085,100.0,0,0.02
2025-01-05 01:30:00,AWS_VOMM,Chennai / Chennai Intl,Chennai,Tamil Nadu,12.9944,80.1805,16.0,24.0,1011.85,83.3,NOAA/NWS ASOS via IEM Archive (provided source file),0,NORMAL,,,,,,1,5,1,5,Winter,0,0.0,0.0,0.0,AWS_VOBL,268.91547791167454,8.0,-5.079999999999927,-4.6000000000000085,100.0,0,0.02
2025-01-05 02:00:00,AWS_VOMM,Chennai / Chennai Intl,Chennai,Tamil Nadu,12.9944,80.1805,16.0,24.0,1011.85,83.3,NOAA/NWS ASOS via IEM Archive (provided source file),0,NORMAL,,,,,,2,5,1,5,Winter,0,0.0,0.0,0.0,AWS_VOBL,268.91547791167454,9.0,-5.079999999999927,-10.400000000000006,100.0,0,0.02
2025-01-05 02:30:00,AWS_VOMM,Chennai / Chennai Intl,Chennai,Tamil Nadu,12.9944,80.1805,16.0,24.0,1011.85,83.3,NOAA/NWS ASOS via IEM Archive (provided source file),0,NORMAL,,,,,,2,5,1,5,Winter,0,0.0,0.0,0.0,AWS_VOBL,268.91547791167454,9.0,-4.069999999999936,-4.5,100.0,0,0.02
2025-01-05 03:00:00,AWS_VOMM,Chennai / Chennai Intl,Chennai,Tamil Nadu,12.9944,80.1805,16.0,24.0,1011.85,88.6,NOAA/NWS ASOS via IEM Archive (provided source file),0,NORMAL,,,,,,3,5,1,5,Winter,0,0.0,0.0,5.299999999999997,AWS_VOBL,268.91547791167454,10.0,-4.069999999999936,-5.1000000000000085,100.0,0,0.02
2025-01-05 03:30:00,AWS_VOMM,Chennai / Chennai Intl,Chennai,Tamil Nadu,12.9944,80.1805,16.0,24.0,1011.85,83.3,NOAA/NWS ASOS via IEM Archive (provided source file),0,NORMAL,,,,,,3,5,1,5,Winter,0,0.0,0.0,-5.299999999999997,AWS_VOBL,268.91547791167454,10.0,-4.069999999999936,-10.400000000000006,100.0,0,0.02
2025-01-05 04:00:00,AWS_VOMM,Chennai / Chennai Intl,Chennai,Tamil Nadu,12.9944,80.1805,16.0,24.0,1011.85,83.3,NOAA/NWS ASOS via IEM Archive (provided source file),0,NORMAL,,,,,,4,5,1,5,Winter,0,0.0,0.0,0.0,AWS_VOBL,268.91547791167454,10.0,-4.069999999999936,-10.400000000000006,100.0,0,0.02
2025-01-05 04:30:00,AWS_VOMM,Chennai / Chennai Intl,Chennai,Tamil Nadu,12.9944,80.1805,16.0,24.0,1011.85,83.3,NOAA/NWS ASOS via IEM Archive (provided source file),0,NORMAL,,,,,,4,5,1,5,Winter,0,0.0,0.0,0.0,AWS_VOBL,268.91547791167454,10.0,-4.069999999999936,-10.400000000000006,100.0,0,0.02
